[2026-03-22T18:01:40.291Z] runBot function started.
[2026-03-22T18:01:41.331Z] Connected to Deriv WebSocket API
[2026-03-22T18:02:34.580Z] runBot function started.
[2026-03-22T18:02:35.756Z] Connected to Deriv WebSocket API
[2026-03-22T18:03:22.408Z] runBot function started.
[2026-03-22T18:03:23.477Z] Connected to Deriv WebSocket API
[2026-03-22T18:04:14.607Z] runBot function started.
[2026-03-22T18:04:15.766Z] Connected to Deriv WebSocket API
[2026-03-22T18:04:51.624Z] runBot function started.
[2026-03-22T18:04:53.142Z] Connected to Deriv WebSocket API
[2026-03-22T18:05:36.647Z] runBot function started.
[2026-03-22T18:05:37.701Z] Connected to Deriv WebSocket API
[2026-03-22T18:06:10.730Z] runBot function started.
[2026-03-22T18:06:11.791Z] Connected to Deriv WebSocket API
[2026-03-22T18:06:58.278Z] runBot function started.
[2026-03-22T18:06:59.617Z] Connected to Deriv WebSocket API
[2026-03-22T18:07:34.722Z] runBot function started.
[2026-03-22T18:07:35.883Z] Connected to Deriv WebSocket API
[2026-03-22T18:08:05.863Z] runBot function started.
[2026-03-22T18:08:06.953Z] Connected to Deriv WebSocket API
[2026-03-22T18:11:43.458Z] runBot function started.
[2026-03-22T18:11:44.674Z] Connected to Deriv WebSocket API
[2026-03-22T18:11:45.163Z] Deriv API Authorized: VRTC6531638
[2026-03-22T18:11:45.168Z] Connected to Deriv API successfully.
[2026-03-22T18:11:46.561Z] Fetched Bitget contract configurations.
[2026-03-22T18:11:46.570Z] Deriv API: Placeholder for getContractConfig for undefined
[2026-03-22T18:11:46.581Z] Fetched Deriv contract configurations.
[2026-03-22T18:11:46.608Z] Skipping news sentiment fetch. Next fetch in approximately 3 minutes.
[2026-03-22T18:11:46.719Z] Entering symbol loop.
[2026-03-22T18:11:47.141Z] Fetched Bitget balances successfully.
[2026-03-22T18:11:47.440Z] Fetched Deriv balances successfully.
[2026-03-22T18:11:47.443Z] Initial balance set to: 27.11 USDT
[2026-03-22T18:11:47.445Z] Current Balance: 27.11 USDT, Initial Balance: 27.11 USDT, Peak Balance: 27.11 USDT
[2026-03-22T18:11:47.447Z] Daily Loss Percent: 0.00%, Total Drawdown Percent: 0.00%
[2026-03-22T18:11:47.451Z] Processing symbol: BTCUSDT
[2026-03-22T18:11:47.452Z] Fetching 1m candles for BTCUSDT
[2026-03-22T18:11:47.456Z] Processing symbol: ETHUSDT
[2026-03-22T18:11:47.458Z] Fetching 1m candles for ETHUSDT
[2026-03-22T18:11:47.462Z] Processing symbol: XRPUSDT
[2026-03-22T18:11:47.465Z] Fetching 1m candles for XRPUSDT
[2026-03-22T18:11:47.468Z] Processing symbol: ADAUSDT
[2026-03-22T18:11:47.475Z] Fetching 1m candles for ADAUSDT
[2026-03-22T18:11:47.480Z] Processing symbol: SOLUSDT
[2026-03-22T18:11:47.486Z] Fetching 1m candles for SOLUSDT
[2026-03-22T18:11:47.488Z] Processing symbol: DOGEUSDT
[2026-03-22T18:11:47.490Z] Fetching 1m candles for DOGEUSDT
[2026-03-22T18:11:47.494Z] Processing symbol: DOTUSDT
[2026-03-22T18:11:47.498Z] Fetching 1m candles for DOTUSDT
[2026-03-22T18:11:47.500Z] Processing symbol: LTCUSDT
[2026-03-22T18:11:47.502Z] Fetching 1m candles for LTCUSDT
[2026-03-22T18:11:47.503Z] Processing symbol: BCHUSDT
[2026-03-22T18:11:47.505Z] Fetching 1m candles for BCHUSDT
[2026-03-22T18:11:47.508Z] Processing symbol: LINKUSDT
[2026-03-22T18:11:47.510Z] Fetching 1m candles for LINKUSDT
[2026-03-22T18:11:47.512Z] Processing symbol: TRXUSDT
[2026-03-22T18:11:47.516Z] Fetching 1m candles for TRXUSDT
[2026-03-22T18:11:47.519Z] Processing symbol: UNIUSDT
[2026-03-22T18:11:47.521Z] Fetching 1m candles for UNIUSDT
[2026-03-22T18:11:47.522Z] Processing symbol: AVAXUSDT
[2026-03-22T18:11:47.526Z] Fetching 1m candles for AVAXUSDT
[2026-03-22T18:11:47.528Z] Processing symbol: ETCUSDT
[2026-03-22T18:11:47.533Z] Fetching 1m candles for ETCUSDT
[2026-03-22T18:11:47.536Z] Processing symbol: XLMUSDT
[2026-03-22T18:11:47.537Z] Fetching 1m candles for XLMUSDT
[2026-03-22T18:11:47.539Z] Processing symbol: FILUSDT
[2026-03-22T18:11:47.542Z] Fetching 1m candles for FILUSDT
[2026-03-22T18:11:47.547Z] Processing symbol: ICPUSDT
[2026-03-22T18:11:47.550Z] Fetching 1m candles for ICPUSDT
[2026-03-22T18:11:47.551Z] Processing symbol: VETUSDT
[2026-03-22T18:11:47.552Z] Fetching 1m candles for VETUSDT
[2026-03-22T18:11:47.554Z] Processing symbol: BNBUSDT
[2026-03-22T18:11:47.658Z] Fetching 1m candles for BNBUSDT
[2026-03-22T18:11:47.773Z] Processing symbol: OPUSDT
[2026-03-22T18:11:47.836Z] Fetching 1m candles for OPUSDT
[2026-03-22T18:11:48.322Z] Fetched 1m candles for BTCUSDT. Sample: [["1774197120000","68661","68699.4","68660.9","68699.4","11.4266","784903.37534"],["1774197180000","68699.4","68730","68699.3","68719.1","4.8751","335002.75597"]]
[2026-03-22T18:11:48.326Z] Fetching 15m candles for BTCUSDT
[2026-03-22T18:11:48.872Z] Fetched 1m candles for LTCUSDT. Sample: [["1774197120000","54.08","54.11","54.08","54.11","1.4","75.747"],["1774197180000","54.11","54.11","54.1","54.1","1.4","75.74"]]
[2026-03-22T18:11:48.876Z] Fetching 15m candles for LTCUSDT
[2026-03-22T18:11:48.883Z] Fetched 1m candles for ETHUSDT. Sample: [["1774197120000","2078.68","2080.21","2078.68","2079.99","261.49","543821.9586"],["1774197180000","2079.99","2081.08","2079.98","2080.58","185.27","385417.7909"]]
[2026-03-22T18:11:48.893Z] Fetching 15m candles for ETHUSDT
[2026-03-22T18:11:48.910Z] Fetched 1m candles for XRPUSDT. Sample: [["1774197120000","1.3916","1.3925","1.3916","1.3924","25636","35693.0325"],["1774197180000","1.3924","1.3935","1.3924","1.3933","147741","205782.394"]]
[2026-03-22T18:11:48.921Z] Fetching 15m candles for XRPUSDT
[2026-03-22T18:11:48.925Z] Fetched 1m candles for BCHUSDT. Sample: [["1774197120000","468.2","468.47","468.2","468.44","1.5","702.6353"],["1774197180000","468.44","468.44","468.44","468.44","0","0"]]
[2026-03-22T18:11:48.928Z] Fetching 15m candles for BCHUSDT
[2026-03-22T18:11:48.976Z] Fetched 1m candles for VETUSDT. Sample: [["1774197120000","0.006948","0.006948","0.006945","0.006947","16689","115.916231"],["1774197180000","0.006947","0.006947","0.006947","0.006947","0","0"]]
[2026-03-22T18:11:48.990Z] Fetching 15m candles for VETUSDT
[2026-03-22T18:11:48.995Z] Fetched 1m candles for ETCUSDT. Sample: [["1774197120000","8.113","8.122","8.113","8.122","55","446.615"],["1774197180000","8.122","8.122","8.122","8.122","0","0"]]
[2026-03-22T18:11:49.005Z] Fetching 15m candles for ETCUSDT
[2026-03-22T18:11:49.010Z] Fetched 1m candles for OPUSDT. Sample: [["1774197120000","0.1159","0.1159","0.1159","0.1159","0","0"],["1774197180000","0.1159","0.1161","0.1159","0.1161","3746.1","434.74349"]]
[2026-03-22T18:11:49.013Z] Fetching 15m candles for OPUSDT
[2026-03-22T18:11:49.023Z] Fetched 1m candles for TRXUSDT. Sample: [["1774197120000","0.31605","0.31612","0.31604","0.31612","5000","1580.55075"],["1774197180000","0.31612","0.31612","0.31601","0.3161","1447","457.30217"]]
[2026-03-22T18:11:49.028Z] Fetching 15m candles for TRXUSDT
[2026-03-22T18:11:49.043Z] Fetched 1m candles for LINKUSDT. Sample: [["1774197120000","8.78","8.789","8.78","8.789","578","5078.219"],["1774197180000","8.789","8.789","8.789","8.789","221","1942.369"]]
[2026-03-22T18:11:49.084Z] Fetching 15m candles for LINKUSDT
[2026-03-22T18:11:49.105Z] Fetched 1m candles for BNBUSDT. Sample: [["1774197120000","629.31","629.61","629.31","629.61","152.55","96039.86"],["1774197180000","629.61","629.93","629.61","629.93","19.52","12295.9742"]]
[2026-03-22T18:11:49.122Z] Fetching 15m candles for BNBUSDT
[2026-03-22T18:11:49.139Z] Fetched 1m candles for ADAUSDT. Sample: [["1774197120000","0.255","0.2551","0.255","0.2551","1227","312.9602"],["1774197180000","0.2551","0.2552","0.2551","0.2552","20811","5310.9672"]]
[2026-03-22T18:11:49.153Z] Fetching 15m candles for ADAUSDT
[2026-03-22T18:11:49.162Z] Fetched 1m candles for DOGEUSDT. Sample: [["1774197120000","0.09137","0.09142","0.09137","0.09141","50704","4634.74744"],["1774197180000","0.09141","0.09141","0.09139","0.09141","169","15.44629"]]
[2026-03-22T18:11:49.191Z] Fetching 15m candles for DOGEUSDT
[2026-03-22T18:11:49.257Z] Fetching 4H candles for BTCUSDT
[2026-03-22T18:11:49.271Z] Fetched 1m candles for FILUSDT. Sample: [["1774197120000","0.8758","0.8764","0.8758","0.8764","1745.5","1529.46275"],["1774197180000","0.8764","0.8766","0.8764","0.8765","222","194.60077"]]
[2026-03-22T18:11:49.274Z] Fetching 15m candles for FILUSDT
[2026-03-22T18:11:49.286Z] Fetched 1m candles for UNIUSDT. Sample: [["1774197120000","3.483","3.485","3.483","3.485","123","428.646"],["1774197180000","3.485","3.485","3.485","3.485","0","0"]]
[2026-03-22T18:11:49.291Z] Fetching 15m candles for UNIUSDT
[2026-03-22T18:11:49.302Z] Fetched 1m candles for DOTUSDT. Sample: [["1774197120000","1.434","1.434","1.434","1.434","0","0"],["1774197180000","1.434","1.434","1.434","1.434","35","50.19"]]
[2026-03-22T18:11:49.310Z] Fetching 15m candles for DOTUSDT
[2026-03-22T18:11:49.327Z] Fetched 1m candles for XLMUSDT. Sample: [["1774197120000","0.15885","0.15893","0.15885","0.15893","1071","170.20195"],["1774197180000","0.15893","0.15896","0.15893","0.15895","4450","707.33286"]]
[2026-03-22T18:11:49.345Z] Fetching 15m candles for XLMUSDT
[2026-03-22T18:11:49.356Z] Fetched 1m candles for SOLUSDT. Sample: [["1774197120000","87.291","87.359","87.291","87.339","481.1","42019.2938"],["1774197180000","87.339","87.369","87.324","87.349","5532.6","483246.4232"]]
[2026-03-22T18:11:49.375Z] Fetching 15m candles for SOLUSDT
[2026-03-22T18:11:49.392Z] Fetched 1m candles for AVAXUSDT. Sample: [["1774197120000","9.077","9.088","9.077","9.088","46","417.997"],["1774197180000","9.088","9.089","9.088","9.089","25.1","228.1339"]]
[2026-03-22T18:11:49.402Z] Fetching 15m candles for AVAXUSDT
[2026-03-22T18:11:49.408Z] Fetched 1m candles for ICPUSDT. Sample: [["1774197120000","2.385","2.389","2.385","2.389","407.42","972.58754"],["1774197180000","2.389","2.39","2.387","2.389","559.94","1337.86835"]]
[2026-03-22T18:11:49.420Z] Fetching 15m candles for ICPUSDT
[2026-03-22T18:11:49.659Z] Fetching 4H candles for ETCUSDT
[2026-03-22T18:11:49.663Z] Fetching 4H candles for BCHUSDT
[2026-03-22T18:11:49.766Z] Fetching 4H candles for VETUSDT
[2026-03-22T18:11:49.770Z] Fetching 4H candles for OPUSDT
[2026-03-22T18:11:49.777Z] Fetching 4H candles for LTCUSDT
[2026-03-22T18:11:49.787Z] Fetching 4H candles for TRXUSDT
[2026-03-22T18:11:49.792Z] Fetching 4H candles for ETHUSDT
[2026-03-22T18:11:49.800Z] Fetching 4H candles for LINKUSDT
[2026-03-22T18:11:49.816Z] Fetching 4H candles for XRPUSDT
[2026-03-22T18:11:49.858Z] Fetching 4H candles for ADAUSDT
[2026-03-22T18:11:49.882Z] Fetching 4H candles for DOGEUSDT
[2026-03-22T18:11:49.913Z] Mapping candle data...
[2026-03-22T18:11:49.921Z] Long-term ATR (4H): 461.02424242424223
[2026-03-22T18:11:49.924Z] Calling analyze function...
[2026-03-22T18:11:49.940Z] Analyze function returned: Signal=HOLD, RSI=55.44, EMA=68652.87763777834, ATR=25.635275281235245, Price=68679.9
[2026-03-22T18:11:49.952Z] Trend Direction: 15m=DOWN, 4h=DOWN
[2026-03-22T18:11:49.957Z] Starting multi-timeframe confirmation...
[2026-03-22T18:11:49.969Z] Adjusted position size with sentiment: 21.68722490
[2026-03-22T18:11:49.973Z] Type of dailyLossCheck: function
[2026-03-22T18:11:49.976Z] USDT available: 27.10903112
[2026-03-22T18:11:49.984Z] Calculated position size (USDT): 21.68722490
[2026-03-22T18:11:49.988Z] Last price: 68679.9
[2026-03-22T18:11:49.991Z] Calculated quantity: 0.00031577
[2026-03-22T18:11:49.996Z] No trade executed for BTCUSDT due to signal: HOLD
[2026-03-22T18:11:50.030Z] Fetching 4H candles for FILUSDT
[2026-03-22T18:11:50.036Z] Fetching 4H candles for UNIUSDT
[2026-03-22T18:11:50.050Z] Fetching 4H candles for BNBUSDT
[2026-03-22T18:11:50.069Z] Fetching 4H candles for DOTUSDT
[2026-03-22T18:11:50.074Z] Fetching 4H candles for XLMUSDT
[2026-03-22T18:11:50.084Z] Fetching 4H candles for SOLUSDT
[2026-03-22T18:11:50.119Z] Fetching 4H candles for AVAXUSDT
[2026-03-22T18:11:50.135Z] Fetching 4H candles for ICPUSDT
[2026-03-22T18:11:50.270Z] Mapping candle data...
[2026-03-22T18:11:50.272Z] Long-term ATR (4H): 0.07017171717171711
[2026-03-22T18:11:50.275Z] Calling analyze function...
[2026-03-22T18:11:50.285Z] Analyze function returned: Signal=HOLD, RSI=60.75, EMA=8.09950302506377, ATR=0.002328872035035767, Price=8.106
[2026-03-22T18:11:50.304Z] Trend Direction: 15m=DOWN, 4h=DOWN
[2026-03-22T18:11:50.317Z] Starting multi-timeframe confirmation...
[2026-03-22T18:11:50.331Z] Adjusted position size with sentiment: 21.68722490
[2026-03-22T18:11:50.341Z] Type of dailyLossCheck: function
[2026-03-22T18:11:50.411Z] USDT available: 27.10903112
[2026-03-22T18:11:50.429Z] Calculated position size (USDT): 21.68722490
[2026-03-22T18:11:50.435Z] Last price: 8.106
[2026-03-22T18:11:50.482Z] Calculated quantity: 2.67545336
[2026-03-22T18:11:50.486Z] No trade executed for ETCUSDT due to signal: HOLD
[2026-03-22T18:11:50.522Z] Mapping candle data...
[2026-03-22T18:11:50.528Z] Long-term ATR (4H): 2.745151515151515
[2026-03-22T18:11:50.533Z] Calling analyze function...
[2026-03-22T18:11:50.537Z] Analyze function returned: Signal=HOLD, RSI=58.7, EMA=467.149906519423, ATR=0.17623354808798847, Price=467.42
[2026-03-22T18:11:50.542Z] Trend Direction: 15m=UP, 4h=UP
[2026-03-22T18:11:50.546Z] Starting multi-timeframe confirmation...
[2026-03-22T18:11:50.548Z] Adjusted position size with sentiment: 21.68722490
[2026-03-22T18:11:50.551Z] Type of dailyLossCheck: function
[2026-03-22T18:11:50.554Z] USDT available: 27.10903112
[2026-03-22T18:11:50.559Z] Calculated position size (USDT): 21.68722490
[2026-03-22T18:11:50.562Z] Last price: 467.42
[2026-03-22T18:11:50.564Z] Calculated quantity: 0.04639773
[2026-03-22T18:11:50.566Z] No trade executed for BCHUSDT due to signal: HOLD
[2026-03-22T18:11:50.572Z] Mapping candle data...
[2026-03-22T18:11:50.581Z] Long-term ATR (4H): 0.00006112121212121212
[2026-03-22T18:11:50.594Z] Calling analyze function...
[2026-03-22T18:11:50.602Z] Analyze function returned: Signal=HOLD, RSI=47.59, EMA=0.006923720934641609, ATR=0.0000014597997877862329, Price=0.006924
[2026-03-22T18:11:50.605Z] Trend Direction: 15m=DOWN, 4h=DOWN
[2026-03-22T18:11:50.619Z] Starting multi-timeframe confirmation...
[2026-03-22T18:11:50.710Z] Adjusted position size with sentiment: 21.68722490
[2026-03-22T18:11:50.718Z] Type of dailyLossCheck: function
[2026-03-22T18:11:50.721Z] USDT available: 27.10903112
[2026-03-22T18:11:50.732Z] Calculated position size (USDT): 21.68722490
[2026-03-22T18:11:50.743Z] Last price: 0.006924
[2026-03-22T18:11:50.746Z] Calculated quantity: 3132.18152744
[2026-03-22T18:11:50.760Z] No trade executed for VETUSDT due to signal: HOLD
[2026-03-22T18:11:50.783Z] Mapping candle data...
[2026-03-22T18:11:50.796Z] Long-term ATR (4H): 0.0011486868686868663
[2026-03-22T18:11:50.801Z] Calling analyze function...
[2026-03-22T18:11:50.813Z] Analyze function returned: Signal=HOLD, RSI=61.97, EMA=0.3177765610506125, ATR=0.00015404582828726498, Price=0.3181
[2026-03-22T18:11:50.817Z] Trend Direction: 15m=UP, 4h=UP
[2026-03-22T18:11:50.820Z] Starting multi-timeframe confirmation...
[2026-03-22T18:11:50.830Z] Adjusted position size with sentiment: 21.68722490
[2026-03-22T18:11:50.835Z] Type of dailyLossCheck: function
[2026-03-22T18:11:50.842Z] USDT available: 27.10903112
[2026-03-22T18:11:50.866Z] Calculated position size (USDT): 21.68722490
[2026-03-22T18:11:50.894Z] Last price: 0.3181
[2026-03-22T18:11:50.896Z] Calculated quantity: 68.17738100
[2026-03-22T18:11:50.899Z] No trade executed for TRXUSDT due to signal: HOLD
[2026-03-22T18:11:50.903Z] Mapping candle data...
[2026-03-22T18:11:50.912Z] Long-term ATR (4H): 0.07330303030303036
[2026-03-22T18:11:50.917Z] Calling analyze function...
[2026-03-22T18:11:50.928Z] Analyze function returned: Signal=HOLD, RSI=58.34, EMA=8.766193829805276, ATR=0.004099633877016996, Price=8.773
[2026-03-22T18:11:50.930Z] Trend Direction: 15m=DOWN, 4h=DOWN
[2026-03-22T18:11:50.932Z] Starting multi-timeframe confirmation...
[2026-03-22T18:11:50.933Z] Adjusted position size with sentiment: 21.68722490
[2026-03-22T18:11:50.936Z] Type of dailyLossCheck: function
[2026-03-22T18:11:50.944Z] USDT available: 27.10903112
[2026-03-22T18:11:50.948Z] Calculated position size (USDT): 21.68722490
[2026-03-22T18:11:50.952Z] Last price: 8.773
[2026-03-22T18:11:50.958Z] Calculated quantity: 2.47204205
[2026-03-22T18:11:50.961Z] No trade executed for LINKUSDT due to signal: HOLD
[2026-03-22T18:11:50.965Z] Mapping candle data...
[2026-03-22T18:11:50.966Z] Long-term ATR (4H): 0.35040404040404016
[2026-03-22T18:11:50.968Z] Calling analyze function...
[2026-03-22T18:11:50.974Z] Analyze function returned: Signal=HOLD, RSI=59.77, EMA=54.06631874525848, ATR=0.014856413227856802, Price=54.1
[2026-03-22T18:11:50.982Z] Trend Direction: 15m=DOWN, 4h=DOWN
[2026-03-22T18:11:50.985Z] Starting multi-timeframe confirmation...
[2026-03-22T18:11:50.994Z] Adjusted position size with sentiment: 21.68722490
[2026-03-22T18:11:50.997Z] Type of dailyLossCheck: function
[2026-03-22T18:11:51.000Z] USDT available: 27.10903112
[2026-03-22T18:11:51.002Z] Calculated position size (USDT): 21.68722490
[2026-03-22T18:11:51.012Z] Last price: 54.1
[2026-03-22T18:11:51.015Z] Calculated quantity: 0.40087292
[2026-03-22T18:11:51.016Z] No trade executed for LTCUSDT due to signal: HOLD
[2026-03-22T18:11:51.019Z] Mapping candle data...
[2026-03-22T18:11:51.024Z] Long-term ATR (4H): 0.010828282828282826
[2026-03-22T18:11:51.029Z] Calling analyze function...
[2026-03-22T18:11:51.033Z] Analyze function returned: Signal=HOLD, RSI=38.64, EMA=1.3904370415802216, ATR=0.0007256523029623875, Price=1.3895
[2026-03-22T18:11:51.035Z] Trend Direction: 15m=DOWN, 4h=DOWN
[2026-03-22T18:11:51.044Z] Starting multi-timeframe confirmation...
[2026-03-22T18:11:51.045Z] Adjusted position size with sentiment: 21.68722490
[2026-03-22T18:11:51.047Z] Type of dailyLossCheck: function
[2026-03-22T18:11:51.049Z] USDT available: 27.10903112
[2026-03-22T18:11:51.051Z] Calculated position size (USDT): 21.68722490
[2026-03-22T18:11:51.052Z] Last price: 1.3895
[2026-03-22T18:11:51.058Z] Calculated quantity: 15.60793443
[2026-03-22T18:11:51.061Z] No trade executed for XRPUSDT due to signal: HOLD
[2026-03-22T18:11:51.065Z] Mapping candle data...
[2026-03-22T18:11:51.066Z] Long-term ATR (4H): 0.0012747474747474739
[2026-03-22T18:11:51.068Z] Calling analyze function...
[2026-03-22T18:11:51.074Z] Analyze function returned: Signal=HOLD, RSI=49.96, EMA=0.11505827280135347, ATR=0.00006888556277821394, Price=0.1151
[2026-03-22T18:11:51.079Z] Trend Direction: 15m=DOWN, 4h=DOWN
[2026-03-22T18:11:51.080Z] Starting multi-timeframe confirmation...
[2026-03-22T18:11:51.082Z] Adjusted position size with sentiment: 21.68722490
[2026-03-22T18:11:51.085Z] Type of dailyLossCheck: function
[2026-03-22T18:11:51.090Z] USDT available: 27.10903112
[2026-03-22T18:11:51.147Z] Calculated position size (USDT): 21.68722490
[2026-03-22T18:11:51.151Z] Last price: 0.1151
[2026-03-22T18:11:51.161Z] Calculated quantity: 188.42072021
[2026-03-22T18:11:51.165Z] No trade executed for OPUSDT due to signal: HOLD
[2026-03-22T18:11:51.176Z] Mapping candle data...
[2026-03-22T18:11:51.179Z] Long-term ATR (4H): 18.44222222222224
[2026-03-22T18:11:51.183Z] Calling analyze function...
[2026-03-22T18:11:51.195Z] Analyze function returned: Signal=HOLD, RSI=54.17, EMA=2078.0998223154393, ATR=1.0180817564118894, Price=2078.92
[2026-03-22T18:11:51.199Z] Trend Direction: 15m=DOWN, 4h=DOWN
[2026-03-22T18:11:51.207Z] Starting multi-timeframe confirmation...
[2026-03-22T18:11:51.214Z] Adjusted position size with sentiment: 21.68722490
[2026-03-22T18:11:51.217Z] Type of dailyLossCheck: function
[2026-03-22T18:11:51.224Z] USDT available: 27.10903112
[2026-03-22T18:11:51.229Z] Calculated position size (USDT): 21.68722490
[2026-03-22T18:11:51.232Z] Last price: 2078.92
[2026-03-22T18:11:51.234Z] Calculated quantity: 0.01043197
[2026-03-22T18:11:51.240Z] No trade executed for ETHUSDT due to signal: HOLD
[2026-03-22T18:11:51.277Z] Mapping candle data...
[2026-03-22T18:11:51.279Z] Long-term ATR (4H): 0.002514141414141413
[2026-03-22T18:11:51.282Z] Calling analyze function...
[2026-03-22T18:11:51.284Z] Analyze function returned: Signal=HOLD, RSI=57.92, EMA=0.2539489956267093, ATR=0.00015056397931318647, Price=0.2542
[2026-03-22T18:11:51.289Z] Trend Direction: 15m=DOWN, 4h=DOWN
[2026-03-22T18:11:51.290Z] Starting multi-timeframe confirmation...
[2026-03-22T18:11:51.291Z] Adjusted position size with sentiment: 21.68722490
[2026-03-22T18:11:51.293Z] Type of dailyLossCheck: function
[2026-03-22T18:11:51.294Z] USDT available: 27.10903112
[2026-03-22T18:11:51.295Z] Calculated position size (USDT): 21.68722490
[2026-03-22T18:11:51.297Z] Last price: 0.2542
[2026-03-22T18:11:51.298Z] Calculated quantity: 85.31559755
[2026-03-22T18:11:51.299Z] No trade executed for ADAUSDT due to signal: HOLD
[2026-03-22T18:11:51.303Z] Mapping candle data...
[2026-03-22T18:11:51.305Z] Long-term ATR (4H): 3.551515151515145
[2026-03-22T18:11:51.306Z] Calling analyze function...
[2026-03-22T18:11:51.308Z] Analyze function returned: Signal=HOLD, RSI=44.88, EMA=629.9905744720099, ATR=0.20605604990989415, Price=629.88
[2026-03-22T18:11:51.310Z] Trend Direction: 15m=DOWN, 4h=DOWN
[2026-03-22T18:11:51.311Z] Starting multi-timeframe confirmation...
[2026-03-22T18:11:51.312Z] Adjusted position size with sentiment: 21.68722490
[2026-03-22T18:11:51.313Z] Type of dailyLossCheck: function
[2026-03-22T18:11:51.315Z] USDT available: 27.10903112
[2026-03-22T18:11:51.316Z] Calculated position size (USDT): 21.68722490
[2026-03-22T18:11:51.317Z] Last price: 629.88
[2026-03-22T18:11:51.318Z] Calculated quantity: 0.03443072
[2026-03-22T18:11:51.320Z] No trade executed for BNBUSDT due to signal: HOLD
[2026-03-22T18:11:51.325Z] Mapping candle data...
[2026-03-22T18:11:51.326Z] Long-term ATR (4H): 0.03450505050505047
[2026-03-22T18:11:51.328Z] Calling analyze function...
[2026-03-22T18:11:51.330Z] Analyze function returned: Signal=HOLD, RSI=56.19, EMA=3.4830076665005603, ATR=0.0013030419073970598, Price=3.485
[2026-03-22T18:11:51.332Z] Trend Direction: 15m=DOWN, 4h=DOWN
[2026-03-22T18:11:51.334Z] Starting multi-timeframe confirmation...
[2026-03-22T18:11:51.335Z] Adjusted position size with sentiment: 21.68722490
[2026-03-22T18:11:51.336Z] Type of dailyLossCheck: function
[2026-03-22T18:11:51.338Z] USDT available: 27.10903112
[2026-03-22T18:11:51.339Z] Calculated position size (USDT): 21.68722490
[2026-03-22T18:11:51.343Z] Last price: 3.485
[2026-03-22T18:11:51.344Z] Calculated quantity: 6.22302006
[2026-03-22T18:11:51.345Z] No trade executed for UNIUSDT due to signal: HOLD
[2026-03-22T18:11:51.348Z] Mapping candle data...
[2026-03-22T18:11:51.349Z] Long-term ATR (4H): 0.010831313131313134
[2026-03-22T18:11:51.350Z] Calling analyze function...
[2026-03-22T18:11:51.353Z] Analyze function returned: Signal=HOLD, RSI=41.09, EMA=0.872700191296218, ATR=0.00037649590176454587, Price=0.8723
[2026-03-22T18:11:51.354Z] Trend Direction: 15m=DOWN, 4h=DOWN
[2026-03-22T18:11:51.355Z] Starting multi-timeframe confirmation...
[2026-03-22T18:11:51.356Z] Adjusted position size with sentiment: 21.68722490
[2026-03-22T18:11:51.358Z] Type of dailyLossCheck: function
[2026-03-22T18:11:51.359Z] USDT available: 27.10903112
[2026-03-22T18:11:51.360Z] Calculated position size (USDT): 21.68722490
[2026-03-22T18:11:51.362Z] Last price: 0.8723
[2026-03-22T18:11:51.363Z] Calculated quantity: 24.86211727
[2026-03-22T18:11:51.364Z] No trade executed for FILUSDT due to signal: HOLD
[2026-03-22T18:11:51.367Z] Mapping candle data...
[2026-03-22T18:11:51.368Z] Long-term ATR (4H): 0.08826262626262628
[2026-03-22T18:11:51.369Z] Calling analyze function...
[2026-03-22T18:11:51.372Z] Analyze function returned: Signal=HOLD, RSI=48.21, EMA=9.062759325947066, ATR=0.005404042728798893, Price=9.062
[2026-03-22T18:11:51.373Z] Trend Direction: 15m=DOWN, 4h=DOWN
[2026-03-22T18:11:51.375Z] Starting multi-timeframe confirmation...
[2026-03-22T18:11:51.376Z] Adjusted position size with sentiment: 21.68722490
[2026-03-22T18:11:51.377Z] Type of dailyLossCheck: function
[2026-03-22T18:11:51.378Z] USDT available: 27.10903112
[2026-03-22T18:11:51.380Z] Calculated position size (USDT): 21.68722490
[2026-03-22T18:11:51.381Z] Last price: 9.062
[2026-03-22T18:11:51.382Z] Calculated quantity: 2.39320513
[2026-03-22T18:11:51.384Z] No trade executed for AVAXUSDT due to signal: HOLD
[2026-03-22T18:11:51.386Z] Mapping candle data...
[2026-03-22T18:11:51.388Z] Long-term ATR (4H): 0.029050505050505052
[2026-03-22T18:11:51.390Z] Calling analyze function...
[2026-03-22T18:11:51.392Z] Analyze function returned: Signal=HOLD, RSI=38.59, EMA=2.38590054242546, ATR=0.0010966669010094626, Price=2.384
[2026-03-22T18:11:51.394Z] Trend Direction: 15m=DOWN, 4h=DOWN
[2026-03-22T18:11:51.395Z] Starting multi-timeframe confirmation...
[2026-03-22T18:11:51.396Z] Adjusted position size with sentiment: 21.68722490
[2026-03-22T18:11:51.398Z] Type of dailyLossCheck: function
[2026-03-22T18:11:51.399Z] USDT available: 27.10903112
[2026-03-22T18:11:51.400Z] Calculated position size (USDT): 21.68722490
[2026-03-22T18:11:51.402Z] Last price: 2.384
[2026-03-22T18:11:51.403Z] Calculated quantity: 9.09699031
[2026-03-22T18:11:51.404Z] No trade executed for ICPUSDT due to signal: HOLD
[2026-03-22T18:11:51.407Z] Mapping candle data...
[2026-03-22T18:11:51.408Z] Long-term ATR (4H): 0.0013982828282828284
[2026-03-22T18:11:51.410Z] Calling analyze function...
[2026-03-22T18:11:51.413Z] Analyze function returned: Signal=HOLD, RSI=37.52, EMA=0.15739703276262776, ATR=0.0000753654910832266, Price=0.15731
[2026-03-22T18:11:51.420Z] Trend Direction: 15m=DOWN, 4h=DOWN
[2026-03-22T18:11:51.422Z] Starting multi-timeframe confirmation...
[2026-03-22T18:11:51.423Z] Adjusted position size with sentiment: 21.68722490
[2026-03-22T18:11:51.425Z] Type of dailyLossCheck: function
[2026-03-22T18:11:51.426Z] USDT available: 27.10903112
[2026-03-22T18:11:51.427Z] Calculated position size (USDT): 21.68722490
[2026-03-22T18:11:51.429Z] Last price: 0.15731
[2026-03-22T18:11:51.430Z] Calculated quantity: 137.86297690
[2026-03-22T18:11:51.432Z] No trade executed for XLMUSDT due to signal: HOLD
[2026-03-22T18:11:51.435Z] Mapping candle data...
[2026-03-22T18:11:51.437Z] Long-term ATR (4H): 0.015424242424242418
[2026-03-22T18:11:51.438Z] Calling analyze function...
[2026-03-22T18:11:51.440Z] Analyze function returned: Signal=HOLD, RSI=58.04, EMA=1.432961143074297, ATR=0.0006849745198686157, Price=1.434
[2026-03-22T18:11:51.442Z] Trend Direction: 15m=DOWN, 4h=DOWN
[2026-03-22T18:11:51.443Z] Starting multi-timeframe confirmation...
[2026-03-22T18:11:51.445Z] Adjusted position size with sentiment: 21.68722490
[2026-03-22T18:11:51.446Z] Type of dailyLossCheck: function
[2026-03-22T18:11:51.447Z] USDT available: 27.10903112
[2026-03-22T18:11:51.449Z] Calculated position size (USDT): 21.68722490
[2026-03-22T18:11:51.450Z] Last price: 1.434
[2026-03-22T18:11:51.451Z] Calculated quantity: 15.12358779
[2026-03-22T18:11:51.452Z] No trade executed for DOTUSDT due to signal: HOLD
[2026-03-22T18:11:51.454Z] Mapping candle data...
[2026-03-22T18:11:51.455Z] Long-term ATR (4H): 0.0009106060606060596
[2026-03-22T18:11:51.456Z] Calling analyze function...
[2026-03-22T18:11:51.459Z] Analyze function returned: Signal=HOLD, RSI=40.44, EMA=0.09130933698892744, ATR=0.00005047758429783273, Price=0.09125
[2026-03-22T18:11:51.460Z] Trend Direction: 15m=DOWN, 4h=DOWN
[2026-03-22T18:11:51.461Z] Starting multi-timeframe confirmation...
[2026-03-22T18:11:51.464Z] Adjusted position size with sentiment: 21.68722490
[2026-03-22T18:11:51.466Z] Type of dailyLossCheck: function
[2026-03-22T18:11:51.467Z] USDT available: 27.10903112
[2026-03-22T18:11:51.468Z] Calculated position size (USDT): 21.68722490
[2026-03-22T18:11:51.469Z] Last price: 0.09125
[2026-03-22T18:11:51.471Z] Calculated quantity: 237.66821804
[2026-03-22T18:11:51.473Z] No trade executed for DOGEUSDT due to signal: HOLD
[2026-03-22T18:11:51.476Z] Mapping candle data...
[2026-03-22T18:11:51.482Z] Long-term ATR (4H): 0.8117171717171723
[2026-03-22T18:11:51.484Z] Calling analyze function...
[2026-03-22T18:11:51.486Z] Analyze function returned: Signal=HOLD, RSI=54.46, EMA=87.21201318966335, ATR=0.045110886663838584, Price=87.251
[2026-03-22T18:11:51.487Z] Trend Direction: 15m=DOWN, 4h=DOWN
[2026-03-22T18:11:51.490Z] Starting multi-timeframe confirmation...
[2026-03-22T18:11:51.491Z] Adjusted position size with sentiment: 21.68722490
[2026-03-22T18:11:51.493Z] Type of dailyLossCheck: function
[2026-03-22T18:11:51.495Z] USDT available: 27.10903112
[2026-03-22T18:11:51.497Z] Calculated position size (USDT): 21.68722490
[2026-03-22T18:11:51.500Z] Last price: 87.251
[2026-03-22T18:11:51.502Z] Calculated quantity: 0.24856133
[2026-03-22T18:11:51.503Z] No trade executed for SOLUSDT due to signal: HOLD
[2026-03-22T18:13:49.532Z] runBot function started.
[2026-03-22T18:13:50.833Z] Connected to Deriv WebSocket API
[2026-03-22T18:13:51.476Z] Deriv API Authorized: VRTC6531638
[2026-03-22T18:13:51.511Z] Connected to Deriv API successfully.
[2026-03-22T18:13:52.789Z] Fetched Bitget contract configurations.
[2026-03-22T18:13:52.791Z] Deriv API: Placeholder for getContractConfig for undefined
[2026-03-22T18:13:52.793Z] Fetched Deriv contract configurations.
[2026-03-22T18:13:52.796Z] Skipping news sentiment fetch. Next fetch in approximately 3 minutes.
[2026-03-22T18:13:52.797Z] Entering symbol loop.
[2026-03-22T18:13:53.231Z] Fetched Bitget balances successfully.
[2026-03-22T18:13:53.509Z] Fetched Deriv balances successfully.
[2026-03-22T18:13:53.512Z] Initial balance set to: 27.11 USDT
[2026-03-22T18:13:53.515Z] Current Balance: 27.11 USDT, Initial Balance: 27.11 USDT, Peak Balance: 27.11 USDT
[2026-03-22T18:13:53.523Z] Daily Loss Percent: 0.00%, Total Drawdown Percent: 0.00%
[2026-03-22T18:13:53.529Z] Processing symbol: BTCUSDT
[2026-03-22T18:13:53.531Z] Fetching 1m candles for BTCUSDT
[2026-03-22T18:13:53.536Z] Processing symbol: ETHUSDT
[2026-03-22T18:13:53.540Z] Fetching 1m candles for ETHUSDT
[2026-03-22T18:13:53.559Z] Processing symbol: XRPUSDT
[2026-03-22T18:13:53.575Z] Fetching 1m candles for XRPUSDT
[2026-03-22T18:13:53.580Z] Processing symbol: ADAUSDT
[2026-03-22T18:13:53.595Z] Fetching 1m candles for ADAUSDT
[2026-03-22T18:13:53.598Z] Processing symbol: SOLUSDT
[2026-03-22T18:13:53.599Z] Fetching 1m candles for SOLUSDT
[2026-03-22T18:13:53.618Z] Processing symbol: DOGEUSDT
[2026-03-22T18:13:53.623Z] Fetching 1m candles for DOGEUSDT
[2026-03-22T18:13:53.626Z] Processing symbol: DOTUSDT
[2026-03-22T18:13:53.629Z] Fetching 1m candles for DOTUSDT
[2026-03-22T18:13:53.639Z] Processing symbol: LTCUSDT
[2026-03-22T18:13:53.640Z] Fetching 1m candles for LTCUSDT
[2026-03-22T18:13:53.644Z] Processing symbol: BCHUSDT
[2026-03-22T18:13:53.647Z] Fetching 1m candles for BCHUSDT
[2026-03-22T18:13:53.657Z] Processing symbol: LINKUSDT
[2026-03-22T18:13:53.658Z] Fetching 1m candles for LINKUSDT
[2026-03-22T18:13:53.660Z] Processing symbol: TRXUSDT
[2026-03-22T18:13:53.661Z] Fetching 1m candles for TRXUSDT
[2026-03-22T18:13:53.664Z] Processing symbol: UNIUSDT
[2026-03-22T18:13:53.665Z] Fetching 1m candles for UNIUSDT
[2026-03-22T18:13:53.672Z] Processing symbol: AVAXUSDT
[2026-03-22T18:13:53.675Z] Fetching 1m candles for AVAXUSDT
[2026-03-22T18:13:53.677Z] Processing symbol: ETCUSDT
[2026-03-22T18:13:53.679Z] Fetching 1m candles for ETCUSDT
[2026-03-22T18:13:53.681Z] Processing symbol: XLMUSDT
[2026-03-22T18:13:53.685Z] Fetching 1m candles for XLMUSDT
[2026-03-22T18:13:53.689Z] Processing symbol: FILUSDT
[2026-03-22T18:13:53.691Z] Fetching 1m candles for FILUSDT
[2026-03-22T18:13:53.692Z] Processing symbol: ICPUSDT
[2026-03-22T18:13:53.694Z] Fetching 1m candles for ICPUSDT
[2026-03-22T18:13:53.698Z] Processing symbol: VETUSDT
[2026-03-22T18:13:53.703Z] Fetching 1m candles for VETUSDT
[2026-03-22T18:13:53.707Z] Processing symbol: BNBUSDT
[2026-03-22T18:13:53.708Z] Fetching 1m candles for BNBUSDT
[2026-03-22T18:13:53.710Z] Processing symbol: OPUSDT
[2026-03-22T18:13:53.712Z] Fetching 1m candles for OPUSDT
[2026-03-22T18:13:54.174Z] Fetched 1m candles for BTCUSDT. Sample: [["1774197240000","68719.1","68719.2","68686","68686","2.2134","152079.12766"],["1774197300000","68686","68719.1","68679.7","68719","28.4119","1952021.22942"]]
[2026-03-22T18:13:54.176Z] Fetching 15m candles for BTCUSDT
[2026-03-22T18:13:54.519Z] Fetched 1m candles for ETHUSDT. Sample: [["1774197240000","2080.58","2080.88","2079.73","2079.73","60.96","126836.5825"],["1774197300000","2079.73","2080.86","2079.19","2080.86","16.82","34982.9169"]]
[2026-03-22T18:13:54.522Z] Fetching 15m candles for ETHUSDT
[2026-03-22T18:13:54.545Z] Fetched 1m candles for XRPUSDT. Sample: [["1774197240000","1.3933","1.3938","1.3928","1.3928","66178","92216.9084"],["1774197300000","1.3928","1.3928","1.3922","1.3927","21829","30394.8426"]]
[2026-03-22T18:13:54.549Z] Fetching 15m candles for XRPUSDT
[2026-03-22T18:13:54.566Z] Fetched 1m candles for DOGEUSDT. Sample: [["1774197240000","0.09141","0.09147","0.0914","0.09143","126540","11570.42525"],["1774197300000","0.09143","0.09146","0.09141","0.09146","9795","895.52563"]]
[2026-03-22T18:13:54.570Z] Fetching 15m candles for DOGEUSDT
[2026-03-22T18:13:54.604Z] Fetched 1m candles for DOTUSDT. Sample: [["1774197240000","1.434","1.434","1.434","1.434","670","960.78"],["1774197300000","1.434","1.434","1.434","1.434","0","0"]]
[2026-03-22T18:13:54.607Z] Fetching 15m candles for DOTUSDT
[2026-03-22T18:13:54.632Z] Fetched 1m candles for ADAUSDT. Sample: [["1774197240000","0.2552","0.2553","0.2533","0.2541","2117451","538372.6098"],["1774197300000","0.2541","0.2542","0.2531","0.254","1347430","341652.5395"]]
[2026-03-22T18:13:54.636Z] Fetching 15m candles for ADAUSDT
[2026-03-22T18:13:54.640Z] Fetched 1m candles for BCHUSDT. Sample: [["1774197240000","468.44","468.44","468.28","468.28","5.07","2374.3945"],["1774197300000","468.28","468.33","468.28","468.33","0.53","248.2149"]]
[2026-03-22T18:13:54.655Z] Fetching 15m candles for BCHUSDT
[2026-03-22T18:13:54.710Z] Fetched 1m candles for LTCUSDT. Sample: [["1774197240000","54.1","54.1","54.08","54.08","78.4","4240.162"],["1774197300000","54.08","54.09","54.07","54.09","2.3","124.375"]]
[2026-03-22T18:13:54.716Z] Fetching 15m candles for LTCUSDT
[2026-03-22T18:13:54.720Z] Fetched 1m candles for ETCUSDT. Sample: [["1774197240000","8.122","8.123","8.119","8.119","34","276.13"],["1774197300000","8.119","8.119","8.119","8.119","0","0"]]
[2026-03-22T18:13:54.722Z] Fetching 15m candles for ETCUSDT
[2026-03-22T18:13:54.725Z] Fetched 1m candles for UNIUSDT. Sample: [["1774197240000","3.485","3.488","3.485","3.485","646","2251.319"],["1774197300000","3.485","3.485","3.484","3.484","10","34.84"]]
[2026-03-22T18:13:54.733Z] Fetching 15m candles for UNIUSDT
[2026-03-22T18:13:54.741Z] Fetched 1m candles for LINKUSDT. Sample: [["1774197240000","8.789","8.793","8.787","8.787","1736","15256.131"],["1774197300000","8.787","8.787","8.784","8.787","151","1326.579"]]
[2026-03-22T18:13:54.746Z] Fetching 15m candles for LINKUSDT
[2026-03-22T18:13:54.754Z] Fetched 1m candles for SOLUSDT. Sample: [["1774197240000","87.349","87.367","87.3","87.3","230.2","20105.2646"],["1774197300000","87.3","87.311","87.281","87.311","87.1","7603.9277"]]
[2026-03-22T18:13:54.757Z] Fetching 15m candles for SOLUSDT
[2026-03-22T18:13:54.765Z] Fetched 1m candles for VETUSDT. Sample: [["1774197240000","0.006947","0.00695","0.006942","0.006942","203003","1409.557631"],["1774197300000","0.006942","0.006942","0.006942","0.006942","0","0"]]
[2026-03-22T18:13:54.767Z] Fetching 15m candles for VETUSDT
[2026-03-22T18:13:54.771Z] Fetched 1m candles for ICPUSDT. Sample: [["1774197240000","2.389","2.389","2.387","2.387","49.77","118.80099"],["1774197300000","2.387","2.387","2.385","2.385","124.19","296.27623"]]
[2026-03-22T18:13:54.774Z] Fetching 15m candles for ICPUSDT
[2026-03-22T18:13:54.789Z] Fetched 1m candles for OPUSDT. Sample: [["1774197240000","0.1161","0.1161","0.1161","0.1161","0","0"],["1774197300000","0.1161","0.1161","0.1161","0.1161","0","0"]]
[2026-03-22T18:13:54.799Z] Fetching 15m candles for OPUSDT
[2026-03-22T18:13:54.806Z] Fetched 1m candles for AVAXUSDT. Sample: [["1774197240000","9.089","9.093","9.086","9.086","11.6","105.4444"],["1774197300000","9.086","9.086","9.08","9.08","6","54.4807"]]
[2026-03-22T18:13:54.815Z] Fetching 15m candles for AVAXUSDT
[2026-03-22T18:13:54.820Z] Fetched 1m candles for XLMUSDT. Sample: [["1774197240000","0.15895","0.15904","0.15887","0.15887","37714","5992.73361"],["1774197300000","0.15887","0.1589","0.15881","0.15889","16367","2599.4607"]]
[2026-03-22T18:13:54.837Z] Fetching 15m candles for XLMUSDT
[2026-03-22T18:13:54.848Z] Fetched 1m candles for BNBUSDT. Sample: [["1774197240000","629.93","630.06","629.76","629.76","23.54","14829.8001"],["1774197300000","629.76","629.76","629.53","629.53","9.23","5812.1003"]]
[2026-03-22T18:13:54.852Z] Fetching 15m candles for BNBUSDT
[2026-03-22T18:13:54.855Z] Fetched 1m candles for TRXUSDT. Sample: [["1774197240000","0.3161","0.31654","0.3161","0.31654","2980","942.87503"],["1774197300000","0.31654","0.3166","0.31648","0.3166","5729","1813.42757"]]
[2026-03-22T18:13:54.858Z] Fetching 15m candles for TRXUSDT
[2026-03-22T18:13:54.882Z] Fetched 1m candles for FILUSDT. Sample: [["1774197240000","0.8765","0.8769","0.8759","0.8759","2337.1","2048.48497"],["1774197300000","0.8759","0.876","0.8756","0.876","555.8","486.79586"]]
[2026-03-22T18:13:54.884Z] Fetching 15m candles for FILUSDT
[2026-03-22T18:13:54.890Z] Fetching 4H candles for BTCUSDT
[2026-03-22T18:13:55.145Z] Fetching 4H candles for ETHUSDT
[2026-03-22T18:13:55.198Z] Fetching 4H candles for XRPUSDT
[2026-03-22T18:13:55.202Z] Fetching 4H candles for DOGEUSDT
[2026-03-22T18:13:55.310Z] Fetching 4H candles for DOTUSDT
[2026-03-22T18:13:55.314Z] Fetching 4H candles for ADAUSDT
[2026-03-22T18:13:55.334Z] Fetching 4H candles for BCHUSDT
[2026-03-22T18:13:55.353Z] Fetching 4H candles for LTCUSDT
[2026-03-22T18:13:55.365Z] Fetching 4H candles for ETCUSDT
[2026-03-22T18:13:55.380Z] Fetching 4H candles for SOLUSDT
[2026-03-22T18:13:55.383Z] Fetching 4H candles for LINKUSDT
[2026-03-22T18:13:55.409Z] Fetching 4H candles for VETUSDT
[2026-03-22T18:13:55.417Z] Fetching 4H candles for UNIUSDT
[2026-03-22T18:13:55.421Z] Fetching 4H candles for OPUSDT
[2026-03-22T18:13:55.426Z] Fetching 4H candles for ICPUSDT
[2026-03-22T18:13:55.449Z] Fetching 4H candles for AVAXUSDT
[2026-03-22T18:13:55.467Z] Fetching 4H candles for XLMUSDT
[2026-03-22T18:13:55.477Z] Fetching 4H candles for BNBUSDT
[2026-03-22T18:13:55.510Z] Fetching 4H candles for FILUSDT
[2026-03-22T18:13:55.520Z] Mapping candle data...
[2026-03-22T18:13:55.523Z] Long-term ATR (4H): 461.08686868686846
[2026-03-22T18:13:55.528Z] Calling analyze function...
[2026-03-22T18:13:55.538Z] Analyze function returned: Signal=HOLD, RSI=53.43, EMA=68655.74008058458, ATR=24.84604192727401, Price=68673.7
[2026-03-22T18:13:55.541Z] Trend Direction: 15m=DOWN, 4h=DOWN
[2026-03-22T18:13:55.547Z] Starting multi-timeframe confirmation...
[2026-03-22T18:13:55.548Z] Adjusted position size with sentiment: 21.68722490
[2026-03-22T18:13:55.551Z] Type of dailyLossCheck: function
[2026-03-22T18:13:55.553Z] USDT available: 27.10903112
[2026-03-22T18:13:55.555Z] Calculated position size (USDT): 21.68722490
[2026-03-22T18:13:55.558Z] Last price: 68673.7
[2026-03-22T18:13:55.562Z] Calculated quantity: 0.00031580
[2026-03-22T18:13:55.567Z] No trade executed for BTCUSDT due to signal: HOLD
[2026-03-22T18:13:55.588Z] Fetching 4H candles for TRXUSDT
[2026-03-22T18:13:55.770Z] Mapping candle data...
[2026-03-22T18:13:55.784Z] Long-term ATR (4H): 18.44161616161618
[2026-03-22T18:13:55.823Z] Calling analyze function...
[2026-03-22T18:13:55.974Z] Analyze function returned: Signal=HOLD, RSI=53.93, EMA=2078.2623239285786, ATR=0.9830989593990958, Price=2078.98
[2026-03-22T18:13:56.051Z] Trend Direction: 15m=DOWN, 4h=DOWN
[2026-03-22T18:13:56.114Z] Starting multi-timeframe confirmation...
[2026-03-22T18:13:56.125Z] Adjusted position size with sentiment: 21.68722490
[2026-03-22T18:13:56.130Z] Type of dailyLossCheck: function
[2026-03-22T18:13:56.163Z] USDT available: 27.10903112
[2026-03-22T18:13:56.170Z] Calculated position size (USDT): 21.68722490
[2026-03-22T18:13:56.175Z] Last price: 2078.98
[2026-03-22T18:13:56.177Z] Calculated quantity: 0.01043167
[2026-03-22T18:13:56.179Z] No trade executed for ETHUSDT due to signal: HOLD
[2026-03-22T18:13:56.246Z] Mapping candle data...
[2026-03-22T18:13:56.248Z] Long-term ATR (4H): 0.010822222222222221
[2026-03-22T18:13:56.250Z] Calling analyze function...
[2026-03-22T18:13:56.253Z] Analyze function returned: Signal=HOLD, RSI=42.89, EMA=1.3902775611506604, ATR=0.0006949924238747981, Price=1.3898
[2026-03-22T18:13:56.258Z] Trend Direction: 15m=DOWN, 4h=DOWN
[2026-03-22T18:13:56.260Z] Starting multi-timeframe confirmation...
[2026-03-22T18:13:56.263Z] Adjusted position size with sentiment: 21.68722490
[2026-03-22T18:13:56.265Z] Type of dailyLossCheck: function
[2026-03-22T18:13:56.267Z] USDT available: 27.10903112
[2026-03-22T18:13:56.275Z] Calculated position size (USDT): 21.68722490
[2026-03-22T18:13:56.278Z] Last price: 1.3898
[2026-03-22T18:13:56.280Z] Calculated quantity: 15.60456533
[2026-03-22T18:13:56.282Z] No trade executed for XRPUSDT due to signal: HOLD
[2026-03-22T18:13:56.287Z] Mapping candle data...
[2026-03-22T18:13:56.289Z] Long-term ATR (4H): 0.01543434343434343
[2026-03-22T18:13:56.292Z] Calling analyze function...
[2026-03-22T18:13:56.296Z] Analyze function returned: Signal=HOLD, RSI=67.55, EMA=1.433340001420382, ATR=0.0007336818922921492, Price=1.436
[2026-03-22T18:13:56.300Z] Trend Direction: 15m=DOWN, 4h=DOWN
[2026-03-22T18:13:56.309Z] Starting multi-timeframe confirmation...
[2026-03-22T18:13:56.314Z] Adjusted position size with sentiment: 21.68722490
[2026-03-22T18:13:56.329Z] Type of dailyLossCheck: function
[2026-03-22T18:13:56.349Z] USDT available: 27.10903112
[2026-03-22T18:13:56.356Z] Calculated position size (USDT): 21.68722490
[2026-03-22T18:13:56.360Z] Last price: 1.436
[2026-03-22T18:13:56.363Z] Calculated quantity: 15.10252430
[2026-03-22T18:13:56.369Z] No trade executed for DOTUSDT due to signal: HOLD
[2026-03-22T18:13:56.375Z] Mapping candle data...
[2026-03-22T18:13:56.377Z] Long-term ATR (4H): 0.002514141414141413
[2026-03-22T18:13:56.379Z] Calling analyze function...
[2026-03-22T18:13:56.386Z] Analyze function returned: Signal=HOLD, RSI=57.99, EMA=0.2539944919266913, ATR=0.00012965143102047885, Price=0.2542
[2026-03-22T18:13:56.390Z] Trend Direction: 15m=DOWN, 4h=DOWN
[2026-03-22T18:13:56.394Z] Starting multi-timeframe confirmation...
[2026-03-22T18:13:56.396Z] Adjusted position size with sentiment: 21.68722490
[2026-03-22T18:13:56.399Z] Type of dailyLossCheck: function
[2026-03-22T18:13:56.402Z] USDT available: 27.10903112
[2026-03-22T18:13:56.406Z] Calculated position size (USDT): 21.68722490
[2026-03-22T18:13:56.407Z] Last price: 0.2542
[2026-03-22T18:13:56.411Z] Calculated quantity: 85.31559755
[2026-03-22T18:13:56.413Z] No trade executed for ADAUSDT due to signal: HOLD
[2026-03-22T18:13:56.416Z] Mapping candle data...
[2026-03-22T18:13:56.420Z] Long-term ATR (4H): 0.35030303030303006
[2026-03-22T18:13:56.423Z] Calling analyze function...
[2026-03-22T18:13:56.427Z] Analyze function returned: Signal=HOLD, RSI=61.14, EMA=54.07251765747428, ATR=0.014901395153779662, Price=54.11
[2026-03-22T18:13:56.431Z] Trend Direction: 15m=DOWN, 4h=DOWN
[2026-03-22T18:13:56.433Z] Starting multi-timeframe confirmation...
[2026-03-22T18:13:56.440Z] Adjusted position size with sentiment: 21.68722490
[2026-03-22T18:13:56.445Z] Type of dailyLossCheck: function
[2026-03-22T18:13:56.458Z] USDT available: 27.10903112
[2026-03-22T18:13:56.462Z] Calculated position size (USDT): 21.68722490
[2026-03-22T18:13:56.481Z] Last price: 54.11
[2026-03-22T18:13:56.495Z] Calculated quantity: 0.40079883
[2026-03-22T18:13:56.509Z] No trade executed for LTCUSDT due to signal: HOLD
[2026-03-22T18:13:56.541Z] Mapping candle data...
[2026-03-22T18:13:56.564Z] Long-term ATR (4H): 2.7436363636363637
[2026-03-22T18:13:56.575Z] Calling analyze function...
[2026-03-22T18:13:56.592Z] Analyze function returned: Signal=HOLD, RSI=62.46, EMA=467.2174928437687, ATR=0.1758445372090365, Price=467.57
[2026-03-22T18:13:56.599Z] Trend Direction: 15m=UP, 4h=UP
[2026-03-22T18:13:56.608Z] Starting multi-timeframe confirmation...
[2026-03-22T18:13:56.623Z] Adjusted position size with sentiment: 21.68722490
[2026-03-22T18:13:56.629Z] Type of dailyLossCheck: function
[2026-03-22T18:13:56.647Z] USDT available: 27.10903112
[2026-03-22T18:13:56.667Z] Calculated position size (USDT): 21.68722490
[2026-03-22T18:13:56.676Z] Last price: 467.57
[2026-03-22T18:13:56.693Z] Calculated quantity: 0.04638284
[2026-03-22T18:13:56.695Z] No trade executed for BCHUSDT due to signal: HOLD
[2026-03-22T18:13:56.703Z] Mapping candle data...
[2026-03-22T18:13:56.710Z] Long-term ATR (4H): 0.07020202020202014
[2026-03-22T18:13:56.713Z] Calling analyze function...
[2026-03-22T18:13:56.724Z] Analyze function returned: Signal=HOLD, RSI=54.3, EMA=8.100395543529862, ATR=0.002365213612751168, Price=8.103
[2026-03-22T18:13:56.730Z] Trend Direction: 15m=DOWN, 4h=DOWN
[2026-03-22T18:13:56.735Z] Starting multi-timeframe confirmation...
[2026-03-22T18:13:56.756Z] Adjusted position size with sentiment: 21.68722490
[2026-03-22T18:13:56.789Z] Type of dailyLossCheck: function
[2026-03-22T18:13:56.852Z] USDT available: 27.10903112
[2026-03-22T18:13:56.862Z] Calculated position size (USDT): 21.68722490
[2026-03-22T18:13:56.870Z] Last price: 8.103
[2026-03-22T18:13:56.877Z] Calculated quantity: 2.67644390
[2026-03-22T18:13:56.880Z] No trade executed for ETCUSDT due to signal: HOLD
[2026-03-22T18:13:56.893Z] Mapping candle data...
[2026-03-22T18:13:56.905Z] Long-term ATR (4H): 0.07331313131313136
[2026-03-22T18:13:56.913Z] Calling analyze function...
[2026-03-22T18:13:56.928Z] Analyze function returned: Signal=HOLD, RSI=56.79, EMA=8.76757584399589, ATR=0.004123051261216898, Price=8.773
[2026-03-22T18:13:56.944Z] Trend Direction: 15m=DOWN, 4h=DOWN
[2026-03-22T18:13:56.977Z] Starting multi-timeframe confirmation...
[2026-03-22T18:13:56.993Z] Adjusted position size with sentiment: 21.68722490
[2026-03-22T18:13:56.997Z] Type of dailyLossCheck: function
[2026-03-22T18:13:57.007Z] USDT available: 27.10903112
[2026-03-22T18:13:57.014Z] Calculated position size (USDT): 21.68722490
[2026-03-22T18:13:57.025Z] Last price: 8.773
[2026-03-22T18:13:57.030Z] Calculated quantity: 2.47204205
[2026-03-22T18:13:57.043Z] No trade executed for LINKUSDT due to signal: HOLD
[2026-03-22T18:13:57.056Z] Mapping candle data...
[2026-03-22T18:13:57.075Z] Long-term ATR (4H): 0.03450505050505047
[2026-03-22T18:13:57.104Z] Calling analyze function...
[2026-03-22T18:13:57.113Z] Analyze function returned: Signal=HOLD, RSI=56.19, EMA=3.483368963545597, ATR=0.0011235553013947692, Price=3.485
[2026-03-22T18:13:57.120Z] Trend Direction: 15m=DOWN, 4h=DOWN
[2026-03-22T18:13:57.123Z] Starting multi-timeframe confirmation...
[2026-03-22T18:13:57.130Z] Adjusted position size with sentiment: 21.68722490
[2026-03-22T18:13:57.145Z] Type of dailyLossCheck: function
[2026-03-22T18:13:57.158Z] USDT available: 27.10903112
[2026-03-22T18:13:57.174Z] Calculated position size (USDT): 21.68722490
[2026-03-22T18:13:57.177Z] Last price: 3.485
[2026-03-22T18:13:57.179Z] Calculated quantity: 6.22302006
[2026-03-22T18:13:57.188Z] No trade executed for UNIUSDT due to signal: HOLD
[2026-03-22T18:13:57.194Z] Mapping candle data...
[2026-03-22T18:13:57.196Z] Long-term ATR (4H): 0.0012747474747474739
[2026-03-22T18:13:57.203Z] Calling analyze function...
[2026-03-22T18:13:57.208Z] Analyze function returned: Signal=HOLD, RSI=49.93, EMA=0.11506583480495579, ATR=0.00006653184880674046, Price=0.1151
[2026-03-22T18:13:57.213Z] Trend Direction: 15m=DOWN, 4h=DOWN
[2026-03-22T18:13:57.217Z] Starting multi-timeframe confirmation...
[2026-03-22T18:13:57.223Z] Adjusted position size with sentiment: 21.68722490
[2026-03-22T18:13:57.236Z] Type of dailyLossCheck: function
[2026-03-22T18:13:57.255Z] USDT available: 27.10903112
[2026-03-22T18:13:57.270Z] Calculated position size (USDT): 21.68722490
[2026-03-22T18:13:57.279Z] Last price: 0.1151
[2026-03-22T18:13:57.289Z] Calculated quantity: 188.42072021
[2026-03-22T18:13:57.292Z] No trade executed for OPUSDT due to signal: HOLD
[2026-03-22T18:13:57.295Z] Mapping candle data...
[2026-03-22T18:13:57.301Z] Long-term ATR (4H): 0.029050505050505052
[2026-03-22T18:13:57.304Z] Calling analyze function...
[2026-03-22T18:13:57.315Z] Analyze function returned: Signal=HOLD, RSI=42.13, EMA=2.385383301135629, ATR=0.0012208029136937934, Price=2.384
[2026-03-22T18:13:57.320Z] Trend Direction: 15m=DOWN, 4h=DOWN
[2026-03-22T18:13:57.322Z] Starting multi-timeframe confirmation...
[2026-03-22T18:13:57.323Z] Adjusted position size with sentiment: 21.68722490
[2026-03-22T18:13:57.326Z] Type of dailyLossCheck: function
[2026-03-22T18:13:57.328Z] USDT available: 27.10903112
[2026-03-22T18:13:57.329Z] Calculated position size (USDT): 21.68722490
[2026-03-22T18:13:57.335Z] Last price: 2.384
[2026-03-22T18:13:57.338Z] Calculated quantity: 9.09699031
[2026-03-22T18:13:57.352Z] No trade executed for ICPUSDT due to signal: HOLD
[2026-03-22T18:13:57.367Z] Mapping candle data...
[2026-03-22T18:13:57.379Z] Long-term ATR (4H): 0.08825252525252525
[2026-03-22T18:13:57.386Z] Calling analyze function...
[2026-03-22T18:13:57.391Z] Analyze function returned: Signal=HOLD, RSI=49.38, EMA=9.062700122018649, ATR=0.005205500518051369, Price=9.063
[2026-03-22T18:13:57.401Z] Trend Direction: 15m=DOWN, 4h=DOWN
[2026-03-22T18:13:57.403Z] Starting multi-timeframe confirmation...
[2026-03-22T18:13:57.408Z] Adjusted position size with sentiment: 21.68722490
[2026-03-22T18:13:57.415Z] Type of dailyLossCheck: function
[2026-03-22T18:13:57.420Z] USDT available: 27.10903112
[2026-03-22T18:13:57.422Z] Calculated position size (USDT): 21.68722490
[2026-03-22T18:13:57.424Z] Last price: 9.063
[2026-03-22T18:13:57.426Z] Calculated quantity: 2.39294107
[2026-03-22T18:13:57.429Z] No trade executed for AVAXUSDT due to signal: HOLD
[2026-03-22T18:13:57.437Z] Mapping candle data...
[2026-03-22T18:13:57.439Z] Long-term ATR (4H): 0.0013971717171717174
[2026-03-22T18:13:57.443Z] Calling analyze function...
[2026-03-22T18:13:57.448Z] Analyze function returned: Signal=HOLD, RSI=47.51, EMA=0.15739994050780123, ATR=0.00007644393777681727, Price=0.15742
[2026-03-22T18:13:57.456Z] Trend Direction: 15m=DOWN, 4h=DOWN
[2026-03-22T18:13:57.458Z] Starting multi-timeframe confirmation...
[2026-03-22T18:13:57.459Z] Adjusted position size with sentiment: 21.68722490
[2026-03-22T18:13:57.461Z] Type of dailyLossCheck: function
[2026-03-22T18:13:57.467Z] USDT available: 27.10903112
[2026-03-22T18:13:57.468Z] Calculated position size (USDT): 21.68722490
[2026-03-22T18:13:57.470Z] Last price: 0.15742
[2026-03-22T18:13:57.472Z] Calculated quantity: 137.76664271
[2026-03-22T18:13:57.474Z] No trade executed for XLMUSDT due to signal: HOLD
[2026-03-22T18:13:57.477Z] Mapping candle data...
[2026-03-22T18:13:57.480Z] Long-term ATR (4H): 3.5539393939393875
[2026-03-22T18:13:57.483Z] Calling analyze function...
[2026-03-22T18:13:57.487Z] Analyze function returned: Signal=HOLD, RSI=51.02, EMA=629.9933577152968, ATR=0.19477937675774293, Price=630.12
[2026-03-22T18:13:57.490Z] Trend Direction: 15m=DOWN, 4h=DOWN
[2026-03-22T18:13:57.491Z] Starting multi-timeframe confirmation...
[2026-03-22T18:13:57.494Z] Adjusted position size with sentiment: 21.68722490
[2026-03-22T18:13:57.500Z] Type of dailyLossCheck: function
[2026-03-22T18:13:57.503Z] USDT available: 27.10903112
[2026-03-22T18:13:57.505Z] Calculated position size (USDT): 21.68722490
[2026-03-22T18:13:57.506Z] Last price: 630.12
[2026-03-22T18:13:57.509Z] Calculated quantity: 0.03441761
[2026-03-22T18:13:57.513Z] No trade executed for BNBUSDT due to signal: HOLD
[2026-03-22T18:13:57.519Z] Mapping candle data...
[2026-03-22T18:13:57.523Z] Long-term ATR (4H): 0.0009103030303030292
[2026-03-22T18:13:57.527Z] Calling analyze function...
[2026-03-22T18:13:57.532Z] Analyze function returned: Signal=HOLD, RSI=44.67, EMA=0.09130142883031608, ATR=0.0000483719561440683, Price=0.09128
[2026-03-22T18:13:57.537Z] Trend Direction: 15m=DOWN, 4h=DOWN
[2026-03-22T18:13:57.539Z] Starting multi-timeframe confirmation...
[2026-03-22T18:13:57.540Z] Adjusted position size with sentiment: 21.68722490
[2026-03-22T18:13:57.542Z] Type of dailyLossCheck: function
[2026-03-22T18:13:57.544Z] USDT available: 27.10903112
[2026-03-22T18:13:57.548Z] Calculated position size (USDT): 21.68722490
[2026-03-22T18:13:57.553Z] Last price: 0.09128
[2026-03-22T18:13:57.555Z] Calculated quantity: 237.59010622
[2026-03-22T18:13:57.558Z] No trade executed for DOGEUSDT due to signal: HOLD
[2026-03-22T18:13:57.561Z] Mapping candle data...
[2026-03-22T18:13:57.564Z] Long-term ATR (4H): 0.8116565656565662
[2026-03-22T18:13:57.568Z] Calling analyze function...
[2026-03-22T18:13:57.573Z] Analyze function returned: Signal=HOLD, RSI=54.57, EMA=87.21936659114132, ATR=0.04384327467504006, Price=87.257
[2026-03-22T18:13:57.576Z] Trend Direction: 15m=DOWN, 4h=DOWN
[2026-03-22T18:13:57.582Z] Starting multi-timeframe confirmation...
[2026-03-22T18:13:57.586Z] Adjusted position size with sentiment: 21.68722490
[2026-03-22T18:13:57.594Z] Type of dailyLossCheck: function
[2026-03-22T18:13:57.599Z] USDT available: 27.10903112
[2026-03-22T18:13:57.602Z] Calculated position size (USDT): 21.68722490
[2026-03-22T18:13:57.605Z] Last price: 87.257
[2026-03-22T18:13:57.609Z] Calculated quantity: 0.24854424
[2026-03-22T18:13:57.620Z] No trade executed for SOLUSDT due to signal: HOLD
[2026-03-22T18:13:57.624Z] Mapping candle data...
[2026-03-22T18:13:57.627Z] Long-term ATR (4H): 0.00006112121212121212
[2026-03-22T18:13:57.636Z] Calling analyze function...
[2026-03-22T18:13:57.640Z] Analyze function returned: Signal=HOLD, RSI=47.62, EMA=0.006923771316905352, ATR=0.0000012584892570359218, Price=0.006924
[2026-03-22T18:13:57.643Z] Trend Direction: 15m=DOWN, 4h=DOWN
[2026-03-22T18:13:57.646Z] Starting multi-timeframe confirmation...
[2026-03-22T18:13:57.653Z] Adjusted position size with sentiment: 21.68722490
[2026-03-22T18:13:57.660Z] Type of dailyLossCheck: function
[2026-03-22T18:13:57.669Z] USDT available: 27.10903112
[2026-03-22T18:13:57.673Z] Calculated position size (USDT): 21.68722490
[2026-03-22T18:13:57.684Z] Last price: 0.006924
[2026-03-22T18:13:57.686Z] Calculated quantity: 3132.18152744
[2026-03-22T18:13:57.690Z] No trade executed for VETUSDT due to signal: HOLD
[2026-03-22T18:13:57.704Z] Mapping candle data...
[2026-03-22T18:13:57.705Z] Long-term ATR (4H): 0.0011467676767676748
[2026-03-22T18:13:57.716Z] Calling analyze function...
[2026-03-22T18:13:57.723Z] Analyze function returned: Signal=HOLD, RSI=54.38, EMA=0.3178243920131768, ATR=0.00016549537536753045, Price=0.31791
[2026-03-22T18:13:57.725Z] Trend Direction: 15m=UP, 4h=UP
[2026-03-22T18:13:57.733Z] Starting multi-timeframe confirmation...
[2026-03-22T18:13:57.736Z] Adjusted position size with sentiment: 21.68722490
[2026-03-22T18:13:57.741Z] Type of dailyLossCheck: function
[2026-03-22T18:13:57.748Z] USDT available: 27.10903112
[2026-03-22T18:13:57.752Z] Calculated position size (USDT): 21.68722490
[2026-03-22T18:13:57.755Z] Last price: 0.31791
[2026-03-22T18:13:57.768Z] Calculated quantity: 68.21812744
[2026-03-22T18:13:57.771Z] No trade executed for TRXUSDT due to signal: HOLD
[2026-03-22T18:13:57.784Z] Mapping candle data...
[2026-03-22T18:13:57.787Z] Long-term ATR (4H): 0.010829292929292932
[2026-03-22T18:13:57.789Z] Calling analyze function...
[2026-03-22T18:13:57.793Z] Analyze function returned: Signal=HOLD, RSI=44.01, EMA=0.8726112280272361, ATR=0.0003863593318192475, Price=0.8724
[2026-03-22T18:13:57.802Z] Trend Direction: 15m=DOWN, 4h=DOWN
[2026-03-22T18:13:57.805Z] Starting multi-timeframe confirmation...
[2026-03-22T18:13:57.808Z] Adjusted position size with sentiment: 21.68722490
[2026-03-22T18:13:57.815Z] Type of dailyLossCheck: function
[2026-03-22T18:13:57.818Z] USDT available: 27.10903112
[2026-03-22T18:13:57.823Z] Calculated position size (USDT): 21.68722490
[2026-03-22T18:13:57.826Z] Last price: 0.8724
[2026-03-22T18:13:57.834Z] Calculated quantity: 24.85926742
[2026-03-22T18:13:57.848Z] No trade executed for FILUSDT due to signal: HOLD
[2026-03-22T18:14:41.310Z] runBot function started.
[2026-03-22T18:14:42.555Z] Connected to Deriv WebSocket API
[2026-03-22T18:14:42.904Z] Deriv API Authorized: VRTC6531638
[2026-03-22T18:14:42.907Z] Connected to Deriv API successfully.
[2026-03-22T18:14:44.766Z] Fetched Bitget contract configurations.
[2026-03-22T18:14:44.769Z] Deriv API: Placeholder for getContractConfig for undefined
[2026-03-22T18:14:44.773Z] Fetched Deriv contract configurations.
[2026-03-22T18:14:44.780Z] Skipping news sentiment fetch. Next fetch in approximately 3 minutes.
[2026-03-22T18:14:44.792Z] Entering symbol loop.
[2026-03-22T18:14:45.989Z] Fetched Bitget balances successfully.
[2026-03-22T18:14:46.351Z] Fetched Deriv balances successfully.
[2026-03-22T18:14:46.373Z] Initial balance set to: 27.11 USDT
[2026-03-22T18:14:46.385Z] Current Balance: 27.11 USDT, Initial Balance: 27.11 USDT, Peak Balance: 27.11 USDT
[2026-03-22T18:14:46.402Z] Daily Loss Percent: 0.00%, Total Drawdown Percent: 0.00%
[2026-03-22T18:14:46.483Z] Processing symbol: BTCUSDT
[2026-03-22T18:14:46.524Z] Fetching 1m candles for BTCUSDT
[2026-03-22T18:14:46.596Z] Processing symbol: ETHUSDT
[2026-03-22T18:14:46.748Z] Fetching 1m candles for ETHUSDT
[2026-03-22T18:14:46.920Z] Processing symbol: XRPUSDT
[2026-03-22T18:14:47.032Z] Fetching 1m candles for XRPUSDT
[2026-03-22T18:14:47.051Z] Processing symbol: ADAUSDT
[2026-03-22T18:14:47.064Z] Fetching 1m candles for ADAUSDT
[2026-03-22T18:14:47.073Z] Processing symbol: SOLUSDT
[2026-03-22T18:14:47.113Z] Fetching 1m candles for SOLUSDT
[2026-03-22T18:14:47.148Z] Processing symbol: DOGEUSDT
[2026-03-22T18:14:47.170Z] Fetching 1m candles for DOGEUSDT
[2026-03-22T18:14:47.182Z] Processing symbol: DOTUSDT
[2026-03-22T18:14:47.201Z] Fetching 1m candles for DOTUSDT
[2026-03-22T18:14:47.227Z] Processing symbol: LTCUSDT
[2026-03-22T18:14:47.234Z] Fetching 1m candles for LTCUSDT
[2026-03-22T18:14:47.261Z] Processing symbol: BCHUSDT
[2026-03-22T18:14:47.281Z] Fetching 1m candles for BCHUSDT
[2026-03-22T18:14:47.291Z] Processing symbol: LINKUSDT
[2026-03-22T18:14:47.295Z] Fetching 1m candles for LINKUSDT
[2026-03-22T18:14:47.300Z] Processing symbol: TRXUSDT
[2026-03-22T18:14:47.302Z] Fetching 1m candles for TRXUSDT
[2026-03-22T18:14:47.309Z] Processing symbol: UNIUSDT
[2026-03-22T18:14:47.312Z] Fetching 1m candles for UNIUSDT
[2026-03-22T18:14:47.315Z] Processing symbol: AVAXUSDT
[2026-03-22T18:14:47.318Z] Fetching 1m candles for AVAXUSDT
[2026-03-22T18:14:47.325Z] Processing symbol: ETCUSDT
[2026-03-22T18:14:47.329Z] Fetching 1m candles for ETCUSDT
[2026-03-22T18:14:47.332Z] Processing symbol: XLMUSDT
[2026-03-22T18:14:47.336Z] Fetching 1m candles for XLMUSDT
[2026-03-22T18:14:47.344Z] Processing symbol: FILUSDT
[2026-03-22T18:14:47.349Z] Fetching 1m candles for FILUSDT
[2026-03-22T18:14:47.359Z] Processing symbol: ICPUSDT
[2026-03-22T18:14:47.366Z] Fetching 1m candles for ICPUSDT
[2026-03-22T18:14:47.377Z] Processing symbol: VETUSDT
[2026-03-22T18:14:47.383Z] Fetching 1m candles for VETUSDT
[2026-03-22T18:14:47.396Z] Processing symbol: BNBUSDT
[2026-03-22T18:14:47.412Z] Fetching 1m candles for BNBUSDT
[2026-03-22T18:14:47.426Z] Processing symbol: OPUSDT
[2026-03-22T18:14:47.438Z] Fetching 1m candles for OPUSDT
[2026-03-22T18:14:47.921Z] Fetched 1m candles for BTCUSDT. Sample: [["1774197300000","68686","68719.1","68679.7","68719","28.4119","1952021.22942"],["1774197360000","68719","68735.7","68719","68733.7","8.0462","552996.40798"]]
[2026-03-22T18:14:47.925Z] Fetching 15m candles for BTCUSDT
[2026-03-22T18:14:48.354Z] Fetched 1m candles for ETHUSDT. Sample: [["1774197300000","2079.73","2080.86","2079.19","2080.86","16.82","34982.9169"],["1774197360000","2080.86","2081.07","2080.29","2080.72","5.71","11880.0982"]]
[2026-03-22T18:14:48.392Z] Fetching 15m candles for ETHUSDT
[2026-03-22T18:14:48.879Z] Fetched 1m candles for ADAUSDT. Sample: [["1774197300000","0.2541","0.2542","0.2531","0.254","1347430","341652.5395"],["1774197360000","0.254","0.2544","0.254","0.2541","369873","94025.3729"]]
[2026-03-22T18:14:48.960Z] Fetching 15m candles for ADAUSDT
[2026-03-22T18:14:48.967Z] Fetched 1m candles for DOGEUSDT. Sample: [["1774197300000","0.09143","0.09146","0.09141","0.09146","9795","895.52563"],["1774197360000","0.09146","0.0915","0.09146","0.0915","14142","1293.89932"]]
[2026-03-22T18:14:49.017Z] Fetching 15m candles for DOGEUSDT
[2026-03-22T18:14:49.067Z] Fetched 1m candles for SOLUSDT. Sample: [["1774197300000","87.3","87.311","87.281","87.311","87.1","7603.9277"],["1774197360000","87.311","87.368","87.311","87.36","241.5","21095.7879"]]
[2026-03-22T18:14:49.097Z] Fetching 15m candles for SOLUSDT
[2026-03-22T18:14:49.136Z] Fetched 1m candles for DOTUSDT. Sample: [["1774197300000","1.434","1.434","1.434","1.434","0","0"],["1774197360000","1.434","1.434","1.434","1.434","82","117.588"]]
[2026-03-22T18:14:49.157Z] Fetching 15m candles for DOTUSDT
[2026-03-22T18:14:49.174Z] Fetched 1m candles for LTCUSDT. Sample: [["1774197300000","54.08","54.09","54.07","54.09","2.3","124.375"],["1774197360000","54.09","54.11","54.09","54.11","17.1","925.281"]]
[2026-03-22T18:14:49.215Z] Fetching 15m candles for LTCUSDT
[2026-03-22T18:14:49.236Z] Fetched 1m candles for ICPUSDT. Sample: [["1774197300000","2.387","2.387","2.385","2.385","124.19","296.27623"],["1774197360000","2.385","2.386","2.385","2.386","415.74","991.95564"]]
[2026-03-22T18:14:49.255Z] Fetching 15m candles for ICPUSDT
[2026-03-22T18:14:49.267Z] Fetched 1m candles for ETCUSDT. Sample: [["1774197300000","8.119","8.119","8.119","8.119","0","0"],["1774197360000","8.119","8.119","8.119","8.119","0","0"]]
[2026-03-22T18:14:49.287Z] Fetching 15m candles for ETCUSDT
[2026-03-22T18:14:49.303Z] Fetched 1m candles for UNIUSDT. Sample: [["1774197300000","3.485","3.485","3.484","3.484","10","34.84"],["1774197360000","3.484","3.485","3.484","3.485","21","73.185"]]
[2026-03-22T18:14:49.316Z] Fetching 15m candles for UNIUSDT
[2026-03-22T18:14:49.326Z] Fetched 1m candles for VETUSDT. Sample: [["1774197300000","0.006942","0.006942","0.006942","0.006942","0","0"],["1774197360000","0.006942","0.006945","0.006942","0.006945","20419","141.792317"]]
[2026-03-22T18:14:49.337Z] Fetching 15m candles for VETUSDT
[2026-03-22T18:14:49.352Z] Fetched 1m candles for OPUSDT. Sample: [["1774197300000","0.1161","0.1161","0.1161","0.1161","0","0"],["1774197360000","0.1161","0.1161","0.1159","0.1159","587","68.0333"]]
[2026-03-22T18:14:49.370Z] Fetching 15m candles for OPUSDT
[2026-03-22T18:14:49.422Z] Fetched 1m candles for XRPUSDT. Sample: [["1774197300000","1.3928","1.3928","1.3922","1.3927","21829","30394.8426"],["1774197360000","1.3927","1.3932","1.3927","1.3932","5050","7034.8138"]]
[2026-03-22T18:14:49.519Z] Fetching 15m candles for XRPUSDT
[2026-03-22T18:14:49.552Z] Fetched 1m candles for LINKUSDT. Sample: [["1774197300000","8.787","8.787","8.784","8.787","151","1326.579"],["1774197360000","8.787","8.791","8.787","8.789","3175","27906.263"]]
[2026-03-22T18:14:49.590Z] Fetching 15m candles for LINKUSDT
[2026-03-22T18:14:49.672Z] Fetched 1m candles for BCHUSDT. Sample: [["1774197300000","468.28","468.33","468.28","468.33","0.53","248.2149"],["1774197360000","468.33","468.46","468.33","468.46","1.24","580.8564"]]
[2026-03-22T18:14:49.714Z] Fetching 15m candles for BCHUSDT
[2026-03-22T18:14:49.758Z] Fetched 1m candles for FILUSDT. Sample: [["1774197300000","0.8759","0.876","0.8756","0.876","555.8","486.79586"],["1774197360000","0.876","0.8764","0.8757","0.8764","5285.4","4630.47035"]]
[2026-03-22T18:14:49.767Z] Fetching 15m candles for FILUSDT
[2026-03-22T18:14:49.817Z] Fetched 1m candles for AVAXUSDT. Sample: [["1774197300000","9.086","9.086","9.08","9.08","6","54.4807"],["1774197360000","9.08","9.087","9.08","9.086","163.6","1486.4985"]]
[2026-03-22T18:14:49.829Z] Fetching 15m candles for AVAXUSDT
[2026-03-22T18:14:49.851Z] Fetched 1m candles for BNBUSDT. Sample: [["1774197300000","629.76","629.76","629.53","629.53","9.23","5812.1003"],["1774197360000","629.53","629.53","629.52","629.52","0.78","491.0313"]]
[2026-03-22T18:14:49.869Z] Fetching 15m candles for BNBUSDT
[2026-03-22T18:14:49.930Z] Fetched 1m candles for XLMUSDT. Sample: [["1774197300000","0.15887","0.1589","0.15881","0.15889","16367","2599.4607"],["1774197360000","0.15889","0.15903","0.15889","0.15903","36090","5738.95261"]]
[2026-03-22T18:14:49.967Z] Fetching 15m candles for XLMUSDT
[2026-03-22T18:14:49.999Z] Fetched 1m candles for TRXUSDT. Sample: [["1774197300000","0.31654","0.3166","0.31648","0.3166","5729","1813.42757"],["1774197360000","0.3166","0.3166","0.31655","0.31655","18036","5709.29607"]]
[2026-03-22T18:14:50.019Z] Fetching 15m candles for TRXUSDT
[2026-03-22T18:14:50.120Z] Fetching 4H candles for BTCUSDT
[2026-03-22T18:14:50.126Z] Fetching 4H candles for ETHUSDT
[2026-03-22T18:14:50.134Z] Fetching 4H candles for SOLUSDT
[2026-03-22T18:14:50.143Z] Fetching 4H candles for ADAUSDT
[2026-03-22T18:14:50.150Z] Fetching 4H candles for DOTUSDT
[2026-03-22T18:14:50.159Z] Fetching 4H candles for DOGEUSDT
[2026-03-22T18:14:50.554Z] Fetching 4H candles for ICPUSDT
[2026-03-22T18:14:50.580Z] Fetching 4H candles for VETUSDT
[2026-03-22T18:14:50.643Z] Fetching 4H candles for LTCUSDT
[2026-03-22T18:14:50.649Z] Fetching 4H candles for UNIUSDT
[2026-03-22T18:14:50.730Z] Fetching 4H candles for OPUSDT
[2026-03-22T18:14:50.773Z] Fetching 4H candles for ETCUSDT
[2026-03-22T18:14:50.784Z] Fetching 4H candles for FILUSDT
[2026-03-22T18:14:50.794Z] Fetching 4H candles for BCHUSDT
[2026-03-22T18:14:50.813Z] Fetching 4H candles for LINKUSDT
[2026-03-22T18:14:50.816Z] Fetching 4H candles for XRPUSDT
[2026-03-22T18:14:50.818Z] Fetching 4H candles for AVAXUSDT
[2026-03-22T18:14:50.833Z] Fetching 4H candles for BNBUSDT
[2026-03-22T18:14:50.837Z] Fetching 4H candles for XLMUSDT
[2026-03-22T18:14:50.858Z] Fetching 4H candles for TRXUSDT
[2026-03-22T18:14:50.873Z] Mapping candle data...
[2026-03-22T18:14:50.877Z] Long-term ATR (4H): 0.01543434343434343
[2026-03-22T18:14:50.878Z] Calling analyze function...
[2026-03-22T18:14:50.890Z] Analyze function returned: Signal=HOLD, RSI=60.2, EMA=1.4334980560595219, ATR=0.0007528358868080209, Price=1.435
[2026-03-22T18:14:50.904Z] Trend Direction: 15m=DOWN, 4h=DOWN
[2026-03-22T18:14:50.910Z] Starting multi-timeframe confirmation...
[2026-03-22T18:14:50.912Z] Adjusted position size with sentiment: 21.68722490
[2026-03-22T18:14:50.913Z] Type of dailyLossCheck: function
[2026-03-22T18:14:50.915Z] USDT available: 27.10903112
[2026-03-22T18:14:50.920Z] Calculated position size (USDT): 21.68722490
[2026-03-22T18:14:50.923Z] Last price: 1.435
[2026-03-22T18:14:50.925Z] Calculated quantity: 15.11304871
[2026-03-22T18:14:50.926Z] No trade executed for DOTUSDT due to signal: HOLD
[2026-03-22T18:14:50.932Z] Mapping candle data...
[2026-03-22T18:14:50.939Z] Long-term ATR (4H): 0.0025131313131313117
[2026-03-22T18:14:50.944Z] Calling analyze function...
[2026-03-22T18:14:50.958Z] Analyze function returned: Signal=HOLD, RSI=61.02, EMA=0.254023583728624, ATR=0.00012742470298857144, Price=0.2543
[2026-03-22T18:14:50.978Z] Trend Direction: 15m=DOWN, 4h=DOWN
[2026-03-22T18:14:50.988Z] Starting multi-timeframe confirmation...
[2026-03-22T18:14:50.994Z] Adjusted position size with sentiment: 21.68722490
[2026-03-22T18:14:51.004Z] Type of dailyLossCheck: function
[2026-03-22T18:14:51.008Z] USDT available: 27.10903112
[2026-03-22T18:14:51.009Z] Calculated position size (USDT): 21.68722490
[2026-03-22T18:14:51.010Z] Last price: 0.2543
[2026-03-22T18:14:51.012Z] Calculated quantity: 85.28204835
[2026-03-22T18:14:51.014Z] No trade executed for ADAUSDT due to signal: HOLD
[2026-03-22T18:14:51.043Z] Mapping candle data...
[2026-03-22T18:14:51.049Z] Long-term ATR (4H): 460.9404040404038
[2026-03-22T18:14:51.057Z] Calling analyze function...
[2026-03-22T18:14:51.061Z] Analyze function returned: Signal=HOLD, RSI=56.58, EMA=68658.8313577162, ATR=24.11219582366216, Price=68688.2
[2026-03-22T18:14:51.078Z] Trend Direction: 15m=DOWN, 4h=DOWN
[2026-03-22T18:14:51.094Z] Starting multi-timeframe confirmation...
[2026-03-22T18:14:51.103Z] Adjusted position size with sentiment: 21.68722490
[2026-03-22T18:14:51.110Z] Type of dailyLossCheck: function
[2026-03-22T18:14:51.114Z] USDT available: 27.10903112
[2026-03-22T18:14:51.122Z] Calculated position size (USDT): 21.68722490
[2026-03-22T18:14:51.124Z] Last price: 68688.2
[2026-03-22T18:14:51.127Z] Calculated quantity: 0.00031573
[2026-03-22T18:14:51.130Z] No trade executed for BTCUSDT due to signal: HOLD
[2026-03-22T18:14:51.140Z] Mapping candle data...
[2026-03-22T18:14:51.142Z] Long-term ATR (4H): 18.43949494949497
[2026-03-22T18:14:51.143Z] Calling analyze function...
[2026-03-22T18:14:51.148Z] Analyze function returned: Signal=HOLD, RSI=55.14, EMA=2078.3498014591564, ATR=0.9285185657822242, Price=2079.19
[2026-03-22T18:14:51.156Z] Trend Direction: 15m=DOWN, 4h=DOWN
[2026-03-22T18:14:51.159Z] Starting multi-timeframe confirmation...
[2026-03-22T18:14:51.162Z] Adjusted position size with sentiment: 21.68722490
[2026-03-22T18:14:51.171Z] Type of dailyLossCheck: function
[2026-03-22T18:14:51.174Z] USDT available: 27.10903112
[2026-03-22T18:14:51.179Z] Calculated position size (USDT): 21.68722490
[2026-03-22T18:14:51.188Z] Last price: 2079.19
[2026-03-22T18:14:51.191Z] Calculated quantity: 0.01043061
[2026-03-22T18:14:51.197Z] No trade executed for ETHUSDT due to signal: HOLD
[2026-03-22T18:14:51.224Z] Mapping candle data...
[2026-03-22T18:14:51.229Z] Long-term ATR (4H): 0.8115353535353541
[2026-03-22T18:14:51.237Z] Calling analyze function...
[2026-03-22T18:14:51.245Z] Analyze function returned: Signal=HOLD, RSI=56.6, EMA=87.22447346533154, ATR=0.04185658845491549, Price=87.273
[2026-03-22T18:14:51.252Z] Trend Direction: 15m=DOWN, 4h=DOWN
[2026-03-22T18:14:51.257Z] Starting multi-timeframe confirmation...
[2026-03-22T18:14:51.260Z] Adjusted position size with sentiment: 21.68722490
[2026-03-22T18:14:51.272Z] Type of dailyLossCheck: function
[2026-03-22T18:14:51.280Z] USDT available: 27.10903112
[2026-03-22T18:14:51.288Z] Calculated position size (USDT): 21.68722490
[2026-03-22T18:14:51.290Z] Last price: 87.273
[2026-03-22T18:14:51.293Z] Calculated quantity: 0.24849868
[2026-03-22T18:14:51.296Z] No trade executed for SOLUSDT due to signal: HOLD
[2026-03-22T18:14:51.301Z] Mapping candle data...
[2026-03-22T18:14:51.305Z] Long-term ATR (4H): 0.0009105050505050495
[2026-03-22T18:14:51.309Z] Calling analyze function...
[2026-03-22T18:14:51.314Z] Analyze function returned: Signal=HOLD, RSI=42.5, EMA=0.09129748267204499, ATR=0.00004634548161416155, Price=0.09126
[2026-03-22T18:14:51.320Z] Trend Direction: 15m=DOWN, 4h=DOWN
[2026-03-22T18:14:51.323Z] Starting multi-timeframe confirmation...
[2026-03-22T18:14:51.325Z] Adjusted position size with sentiment: 21.68722490
[2026-03-22T18:14:51.326Z] Type of dailyLossCheck: function
[2026-03-22T18:14:51.328Z] USDT available: 27.10903112
[2026-03-22T18:14:51.336Z] Calculated position size (USDT): 21.68722490
[2026-03-22T18:14:51.338Z] Last price: 0.09126
[2026-03-22T18:14:51.340Z] Calculated quantity: 237.64217506
[2026-03-22T18:14:51.342Z] No trade executed for DOGEUSDT due to signal: HOLD
[2026-03-22T18:14:51.352Z] Mapping candle data...
[2026-03-22T18:14:51.354Z] Long-term ATR (4H): 0.029060606060606065
[2026-03-22T18:14:51.357Z] Calling analyze function...
[2026-03-22T18:14:51.362Z] Analyze function returned: Signal=HOLD, RSI=39.23, EMA=2.385156279611412, ATR=0.0012049187576841595, Price=2.383
[2026-03-22T18:14:51.372Z] Trend Direction: 15m=DOWN, 4h=DOWN
[2026-03-22T18:14:51.375Z] Starting multi-timeframe confirmation...
[2026-03-22T18:14:51.378Z] Adjusted position size with sentiment: 21.68722490
[2026-03-22T18:14:51.386Z] Type of dailyLossCheck: function
[2026-03-22T18:14:51.389Z] USDT available: 27.10903112
[2026-03-22T18:14:51.390Z] Calculated position size (USDT): 21.68722490
[2026-03-22T18:14:51.393Z] Last price: 2.383
[2026-03-22T18:14:51.395Z] Calculated quantity: 9.10080776
[2026-03-22T18:14:51.396Z] No trade executed for ICPUSDT due to signal: HOLD
[2026-03-22T18:14:51.401Z] Mapping candle data...
[2026-03-22T18:14:51.405Z] Long-term ATR (4H): 0.00006112121212121212
[2026-03-22T18:14:51.406Z] Calling analyze function...
[2026-03-22T18:14:51.411Z] Analyze function returned: Signal=HOLD, RSI=47.63, EMA=0.006923793058164235, ATR=0.0000011689909848578835, Price=0.006924
[2026-03-22T18:14:51.416Z] Trend Direction: 15m=DOWN, 4h=DOWN
[2026-03-22T18:14:51.419Z] Starting multi-timeframe confirmation...
[2026-03-22T18:14:51.425Z] Adjusted position size with sentiment: 21.68722490
[2026-03-22T18:14:51.429Z] Type of dailyLossCheck: function
[2026-03-22T18:14:51.435Z] USDT available: 27.10903112
[2026-03-22T18:14:51.440Z] Calculated position size (USDT): 21.68722490
[2026-03-22T18:14:51.442Z] Last price: 0.006924
[2026-03-22T18:14:51.446Z] Calculated quantity: 3132.18152744
[2026-03-22T18:14:51.456Z] No trade executed for VETUSDT due to signal: HOLD
[2026-03-22T18:14:51.502Z] Mapping candle data...
[2026-03-22T18:14:51.503Z] Long-term ATR (4H): 0.034515151515151485
[2026-03-22T18:14:51.506Z] Calling analyze function...
[2026-03-22T18:14:51.508Z] Analyze function returned: Signal=HOLD, RSI=59.39, EMA=3.4836194710065493, ATR=0.001114823688821415, Price=3.486
[2026-03-22T18:14:51.510Z] Trend Direction: 15m=DOWN, 4h=DOWN
[2026-03-22T18:14:51.512Z] Starting multi-timeframe confirmation...
[2026-03-22T18:14:51.519Z] Adjusted position size with sentiment: 21.68722490
[2026-03-22T18:14:51.521Z] Type of dailyLossCheck: function
[2026-03-22T18:14:51.523Z] USDT available: 27.10903112
[2026-03-22T18:14:51.524Z] Calculated position size (USDT): 21.68722490
[2026-03-22T18:14:51.526Z] Last price: 3.486
[2026-03-22T18:14:51.529Z] Calculated quantity: 6.22123491
[2026-03-22T18:14:51.534Z] No trade executed for UNIUSDT due to signal: HOLD
[2026-03-22T18:14:51.538Z] Mapping candle data...
[2026-03-22T18:14:51.540Z] Long-term ATR (4H): 2.7436363636363637
[2026-03-22T18:14:51.542Z] Calling analyze function...
[2026-03-22T18:14:51.546Z] Analyze function returned: Signal=HOLD, RSI=62.45, EMA=467.25106511256706, ATR=0.16329659024757012, Price=467.57
[2026-03-22T18:14:51.552Z] Trend Direction: 15m=UP, 4h=UP
[2026-03-22T18:14:51.555Z] Starting multi-timeframe confirmation...
[2026-03-22T18:14:51.557Z] Adjusted position size with sentiment: 21.68722490
[2026-03-22T18:14:51.559Z] Type of dailyLossCheck: function
[2026-03-22T18:14:51.562Z] USDT available: 27.10903112
[2026-03-22T18:14:51.566Z] Calculated position size (USDT): 21.68722490
[2026-03-22T18:14:51.570Z] Last price: 467.57
[2026-03-22T18:14:51.572Z] Calculated quantity: 0.04638284
[2026-03-22T18:14:51.577Z] No trade executed for BCHUSDT due to signal: HOLD
[2026-03-22T18:14:51.586Z] Mapping candle data...
[2026-03-22T18:14:51.588Z] Long-term ATR (4H): 0.010827272727272729
[2026-03-22T18:14:51.590Z] Calling analyze function...
[2026-03-22T18:14:51.596Z] Analyze function returned: Signal=HOLD, RSI=45.41, EMA=0.8726006336916768, ATR=0.000365927597695608, Price=0.8725
[2026-03-22T18:14:51.603Z] Trend Direction: 15m=DOWN, 4h=DOWN
[2026-03-22T18:14:51.606Z] Starting multi-timeframe confirmation...
[2026-03-22T18:14:51.612Z] Adjusted position size with sentiment: 21.68722490
[2026-03-22T18:14:51.621Z] Type of dailyLossCheck: function
[2026-03-22T18:14:51.623Z] USDT available: 27.10903112
[2026-03-22T18:14:51.628Z] Calculated position size (USDT): 21.68722490
[2026-03-22T18:14:51.634Z] Last price: 0.8725
[2026-03-22T18:14:51.637Z] Calculated quantity: 24.85641822
[2026-03-22T18:14:51.641Z] No trade executed for FILUSDT due to signal: HOLD
[2026-03-22T18:14:51.645Z] Mapping candle data...
[2026-03-22T18:14:51.647Z] Long-term ATR (4H): 0.35030303030303006
[2026-03-22T18:14:51.652Z] Calling analyze function...
[2026-03-22T18:14:51.657Z] Analyze function returned: Signal=HOLD, RSI=61.13, EMA=54.07608680139331, ATR=0.01383644718906648, Price=54.11
[2026-03-22T18:14:51.660Z] Trend Direction: 15m=DOWN, 4h=DOWN
[2026-03-22T18:14:51.662Z] Starting multi-timeframe confirmation...
[2026-03-22T18:14:51.669Z] Adjusted position size with sentiment: 21.68722490
[2026-03-22T18:14:51.670Z] Type of dailyLossCheck: function
[2026-03-22T18:14:51.672Z] USDT available: 27.10903112
[2026-03-22T18:14:51.674Z] Calculated position size (USDT): 21.68722490
[2026-03-22T18:14:51.676Z] Last price: 54.11
[2026-03-22T18:14:51.677Z] Calculated quantity: 0.40079883
[2026-03-22T18:14:51.679Z] No trade executed for LTCUSDT due to signal: HOLD
[2026-03-22T18:14:51.686Z] Mapping candle data...
[2026-03-22T18:14:51.688Z] Long-term ATR (4H): 0.07020202020202014
[2026-03-22T18:14:51.690Z] Calling analyze function...
[2026-03-22T18:14:51.693Z] Analyze function returned: Signal=HOLD, RSI=54.3, EMA=8.100643460058329, ATR=0.0021965885880010426, Price=8.103
[2026-03-22T18:14:51.698Z] Trend Direction: 15m=DOWN, 4h=DOWN
[2026-03-22T18:14:51.701Z] Starting multi-timeframe confirmation...
[2026-03-22T18:14:51.703Z] Adjusted position size with sentiment: 21.68722490
[2026-03-22T18:14:51.705Z] Type of dailyLossCheck: function
[2026-03-22T18:14:51.707Z] USDT available: 27.10903112
[2026-03-22T18:14:51.708Z] Calculated position size (USDT): 21.68722490
[2026-03-22T18:14:51.710Z] Last price: 8.103
[2026-03-22T18:14:51.711Z] Calculated quantity: 2.67644390
[2026-03-22T18:14:51.714Z] No trade executed for ETCUSDT due to signal: HOLD
[2026-03-22T18:14:51.724Z] Mapping candle data...
[2026-03-22T18:14:51.806Z] Long-term ATR (4H): 0.0012747474747474739
[2026-03-22T18:14:51.876Z] Calling analyze function...
[2026-03-22T18:14:51.918Z] Analyze function returned: Signal=HOLD, RSI=49.93, EMA=0.11506908450734663, ATR=0.00006178801284076418, Price=0.1151
[2026-03-22T18:14:51.925Z] Trend Direction: 15m=DOWN, 4h=DOWN
[2026-03-22T18:14:51.927Z] Starting multi-timeframe confirmation...
[2026-03-22T18:14:51.931Z] Adjusted position size with sentiment: 21.68722490
[2026-03-22T18:14:51.932Z] Type of dailyLossCheck: function
[2026-03-22T18:14:51.935Z] USDT available: 27.10903112
[2026-03-22T18:14:51.938Z] Calculated position size (USDT): 21.68722490
[2026-03-22T18:14:51.940Z] Last price: 0.1151
[2026-03-22T18:14:51.977Z] Calculated quantity: 188.42072021
[2026-03-22T18:14:51.982Z] No trade executed for OPUSDT due to signal: HOLD
[2026-03-22T18:14:51.991Z] Mapping candle data...
[2026-03-22T18:14:51.997Z] Long-term ATR (4H): 0.07330303030303036
[2026-03-22T18:14:52.002Z] Calling analyze function...
[2026-03-22T18:14:52.004Z] Analyze function returned: Signal=HOLD, RSI=56.78, EMA=8.768092217649322, ATR=0.0038287257552869908, Price=8.773
[2026-03-22T18:14:52.006Z] Trend Direction: 15m=DOWN, 4h=DOWN
[2026-03-22T18:14:52.008Z] Starting multi-timeframe confirmation...
[2026-03-22T18:14:52.010Z] Adjusted position size with sentiment: 21.68722490
[2026-03-22T18:14:52.015Z] Type of dailyLossCheck: function
[2026-03-22T18:14:52.017Z] USDT available: 27.10903112
[2026-03-22T18:14:52.018Z] Calculated position size (USDT): 21.68722490
[2026-03-22T18:14:52.021Z] Last price: 8.773
[2026-03-22T18:14:52.026Z] Calculated quantity: 2.47204205
[2026-03-22T18:14:52.031Z] No trade executed for LINKUSDT due to signal: HOLD
[2026-03-22T18:14:52.036Z] Mapping candle data...
[2026-03-22T18:14:52.038Z] Long-term ATR (4H): 0.010825252525252524
[2026-03-22T18:14:52.045Z] Calling analyze function...
[2026-03-22T18:14:52.050Z] Analyze function returned: Signal=HOLD, RSI=40.72, EMA=1.3902034988215988, ATR=0.0006810765831907207, Price=1.3895
[2026-03-22T18:14:52.052Z] Trend Direction: 15m=DOWN, 4h=DOWN
[2026-03-22T18:14:52.055Z] Starting multi-timeframe confirmation...
[2026-03-22T18:14:52.057Z] Adjusted position size with sentiment: 21.68722490
[2026-03-22T18:14:52.060Z] Type of dailyLossCheck: function
[2026-03-22T18:14:52.065Z] USDT available: 27.10903112
[2026-03-22T18:14:52.068Z] Calculated position size (USDT): 21.68722490
[2026-03-22T18:14:52.071Z] Last price: 1.3895
[2026-03-22T18:14:52.074Z] Calculated quantity: 15.60793443
[2026-03-22T18:14:52.076Z] No trade executed for XRPUSDT due to signal: HOLD
[2026-03-22T18:14:52.089Z] Mapping candle data...
[2026-03-22T18:14:52.091Z] Long-term ATR (4H): 0.08825252525252525
[2026-03-22T18:14:52.093Z] Calling analyze function...
[2026-03-22T18:14:52.099Z] Analyze function returned: Signal=HOLD, RSI=49.39, EMA=9.06272857392325, ATR=0.004833397754183243, Price=9.063
[2026-03-22T18:14:52.103Z] Trend Direction: 15m=DOWN, 4h=DOWN
[2026-03-22T18:14:52.105Z] Starting multi-timeframe confirmation...
[2026-03-22T18:14:52.107Z] Adjusted position size with sentiment: 21.68722490
[2026-03-22T18:14:52.110Z] Type of dailyLossCheck: function
[2026-03-22T18:14:52.115Z] USDT available: 27.10903112
[2026-03-22T18:14:52.116Z] Calculated position size (USDT): 21.68722490
[2026-03-22T18:14:52.118Z] Last price: 9.063
[2026-03-22T18:14:52.120Z] Calculated quantity: 2.39294107
[2026-03-22T18:14:52.121Z] No trade executed for AVAXUSDT due to signal: HOLD
[2026-03-22T18:14:52.125Z] Mapping candle data...
[2026-03-22T18:14:52.130Z] Long-term ATR (4H): 3.5539393939393875
[2026-03-22T18:14:52.132Z] Calling analyze function...
[2026-03-22T18:14:52.134Z] Analyze function returned: Signal=HOLD, RSI=51.03, EMA=630.005411578004, ATR=0.180858406481692, Price=630.12
[2026-03-22T18:14:52.136Z] Trend Direction: 15m=DOWN, 4h=DOWN
[2026-03-22T18:14:52.138Z] Starting multi-timeframe confirmation...
[2026-03-22T18:14:52.140Z] Adjusted position size with sentiment: 21.68722490
[2026-03-22T18:14:52.142Z] Type of dailyLossCheck: function
[2026-03-22T18:14:52.144Z] USDT available: 27.10903112
[2026-03-22T18:14:52.149Z] Calculated position size (USDT): 21.68722490
[2026-03-22T18:14:52.150Z] Last price: 630.12
[2026-03-22T18:14:52.153Z] Calculated quantity: 0.03441761
[2026-03-22T18:14:52.154Z] No trade executed for BNBUSDT due to signal: HOLD
[2026-03-22T18:14:52.157Z] Mapping candle data...
[2026-03-22T18:14:52.159Z] Long-term ATR (4H): 0.0013971717171717174
[2026-03-22T18:14:52.161Z] Calling analyze function...
[2026-03-22T18:14:52.168Z] Analyze function returned: Signal=HOLD, RSI=47.49, EMA=0.1574018557595351, ATR=0.00007100934841780803, Price=0.15742
[2026-03-22T18:14:52.169Z] Trend Direction: 15m=DOWN, 4h=DOWN
[2026-03-22T18:14:52.171Z] Starting multi-timeframe confirmation...
[2026-03-22T18:14:52.172Z] Adjusted position size with sentiment: 21.68722490
[2026-03-22T18:14:52.175Z] Type of dailyLossCheck: function
[2026-03-22T18:14:52.176Z] USDT available: 27.10903112
[2026-03-22T18:14:52.182Z] Calculated position size (USDT): 21.68722490
[2026-03-22T18:14:52.184Z] Last price: 0.15742
[2026-03-22T18:14:52.185Z] Calculated quantity: 137.76664271
[2026-03-22T18:14:52.187Z] No trade executed for XLMUSDT due to signal: HOLD
[2026-03-22T18:14:52.190Z] Mapping candle data...
[2026-03-22T18:14:52.196Z] Long-term ATR (4H): 0.0011439393939393918
[2026-03-22T18:14:52.200Z] Calling analyze function...
[2026-03-22T18:14:52.203Z] Analyze function returned: Signal=HOLD, RSI=46.45, EMA=0.3178058642147474, ATR=0.00018511700723631286, Price=0.31763
[2026-03-22T18:14:52.205Z] Trend Direction: 15m=UP, 4h=UP
[2026-03-22T18:14:52.209Z] Starting multi-timeframe confirmation...
[2026-03-22T18:14:52.214Z] Adjusted position size with sentiment: 21.68722490
[2026-03-22T18:14:52.217Z] Type of dailyLossCheck: function
[2026-03-22T18:14:52.218Z] USDT available: 27.10903112
[2026-03-22T18:14:52.220Z] Calculated position size (USDT): 21.68722490
[2026-03-22T18:14:52.224Z] Last price: 0.31763
[2026-03-22T18:14:52.226Z] Calculated quantity: 68.27826369
[2026-03-22T18:14:52.232Z] No trade executed for TRXUSDT due to signal: HOLD
[2026-03-22T18:15:15.479Z] runBot function started.
[2026-03-22T18:15:16.739Z] Connected to Deriv WebSocket API
[2026-03-22T18:15:17.171Z] Deriv API Authorized: VRTC6531638
[2026-03-22T18:15:17.172Z] Connected to Deriv API successfully.
[2026-03-22T18:15:18.360Z] Fetched Bitget contract configurations.
[2026-03-22T18:15:18.362Z] Deriv API: Placeholder for getContractConfig for undefined
[2026-03-22T18:15:18.364Z] Fetched Deriv contract configurations.
[2026-03-22T18:15:18.366Z] Skipping news sentiment fetch. Next fetch in approximately 3 minutes.
[2026-03-22T18:15:18.368Z] Entering symbol loop.
[2026-03-22T18:15:18.794Z] Fetched Bitget balances successfully.
[2026-03-22T18:15:19.178Z] Fetched Deriv balances successfully.
[2026-03-22T18:15:19.235Z] Initial balance set to: 27.11 USDT
[2026-03-22T18:15:19.303Z] Current Balance: 27.11 USDT, Initial Balance: 27.11 USDT, Peak Balance: 27.11 USDT
[2026-03-22T18:15:19.314Z] Daily Loss Percent: 0.00%, Total Drawdown Percent: 0.00%
[2026-03-22T18:15:19.356Z] Processing symbol: BTCUSDT
[2026-03-22T18:15:19.360Z] Fetching 1m candles for BTCUSDT
[2026-03-22T18:15:19.363Z] Processing symbol: ETHUSDT
[2026-03-22T18:15:19.372Z] Fetching 1m candles for ETHUSDT
[2026-03-22T18:15:19.377Z] Processing symbol: XRPUSDT
[2026-03-22T18:15:19.379Z] Fetching 1m candles for XRPUSDT
[2026-03-22T18:15:19.382Z] Processing symbol: ADAUSDT
[2026-03-22T18:15:19.388Z] Fetching 1m candles for ADAUSDT
[2026-03-22T18:15:19.390Z] Processing symbol: SOLUSDT
[2026-03-22T18:15:19.391Z] Fetching 1m candles for SOLUSDT
[2026-03-22T18:15:19.392Z] Processing symbol: DOGEUSDT
[2026-03-22T18:15:19.394Z] Fetching 1m candles for DOGEUSDT
[2026-03-22T18:15:19.396Z] Processing symbol: DOTUSDT
[2026-03-22T18:15:19.399Z] Fetching 1m candles for DOTUSDT
[2026-03-22T18:15:19.404Z] Processing symbol: LTCUSDT
[2026-03-22T18:15:19.406Z] Fetching 1m candles for LTCUSDT
[2026-03-22T18:15:19.407Z] Processing symbol: BCHUSDT
[2026-03-22T18:15:19.409Z] Fetching 1m candles for BCHUSDT
[2026-03-22T18:15:19.410Z] Processing symbol: LINKUSDT
[2026-03-22T18:15:19.412Z] Fetching 1m candles for LINKUSDT
[2026-03-22T18:15:19.416Z] Processing symbol: TRXUSDT
[2026-03-22T18:15:19.421Z] Fetching 1m candles for TRXUSDT
[2026-03-22T18:15:19.423Z] Processing symbol: UNIUSDT
[2026-03-22T18:15:19.424Z] Fetching 1m candles for UNIUSDT
[2026-03-22T18:15:19.425Z] Processing symbol: AVAXUSDT
[2026-03-22T18:15:19.427Z] Fetching 1m candles for AVAXUSDT
[2026-03-22T18:15:19.429Z] Processing symbol: ETCUSDT
[2026-03-22T18:15:19.431Z] Fetching 1m candles for ETCUSDT
[2026-03-22T18:15:19.437Z] Processing symbol: XLMUSDT
[2026-03-22T18:15:19.438Z] Fetching 1m candles for XLMUSDT
[2026-03-22T18:15:19.440Z] Processing symbol: FILUSDT
[2026-03-22T18:15:19.441Z] Fetching 1m candles for FILUSDT
[2026-03-22T18:15:19.443Z] Processing symbol: ICPUSDT
[2026-03-22T18:15:19.445Z] Fetching 1m candles for ICPUSDT
[2026-03-22T18:15:19.446Z] Processing symbol: VETUSDT
[2026-03-22T18:15:19.448Z] Fetching 1m candles for VETUSDT
[2026-03-22T18:15:19.452Z] Processing symbol: BNBUSDT
[2026-03-22T18:15:19.456Z] Fetching 1m candles for BNBUSDT
[2026-03-22T18:15:19.458Z] Processing symbol: OPUSDT
[2026-03-22T18:15:19.459Z] Fetching 1m candles for OPUSDT
[2026-03-22T18:15:20.011Z] Fetched 1m candles for BTCUSDT. Sample: [["1774197360000","68719","68735.7","68719","68733.7","8.0462","552996.40798"],["1774197420000","68733.7","68744.9","68727.4","68727.5","4.3246","297278.05775"]]
[2026-03-22T18:15:20.015Z] Fetching 15m candles for BTCUSDT
[2026-03-22T18:15:20.360Z] Fetched 1m candles for ETHUSDT. Sample: [["1774197360000","2080.86","2081.07","2080.29","2080.72","5.71","11880.0982"],["1774197420000","2080.72","2081.46","2080.72","2080.8","70.27","146248.9599"]]
[2026-03-22T18:15:20.361Z] Fetching 15m candles for ETHUSDT
[2026-03-22T18:15:20.364Z] Fetched 1m candles for SOLUSDT. Sample: [["1774197360000","87.311","87.368","87.311","87.36","241.5","21095.7879"],["1774197420000","87.36","87.373","87.36","87.365","525.9","45947.8778"]]
[2026-03-22T18:15:20.366Z] Fetching 15m candles for SOLUSDT
[2026-03-22T18:15:20.373Z] Fetched 1m candles for XRPUSDT. Sample: [["1774197360000","1.3927","1.3932","1.3927","1.3932","5050","7034.8138"],["1774197420000","1.3932","1.394","1.3932","1.3934","72606","101181.1347"]]
[2026-03-22T18:15:20.389Z] Fetching 15m candles for XRPUSDT
[2026-03-22T18:15:20.407Z] Fetched 1m candles for DOGEUSDT. Sample: [["1774197360000","0.09146","0.0915","0.09146","0.0915","14142","1293.89932"],["1774197420000","0.0915","0.09151","0.0915","0.0915","1732","158.479"]]
[2026-03-22T18:15:20.415Z] Fetching 15m candles for DOGEUSDT
[2026-03-22T18:15:20.420Z] Fetched 1m candles for ADAUSDT. Sample: [["1774197360000","0.254","0.2544","0.254","0.2541","369873","94025.3729"],["1774197420000","0.2541","0.2541","0.2539","0.254","49180","12493.7807"]]
[2026-03-22T18:15:20.422Z] Fetching 15m candles for ADAUSDT
[2026-03-22T18:15:20.430Z] Fetched 1m candles for LINKUSDT. Sample: [["1774197360000","8.787","8.791","8.787","8.789","3175","27906.263"],["1774197420000","8.789","8.789","8.785","8.785","50","439.3"]]
[2026-03-22T18:15:20.433Z] Fetching 15m candles for LINKUSDT
[2026-03-22T18:15:20.436Z] Fetched 1m candles for DOTUSDT. Sample: [["1774197360000","1.434","1.434","1.434","1.434","82","117.588"],["1774197420000","1.434","1.434","1.434","1.434","204","292.536"]]
[2026-03-22T18:15:20.441Z] Fetching 15m candles for DOTUSDT
[2026-03-22T18:15:20.459Z] Fetched 1m candles for LTCUSDT. Sample: [["1774197360000","54.09","54.11","54.09","54.11","17.1","925.281"],["1774197420000","54.11","54.11","54.1","54.1","0.7","37.87"]]
[2026-03-22T18:15:20.465Z] Fetching 15m candles for LTCUSDT
[2026-03-22T18:15:20.502Z] Fetched 1m candles for BCHUSDT. Sample: [["1774197360000","468.33","468.46","468.33","468.46","1.24","580.8564"],["1774197420000","468.46","468.46","468.46","468.46","0","0"]]
[2026-03-22T18:15:20.505Z] Fetching 15m candles for BCHUSDT
[2026-03-22T18:15:20.517Z] Fetched 1m candles for UNIUSDT. Sample: [["1774197360000","3.484","3.485","3.484","3.485","21","73.185"],["1774197420000","3.485","3.485","3.484","3.484","275","958.2"]]
[2026-03-22T18:15:20.519Z] Fetching 15m candles for UNIUSDT
[2026-03-22T18:15:20.527Z] Fetched 1m candles for ETCUSDT. Sample: [["1774197360000","8.119","8.119","8.119","8.119","0","0"],["1774197420000","8.119","8.119","8.119","8.119","0","0"]]
[2026-03-22T18:15:20.532Z] Fetching 15m candles for ETCUSDT
[2026-03-22T18:15:20.550Z] Fetched 1m candles for OPUSDT. Sample: [["1774197360000","0.1161","0.1161","0.1159","0.1159","587","68.0333"],["1774197420000","0.1159","0.1159","0.1159","0.1159","27561.6","3194.38944"]]
[2026-03-22T18:15:20.555Z] Fetching 15m candles for OPUSDT
[2026-03-22T18:15:20.563Z] Fetched 1m candles for AVAXUSDT. Sample: [["1774197360000","9.08","9.087","9.08","9.086","163.6","1486.4985"],["1774197420000","9.086","9.088","9.086","9.086","14.1","128.1394"]]
[2026-03-22T18:15:20.566Z] Fetching 15m candles for AVAXUSDT
[2026-03-22T18:15:20.577Z] Fetched 1m candles for TRXUSDT. Sample: [["1774197360000","0.3166","0.3166","0.31655","0.31655","18036","5709.29607"],["1774197420000","0.31655","0.31673","0.31655","0.31673","52202","16528.4791"]]
[2026-03-22T18:15:20.581Z] Fetching 15m candles for TRXUSDT
[2026-03-22T18:15:20.584Z] Fetched 1m candles for VETUSDT. Sample: [["1774197360000","0.006942","0.006945","0.006942","0.006945","20419","141.792317"],["1774197420000","0.006945","0.006945","0.006945","0.006945","0","0"]]
[2026-03-22T18:15:20.587Z] Fetching 15m candles for VETUSDT
[2026-03-22T18:15:20.592Z] Fetched 1m candles for ICPUSDT. Sample: [["1774197360000","2.385","2.386","2.385","2.386","415.74","991.95564"],["1774197420000","2.386","2.387","2.386","2.387","1059.32","2528.5361"]]
[2026-03-22T18:15:20.597Z] Fetching 15m candles for ICPUSDT
[2026-03-22T18:15:20.601Z] Fetched 1m candles for XLMUSDT. Sample: [["1774197360000","0.15889","0.15903","0.15889","0.15903","36090","5738.95261"],["1774197420000","0.15903","0.15903","0.15903","0.15903","0","0"]]
[2026-03-22T18:15:20.604Z] Fetching 15m candles for XLMUSDT
[2026-03-22T18:15:20.618Z] Fetched 1m candles for FILUSDT. Sample: [["1774197360000","0.876","0.8764","0.8757","0.8764","5285.4","4630.47035"],["1774197420000","0.8764","0.8768","0.8764","0.8768","7019.6","6154.14009"]]
[2026-03-22T18:15:20.621Z] Fetching 15m candles for FILUSDT
[2026-03-22T18:15:20.631Z] Fetched 1m candles for BNBUSDT. Sample: [["1774197360000","629.53","629.53","629.52","629.52","0.78","491.0313"],["1774197420000","629.52","629.67","629.52","629.67","0.44","277.0548"]]
[2026-03-22T18:15:20.637Z] Fetching 15m candles for BNBUSDT
[2026-03-22T18:15:20.667Z] Fetching 4H candles for BTCUSDT
[2026-03-22T18:15:20.984Z] Fetching 4H candles for SOLUSDT
[2026-03-22T18:15:21.002Z] Fetching 4H candles for ETHUSDT
[2026-03-22T18:15:21.018Z] Fetching 4H candles for XRPUSDT
[2026-03-22T18:15:21.069Z] Fetching 4H candles for DOGEUSDT
[2026-03-22T18:15:21.076Z] Fetching 4H candles for ADAUSDT
[2026-03-22T18:15:21.087Z] Fetching 4H candles for DOTUSDT
[2026-03-22T18:15:21.091Z] Fetching 4H candles for LTCUSDT
[2026-03-22T18:15:21.142Z] Fetching 4H candles for LINKUSDT
[2026-03-22T18:15:21.148Z] Fetching 4H candles for BCHUSDT
[2026-03-22T18:15:21.151Z] Fetching 4H candles for UNIUSDT
[2026-03-22T18:15:21.166Z] Fetching 4H candles for ETCUSDT
[2026-03-22T18:15:21.195Z] Fetching 4H candles for OPUSDT
[2026-03-22T18:15:21.212Z] Fetching 4H candles for AVAXUSDT
[2026-03-22T18:15:21.240Z] Fetching 4H candles for TRXUSDT
[2026-03-22T18:15:21.257Z] Fetching 4H candles for ICPUSDT
[2026-03-22T18:15:21.270Z] Fetching 4H candles for XLMUSDT
[2026-03-22T18:15:21.280Z] Fetching 4H candles for VETUSDT
[2026-03-22T18:15:21.282Z] Fetching 4H candles for BNBUSDT
[2026-03-22T18:15:21.285Z] Fetching 4H candles for FILUSDT
[2026-03-22T18:15:21.300Z] Mapping candle data...
[2026-03-22T18:15:21.303Z] Long-term ATR (4H): 461.10303030303
[2026-03-22T18:15:21.305Z] Calling analyze function...
[2026-03-22T18:15:21.320Z] Analyze function returned: Signal=HOLD, RSI=52.33, EMA=68660.09450524124, ATR=23.61930769477841, Price=68672.1
[2026-03-22T18:15:21.329Z] Trend Direction: 15m=DOWN, 4h=DOWN
[2026-03-22T18:15:21.334Z] Starting multi-timeframe confirmation...
[2026-03-22T18:15:21.336Z] Adjusted position size with sentiment: 21.68722490
[2026-03-22T18:15:21.341Z] Type of dailyLossCheck: function
[2026-03-22T18:15:21.344Z] USDT available: 27.10903112
[2026-03-22T18:15:21.347Z] Calculated position size (USDT): 21.68722490
[2026-03-22T18:15:21.352Z] Last price: 68672.1
[2026-03-22T18:15:21.355Z] Calculated quantity: 0.00031581
[2026-03-22T18:15:21.410Z] No trade executed for BTCUSDT due to signal: HOLD
[2026-03-22T18:15:21.592Z] Mapping candle data...
[2026-03-22T18:15:21.603Z] Long-term ATR (4H): 0.8119595959595965
[2026-03-22T18:15:21.611Z] Calling analyze function...
[2026-03-22T18:15:21.623Z] Analyze function returned: Signal=HOLD, RSI=49.73, EMA=87.22436834617508, ATR=0.042222474736288075, Price=87.227
[2026-03-22T18:15:21.626Z] Trend Direction: 15m=DOWN, 4h=DOWN
[2026-03-22T18:15:21.627Z] Starting multi-timeframe confirmation...
[2026-03-22T18:15:21.629Z] Adjusted position size with sentiment: 21.68722490
[2026-03-22T18:15:21.632Z] Type of dailyLossCheck: function
[2026-03-22T18:15:21.634Z] USDT available: 27.10903112
[2026-03-22T18:15:21.635Z] Calculated position size (USDT): 21.68722490
[2026-03-22T18:15:21.639Z] Last price: 87.227
[2026-03-22T18:15:21.641Z] Calculated quantity: 0.24862972
[2026-03-22T18:15:21.642Z] No trade executed for SOLUSDT due to signal: HOLD
[2026-03-22T18:15:21.655Z] Mapping candle data...
[2026-03-22T18:15:21.657Z] Long-term ATR (4H): 0.010830303030303029
[2026-03-22T18:15:21.660Z] Calling analyze function...
[2026-03-22T18:15:21.664Z] Analyze function returned: Signal=HOLD, RSI=37.32, EMA=1.3900888715554507, ATR=0.0006681687960415863, Price=1.389
[2026-03-22T18:15:21.668Z] Trend Direction: 15m=DOWN, 4h=DOWN
[2026-03-22T18:15:21.671Z] Starting multi-timeframe confirmation...
[2026-03-22T18:15:21.675Z] Adjusted position size with sentiment: 21.68722490
[2026-03-22T18:15:21.677Z] Type of dailyLossCheck: function
[2026-03-22T18:15:21.680Z] USDT available: 27.10903112
[2026-03-22T18:15:21.690Z] Calculated position size (USDT): 21.68722490
[2026-03-22T18:15:21.695Z] Last price: 1.389
[2026-03-22T18:15:21.698Z] Calculated quantity: 15.61355284
[2026-03-22T18:15:21.706Z] No trade executed for XRPUSDT due to signal: HOLD
[2026-03-22T18:15:21.722Z] Mapping candle data...
[2026-03-22T18:15:21.725Z] Long-term ATR (4H): 18.444949494949515
[2026-03-22T18:15:21.730Z] Calling analyze function...
[2026-03-22T18:15:21.734Z] Analyze function returned: Signal=HOLD, RSI=51.4, EMA=2078.3749175452567, ATR=0.8986600136291654, Price=2078.65
[2026-03-22T18:15:21.740Z] Trend Direction: 15m=DOWN, 4h=DOWN
[2026-03-22T18:15:21.742Z] Starting multi-timeframe confirmation...
[2026-03-22T18:15:21.745Z] Adjusted position size with sentiment: 21.68722490
[2026-03-22T18:15:21.749Z] Type of dailyLossCheck: function
[2026-03-22T18:15:21.761Z] USDT available: 27.10903112
[2026-03-22T18:15:21.765Z] Calculated position size (USDT): 21.68722490
[2026-03-22T18:15:21.775Z] Last price: 2078.65
[2026-03-22T18:15:21.778Z] Calculated quantity: 0.01043332
[2026-03-22T18:15:21.789Z] No trade executed for ETHUSDT due to signal: HOLD
[2026-03-22T18:15:21.795Z] Mapping candle data...
[2026-03-22T18:15:21.803Z] Long-term ATR (4H): 0.002514141414141413
[2026-03-22T18:15:21.809Z] Calling analyze function...
[2026-03-22T18:15:21.814Z] Analyze function returned: Signal=HOLD, RSI=56.63, EMA=0.2540403850402572, ATR=0.00012544047878587539, Price=0.2542
[2026-03-22T18:15:21.817Z] Trend Direction: 15m=DOWN, 4h=DOWN
[2026-03-22T18:15:21.819Z] Starting multi-timeframe confirmation...
[2026-03-22T18:15:21.825Z] Adjusted position size with sentiment: 21.68722490
[2026-03-22T18:15:21.828Z] Type of dailyLossCheck: function
[2026-03-22T18:15:21.831Z] USDT available: 27.10903112
[2026-03-22T18:15:21.833Z] Calculated position size (USDT): 21.68722490
[2026-03-22T18:15:21.836Z] Last price: 0.2542
[2026-03-22T18:15:21.842Z] Calculated quantity: 85.31559755
[2026-03-22T18:15:21.843Z] No trade executed for ADAUSDT due to signal: HOLD
[2026-03-22T18:15:21.846Z] Mapping candle data...
[2026-03-22T18:15:21.848Z] Long-term ATR (4H): 0.35030303030303006
[2026-03-22T18:15:21.850Z] Calling analyze function...
[2026-03-22T18:15:21.861Z] Analyze function returned: Signal=HOLD, RSI=57.5, EMA=54.07836411400072, ATR=0.01356166511820875, Price=54.1
[2026-03-22T18:15:21.863Z] Trend Direction: 15m=DOWN, 4h=DOWN
[2026-03-22T18:15:21.864Z] Starting multi-timeframe confirmation...
[2026-03-22T18:15:21.866Z] Adjusted position size with sentiment: 21.68722490
[2026-03-22T18:15:21.869Z] Type of dailyLossCheck: function
[2026-03-22T18:15:21.872Z] USDT available: 27.10903112
[2026-03-22T18:15:21.878Z] Calculated position size (USDT): 21.68722490
[2026-03-22T18:15:21.881Z] Last price: 54.1
[2026-03-22T18:15:21.884Z] Calculated quantity: 0.40087292
[2026-03-22T18:15:21.895Z] No trade executed for LTCUSDT due to signal: HOLD
[2026-03-22T18:15:21.901Z] Mapping candle data...
[2026-03-22T18:15:21.905Z] Long-term ATR (4H): 0.015424242424242418
[2026-03-22T18:15:21.909Z] Calling analyze function...
[2026-03-22T18:15:21.914Z] Analyze function returned: Signal=HOLD, RSI=53.88, EMA=1.4335458332685425, ATR=0.0007706217388584891, Price=1.434
[2026-03-22T18:15:21.918Z] Trend Direction: 15m=DOWN, 4h=DOWN
[2026-03-22T18:15:21.923Z] Starting multi-timeframe confirmation...
[2026-03-22T18:15:21.926Z] Adjusted position size with sentiment: 21.68722490
[2026-03-22T18:15:21.929Z] Type of dailyLossCheck: function
[2026-03-22T18:15:21.937Z] USDT available: 27.10903112
[2026-03-22T18:15:21.942Z] Calculated position size (USDT): 21.68722490
[2026-03-22T18:15:21.945Z] Last price: 1.434
[2026-03-22T18:15:21.948Z] Calculated quantity: 15.12358779
[2026-03-22T18:15:21.949Z] No trade executed for DOTUSDT due to signal: HOLD
[2026-03-22T18:15:21.957Z] Mapping candle data...
[2026-03-22T18:15:21.963Z] Long-term ATR (4H): 0.0009108080808080797
[2026-03-22T18:15:21.965Z] Calling analyze function...
[2026-03-22T18:15:21.969Z] Analyze function returned: Signal=HOLD, RSI=39.41, EMA=0.09129105534626104, ATR=0.0000451790724063213, Price=0.09123
[2026-03-22T18:15:21.973Z] Trend Direction: 15m=DOWN, 4h=DOWN
[2026-03-22T18:15:21.976Z] Starting multi-timeframe confirmation...
[2026-03-22T18:15:21.979Z] Adjusted position size with sentiment: 21.68722490
[2026-03-22T18:15:21.980Z] Type of dailyLossCheck: function
[2026-03-22T18:15:21.982Z] USDT available: 27.10903112
[2026-03-22T18:15:21.986Z] Calculated position size (USDT): 21.68722490
[2026-03-22T18:15:21.991Z] Last price: 0.09123
[2026-03-22T18:15:21.993Z] Calculated quantity: 237.72032112
[2026-03-22T18:15:21.997Z] No trade executed for DOGEUSDT due to signal: HOLD
[2026-03-22T18:15:22.046Z] Mapping candle data...
[2026-03-22T18:15:22.049Z] Long-term ATR (4H): 0.07332323232323236
[2026-03-22T18:15:22.055Z] Calling analyze function...
[2026-03-22T18:15:22.062Z] Analyze function returned: Signal=HOLD, RSI=53.88, EMA=8.768368915247143, ATR=0.00376955918831009, Price=8.771
[2026-03-22T18:15:22.066Z] Trend Direction: 15m=DOWN, 4h=DOWN
[2026-03-22T18:15:22.072Z] Starting multi-timeframe confirmation...
[2026-03-22T18:15:22.076Z] Adjusted position size with sentiment: 21.68722490
[2026-03-22T18:15:22.085Z] Type of dailyLossCheck: function
[2026-03-22T18:15:22.094Z] USDT available: 27.10903112
[2026-03-22T18:15:22.098Z] Calculated position size (USDT): 21.68722490
[2026-03-22T18:15:22.102Z] Last price: 8.771
[2026-03-22T18:15:22.106Z] Calculated quantity: 2.47260573
[2026-03-22T18:15:22.109Z] No trade executed for LINKUSDT due to signal: HOLD
[2026-03-22T18:15:22.124Z] Mapping candle data...
[2026-03-22T18:15:22.128Z] Long-term ATR (4H): 0.0011457575757575732
[2026-03-22T18:15:22.140Z] Calling analyze function...
[2026-03-22T18:15:22.162Z] Analyze function returned: Signal=HOLD, RSI=51.32, EMA=0.3178122743340114, ATR=0.00017977823005727115, Price=0.31781
[2026-03-22T18:15:22.176Z] Trend Direction: 15m=UP, 4h=UP
[2026-03-22T18:15:22.188Z] Starting multi-timeframe confirmation...
[2026-03-22T18:15:22.198Z] Adjusted position size with sentiment: 21.68722490
[2026-03-22T18:15:22.212Z] Type of dailyLossCheck: function
[2026-03-22T18:15:22.226Z] USDT available: 27.10903112
[2026-03-22T18:15:22.231Z] Calculated position size (USDT): 21.68722490
[2026-03-22T18:15:22.241Z] Last price: 0.31781
[2026-03-22T18:15:22.246Z] Calculated quantity: 68.23959251
[2026-03-22T18:15:22.256Z] No trade executed for TRXUSDT due to signal: HOLD
[2026-03-22T18:15:22.259Z] Mapping candle data...
[2026-03-22T18:15:22.265Z] Long-term ATR (4H): 0.0012747474747474739
[2026-03-22T18:15:22.274Z] Calling analyze function...
[2026-03-22T18:15:22.281Z] Analyze function returned: Signal=HOLD, RSI=49.96, EMA=0.11507202439690949, ATR=0.000057357705454556364, Price=0.1151
[2026-03-22T18:15:22.295Z] Trend Direction: 15m=DOWN, 4h=DOWN
[2026-03-22T18:15:22.300Z] Starting multi-timeframe confirmation...
[2026-03-22T18:15:22.304Z] Adjusted position size with sentiment: 21.68722490
[2026-03-22T18:15:22.323Z] Type of dailyLossCheck: function
[2026-03-22T18:15:22.339Z] USDT available: 27.10903112
[2026-03-22T18:15:22.356Z] Calculated position size (USDT): 21.68722490
[2026-03-22T18:15:22.364Z] Last price: 0.1151
[2026-03-22T18:15:22.379Z] Calculated quantity: 188.42072021
[2026-03-22T18:15:22.422Z] No trade executed for OPUSDT due to signal: HOLD
[2026-03-22T18:15:22.448Z] Mapping candle data...
[2026-03-22T18:15:22.461Z] Long-term ATR (4H): 0.07020202020202014
[2026-03-22T18:15:22.478Z] Calling analyze function...
[2026-03-22T18:15:22.507Z] Analyze function returned: Signal=HOLD, RSI=54.3, EMA=8.100867765488845, ATR=0.0020400082078759264, Price=8.103
[2026-03-22T18:15:22.573Z] Trend Direction: 15m=DOWN, 4h=DOWN
[2026-03-22T18:15:22.589Z] Starting multi-timeframe confirmation...
[2026-03-22T18:15:22.604Z] Adjusted position size with sentiment: 21.68722490
[2026-03-22T18:15:22.844Z] Type of dailyLossCheck: function
[2026-03-22T18:15:22.930Z] USDT available: 27.10903112
[2026-03-22T18:15:22.967Z] Calculated position size (USDT): 21.68722490
[2026-03-22T18:15:22.991Z] Last price: 8.103
[2026-03-22T18:15:23.014Z] Calculated quantity: 2.67644390
[2026-03-22T18:15:23.034Z] No trade executed for ETCUSDT due to signal: HOLD
[2026-03-22T18:15:23.060Z] Mapping candle data...
[2026-03-22T18:15:23.076Z] Long-term ATR (4H): 0.029131313131313136
[2026-03-22T18:15:23.091Z] Calling analyze function...
[2026-03-22T18:15:23.103Z] Analyze function returned: Signal=HOLD, RSI=26.25, EMA=2.3838534084256477, ATR=0.0018790665903776886, Price=2.376
[2026-03-22T18:15:23.113Z] Trend Direction: 15m=DOWN, 4h=DOWN
[2026-03-22T18:15:23.125Z] Starting multi-timeframe confirmation...
[2026-03-22T18:15:23.136Z] Adjusted position size with sentiment: 21.68722490
[2026-03-22T18:15:23.141Z] Type of dailyLossCheck: function
[2026-03-22T18:15:23.183Z] USDT available: 27.10903112
[2026-03-22T18:15:23.191Z] Calculated position size (USDT): 21.68722490
[2026-03-22T18:15:23.213Z] Last price: 2.376
[2026-03-22T18:15:23.224Z] Calculated quantity: 9.12761991
[2026-03-22T18:15:23.241Z] No trade executed for ICPUSDT due to signal: HOLD
[2026-03-22T18:15:23.255Z] Mapping candle data...
[2026-03-22T18:15:23.257Z] Long-term ATR (4H): 0.001397575757575758
[2026-03-22T18:15:23.259Z] Calling analyze function...
[2026-03-22T18:15:23.268Z] Analyze function returned: Signal=HOLD, RSI=44.06, EMA=0.15739977672611813, ATR=0.00006881492973478522, Price=0.15738
[2026-03-22T18:15:23.270Z] Trend Direction: 15m=DOWN, 4h=DOWN
[2026-03-22T18:15:23.271Z] Starting multi-timeframe confirmation...
[2026-03-22T18:15:23.272Z] Adjusted position size with sentiment: 21.68722490
[2026-03-22T18:15:23.275Z] Type of dailyLossCheck: function
[2026-03-22T18:15:23.278Z] USDT available: 27.10903112
[2026-03-22T18:15:23.282Z] Calculated position size (USDT): 21.68722490
[2026-03-22T18:15:23.284Z] Last price: 0.15738
[2026-03-22T18:15:23.287Z] Calculated quantity: 137.80165775
[2026-03-22T18:15:23.288Z] No trade executed for XLMUSDT due to signal: HOLD
[2026-03-22T18:15:23.291Z] Mapping candle data...
[2026-03-22T18:15:23.293Z] Long-term ATR (4H): 0.034515151515151485
[2026-03-22T18:15:23.297Z] Calling analyze function...
[2026-03-22T18:15:23.303Z] Analyze function returned: Signal=HOLD, RSI=59.38, EMA=3.4838461356887813, ATR=0.00103527781482208, Price=3.486
[2026-03-22T18:15:23.307Z] Trend Direction: 15m=DOWN, 4h=DOWN
[2026-03-22T18:15:23.314Z] Starting multi-timeframe confirmation...
[2026-03-22T18:15:23.320Z] Adjusted position size with sentiment: 21.68722490
[2026-03-22T18:15:23.349Z] Type of dailyLossCheck: function
[2026-03-22T18:15:23.366Z] USDT available: 27.10903112
[2026-03-22T18:15:23.372Z] Calculated position size (USDT): 21.68722490
[2026-03-22T18:15:23.375Z] Last price: 3.486
[2026-03-22T18:15:23.408Z] Calculated quantity: 6.22123491
[2026-03-22T18:15:23.470Z] No trade executed for UNIUSDT due to signal: HOLD
[2026-03-22T18:15:23.502Z] Mapping candle data...
[2026-03-22T18:15:23.531Z] Long-term ATR (4H): 2.7436363636363637
[2026-03-22T18:15:23.574Z] Calling analyze function...
[2026-03-22T18:15:23.635Z] Analyze function returned: Signal=HOLD, RSI=62.45, EMA=467.2814392845651, ATR=0.1516342358767876, Price=467.57
[2026-03-22T18:15:23.648Z] Trend Direction: 15m=UP, 4h=UP
[2026-03-22T18:15:23.656Z] Starting multi-timeframe confirmation...
[2026-03-22T18:15:23.670Z] Adjusted position size with sentiment: 21.68722490
[2026-03-22T18:15:23.684Z] Type of dailyLossCheck: function
[2026-03-22T18:15:23.688Z] USDT available: 27.10903112
[2026-03-22T18:15:23.693Z] Calculated position size (USDT): 21.68722490
[2026-03-22T18:15:23.699Z] Last price: 467.57
[2026-03-22T18:15:23.733Z] Calculated quantity: 0.04638284
[2026-03-22T18:15:23.736Z] No trade executed for BCHUSDT due to signal: HOLD
[2026-03-22T18:15:23.738Z] Mapping candle data...
[2026-03-22T18:15:23.756Z] Long-term ATR (4H): 0.08826262626262628
[2026-03-22T18:15:23.770Z] Calling analyze function...
[2026-03-22T18:15:23.782Z] Analyze function returned: Signal=HOLD, RSI=48.28, EMA=9.062659189897586, ATR=0.00463056212304421, Price=9.062
[2026-03-22T18:15:23.788Z] Trend Direction: 15m=DOWN, 4h=DOWN
[2026-03-22T18:15:23.794Z] Starting multi-timeframe confirmation...
[2026-03-22T18:15:23.810Z] Adjusted position size with sentiment: 21.68722490
[2026-03-22T18:15:23.813Z] Type of dailyLossCheck: function
[2026-03-22T18:15:23.817Z] USDT available: 27.10903112
[2026-03-22T18:15:23.835Z] Calculated position size (USDT): 21.68722490
[2026-03-22T18:15:23.852Z] Last price: 9.062
[2026-03-22T18:15:23.856Z] Calculated quantity: 2.39320513
[2026-03-22T18:15:23.863Z] No trade executed for AVAXUSDT due to signal: HOLD
[2026-03-22T18:15:23.876Z] Mapping candle data...
[2026-03-22T18:15:23.889Z] Long-term ATR (4H): 0.01083030303030303
[2026-03-22T18:15:23.892Z] Calling analyze function...
[2026-03-22T18:15:23.901Z] Analyze function returned: Signal=HOLD, RSI=41.99, EMA=0.8725624902410974, ATR=0.0003612006680159401, Price=0.8722
[2026-03-22T18:15:23.916Z] Trend Direction: 15m=DOWN, 4h=DOWN
[2026-03-22T18:15:23.931Z] Starting multi-timeframe confirmation...
[2026-03-22T18:15:23.937Z] Adjusted position size with sentiment: 21.68722490
[2026-03-22T18:15:23.943Z] Type of dailyLossCheck: function
[2026-03-22T18:15:23.949Z] USDT available: 27.10903112
[2026-03-22T18:15:23.959Z] Calculated position size (USDT): 21.68722490
[2026-03-22T18:15:23.970Z] Last price: 0.8722
[2026-03-22T18:15:23.976Z] Calculated quantity: 24.86496778
[2026-03-22T18:15:23.982Z] No trade executed for FILUSDT due to signal: HOLD
[2026-03-22T18:15:24.006Z] Mapping candle data...
[2026-03-22T18:15:24.013Z] Long-term ATR (4H): 0.00006112121212121212
[2026-03-22T18:15:24.016Z] Calling analyze function...
[2026-03-22T18:15:24.020Z] Analyze function returned: Signal=HOLD, RSI=47.61, EMA=0.006923812735174279, ATR=0.0000010855572650649803, Price=0.006924
[2026-03-22T18:15:24.025Z] Trend Direction: 15m=DOWN, 4h=DOWN
[2026-03-22T18:15:24.027Z] Starting multi-timeframe confirmation...
[2026-03-22T18:15:24.030Z] Adjusted position size with sentiment: 21.68722490
[2026-03-22T18:15:24.034Z] Type of dailyLossCheck: function
[2026-03-22T18:15:24.041Z] USDT available: 27.10903112
[2026-03-22T18:15:24.043Z] Calculated position size (USDT): 21.68722490
[2026-03-22T18:15:24.046Z] Last price: 0.006924
[2026-03-22T18:15:24.048Z] Calculated quantity: 3132.18152744
[2026-03-22T18:15:24.050Z] No trade executed for VETUSDT due to signal: HOLD
[2026-03-22T18:15:24.057Z] Mapping candle data...
[2026-03-22T18:15:24.086Z] Long-term ATR (4H): 3.5546464646464586
[2026-03-22T18:15:24.087Z] Calling analyze function...
[2026-03-22T18:15:24.094Z] Analyze function returned: Signal=HOLD, RSI=52.12, EMA=630.047607625654, ATR=0.1871974153522003, Price=630.19
[2026-03-22T18:15:24.097Z] Trend Direction: 15m=DOWN, 4h=DOWN
[2026-03-22T18:15:24.098Z] Starting multi-timeframe confirmation...
[2026-03-22T18:15:24.100Z] Adjusted position size with sentiment: 21.68722490
[2026-03-22T18:15:24.103Z] Type of dailyLossCheck: function
[2026-03-22T18:15:24.104Z] USDT available: 27.10903112
[2026-03-22T18:15:24.107Z] Calculated position size (USDT): 21.68722490
[2026-03-22T18:15:24.111Z] Last price: 630.19
[2026-03-22T18:15:24.114Z] Calculated quantity: 0.03441379
[2026-03-22T18:15:24.116Z] No trade executed for BNBUSDT due to signal: HOLD
[2026-03-22T18:16:24.158Z] Skipping news sentiment fetch. Next fetch in approximately 2 minutes.
[2026-03-22T18:16:24.249Z] Entering symbol loop.
[2026-03-22T18:16:25.798Z] Fetched Bitget balances successfully.
[2026-03-22T18:16:26.109Z] Fetched Deriv balances successfully.
[2026-03-22T18:16:26.113Z] Current Balance: 27.11 USDT, Initial Balance: 27.11 USDT, Peak Balance: 27.11 USDT
[2026-03-22T18:16:26.121Z] Daily Loss Percent: 0.00%, Total Drawdown Percent: 0.00%
[2026-03-22T18:16:26.128Z] Processing symbol: BTCUSDT
[2026-03-22T18:16:26.136Z] Fetching 1m candles for BTCUSDT
[2026-03-22T18:16:26.141Z] Processing symbol: ETHUSDT
[2026-03-22T18:16:26.183Z] Fetching 1m candles for ETHUSDT
[2026-03-22T18:16:26.199Z] Processing symbol: XRPUSDT
[2026-03-22T18:16:26.227Z] Fetching 1m candles for XRPUSDT
[2026-03-22T18:16:26.248Z] Processing symbol: ADAUSDT
[2026-03-22T18:16:26.275Z] Fetching 1m candles for ADAUSDT
[2026-03-22T18:16:26.329Z] Processing symbol: SOLUSDT
[2026-03-22T18:16:26.378Z] Fetching 1m candles for SOLUSDT
[2026-03-22T18:16:26.504Z] Processing symbol: DOGEUSDT
[2026-03-22T18:16:26.552Z] Fetching 1m candles for DOGEUSDT
[2026-03-22T18:16:26.581Z] Processing symbol: DOTUSDT
[2026-03-22T18:16:26.605Z] Fetching 1m candles for DOTUSDT
[2026-03-22T18:16:26.621Z] Processing symbol: LTCUSDT
[2026-03-22T18:16:26.641Z] Fetching 1m candles for LTCUSDT
[2026-03-22T18:16:26.672Z] Processing symbol: BCHUSDT
[2026-03-22T18:16:26.674Z] Fetching 1m candles for BCHUSDT
[2026-03-22T18:16:26.676Z] Processing symbol: LINKUSDT
[2026-03-22T18:16:26.679Z] Fetching 1m candles for LINKUSDT
[2026-03-22T18:16:26.685Z] Processing symbol: TRXUSDT
[2026-03-22T18:16:26.689Z] Fetching 1m candles for TRXUSDT
[2026-03-22T18:16:26.693Z] Processing symbol: UNIUSDT
[2026-03-22T18:16:26.696Z] Fetching 1m candles for UNIUSDT
[2026-03-22T18:16:26.698Z] Processing symbol: AVAXUSDT
[2026-03-22T18:16:26.705Z] Fetching 1m candles for AVAXUSDT
[2026-03-22T18:16:26.707Z] Processing symbol: ETCUSDT
[2026-03-22T18:16:26.709Z] Fetching 1m candles for ETCUSDT
[2026-03-22T18:16:26.711Z] Processing symbol: XLMUSDT
[2026-03-22T18:16:26.714Z] Fetching 1m candles for XLMUSDT
[2026-03-22T18:16:26.721Z] Processing symbol: FILUSDT
[2026-03-22T18:16:26.724Z] Fetching 1m candles for FILUSDT
[2026-03-22T18:16:26.727Z] Processing symbol: ICPUSDT
[2026-03-22T18:16:26.730Z] Fetching 1m candles for ICPUSDT
[2026-03-22T18:16:26.733Z] Processing symbol: VETUSDT
[2026-03-22T18:16:26.735Z] Fetching 1m candles for VETUSDT
[2026-03-22T18:16:26.737Z] Processing symbol: BNBUSDT
[2026-03-22T18:16:26.741Z] Fetching 1m candles for BNBUSDT
[2026-03-22T18:16:26.747Z] Processing symbol: OPUSDT
[2026-03-22T18:16:26.750Z] Fetching 1m candles for OPUSDT
[2026-03-22T18:16:27.213Z] Fetched 1m candles for BTCUSDT. Sample: [["1774197420000","68733.7","68744.9","68727.4","68727.5","4.3246","297278.05775"],["1774197480000","68727.5","68727.5","68706","68706","5.2892","363467.76581"]]
[2026-03-22T18:16:27.215Z] Fetching 15m candles for BTCUSDT
[2026-03-22T18:16:27.514Z] Fetched 1m candles for ETHUSDT. Sample: [["1774197420000","2080.72","2081.46","2080.72","2080.8","70.27","146248.9599"],["1774197480000","2080.8","2080.99","2080.1","2080.32","92.17","191776.0605"]]
[2026-03-22T18:16:27.516Z] Fetching 15m candles for ETHUSDT
[2026-03-22T18:16:27.541Z] Fetched 1m candles for DOGEUSDT. Sample: [["1774197420000","0.0915","0.09151","0.0915","0.0915","1732","158.479"],["1774197480000","0.0915","0.0915","0.09146","0.09147","9146","836.65958"]]
[2026-03-22T18:16:27.544Z] Fetching 15m candles for DOGEUSDT
[2026-03-22T18:16:27.553Z] Fetched 1m candles for SOLUSDT. Sample: [["1774197420000","87.36","87.373","87.36","87.365","525.9","45947.8778"],["1774197480000","87.365","87.365","87.31","87.332","445.5","38904.7421"]]
[2026-03-22T18:16:27.555Z] Fetching 15m candles for SOLUSDT
[2026-03-22T18:16:27.566Z] Fetched 1m candles for XRPUSDT. Sample: [["1774197420000","1.3932","1.394","1.3932","1.3934","72606","101181.1347"],["1774197480000","1.3934","1.3934","1.3928","1.3928","6489","9038.1828"]]
[2026-03-22T18:16:27.568Z] Fetching 15m candles for XRPUSDT
[2026-03-22T18:16:27.570Z] Fetched 1m candles for ADAUSDT. Sample: [["1774197420000","0.2541","0.2541","0.2539","0.254","49180","12493.7807"],["1774197480000","0.254","0.254","0.2538","0.2539","38458","9764.4691"]]
[2026-03-22T18:16:27.572Z] Fetching 15m candles for ADAUSDT
[2026-03-22T18:16:27.615Z] Fetched 1m candles for DOTUSDT. Sample: [["1774197420000","1.434","1.434","1.434","1.434","204","292.536"],["1774197480000","1.434","1.434","1.432","1.432","273","390.936"]]
[2026-03-22T18:16:27.617Z] Fetching 15m candles for DOTUSDT
[2026-03-22T18:16:27.621Z] Fetched 1m candles for LTCUSDT. Sample: [["1774197420000","54.11","54.11","54.1","54.1","0.7","37.87"],["1774197480000","54.1","54.1","54.07","54.07","10.5","567.76"]]
[2026-03-22T18:16:27.627Z] Fetching 15m candles for LTCUSDT
[2026-03-22T18:16:27.638Z] Fetched 1m candles for LINKUSDT. Sample: [["1774197420000","8.789","8.789","8.785","8.785","50","439.3"],["1774197480000","8.785","8.785","8.78","8.78","90","790.326"]]
[2026-03-22T18:16:27.641Z] Fetching 15m candles for LINKUSDT
[2026-03-22T18:16:27.652Z] Fetched 1m candles for BCHUSDT. Sample: [["1774197420000","468.46","468.46","468.46","468.46","0","0"],["1774197480000","468.46","468.46","468.27","468.27","4.38","2051.1009"]]
[2026-03-22T18:16:27.666Z] Fetching 15m candles for BCHUSDT
[2026-03-22T18:16:27.686Z] Fetched 1m candles for UNIUSDT. Sample: [["1774197420000","3.485","3.485","3.484","3.484","275","958.2"],["1774197480000","3.484","3.484","3.483","3.483","387","1347.921"]]
[2026-03-22T18:16:27.691Z] Fetching 15m candles for UNIUSDT
[2026-03-22T18:16:27.703Z] Fetched 1m candles for ICPUSDT. Sample: [["1774197420000","2.386","2.387","2.386","2.387","1059.32","2528.5361"],["1774197480000","2.387","2.387","2.386","2.386","131.19","313.01934"]]
[2026-03-22T18:16:27.715Z] Fetching 15m candles for ICPUSDT
[2026-03-22T18:16:27.719Z] Fetched 1m candles for VETUSDT. Sample: [["1774197420000","0.006945","0.006945","0.006945","0.006945","0","0"],["1774197480000","0.006945","0.006945","0.006945","0.006945","0","0"]]
[2026-03-22T18:16:27.731Z] Fetching 15m candles for VETUSDT
[2026-03-22T18:16:27.754Z] Fetched 1m candles for ETCUSDT. Sample: [["1774197420000","8.119","8.119","8.119","8.119","0","0"],["1774197480000","8.119","8.119","8.119","8.119","0","0"]]
[2026-03-22T18:16:27.766Z] Fetching 15m candles for ETCUSDT
[2026-03-22T18:16:27.773Z] Fetched 1m candles for OPUSDT. Sample: [["1774197420000","0.1159","0.1159","0.1159","0.1159","27561.6","3194.38944"],["1774197480000","0.1159","0.1159","0.1158","0.1158","696.9","80.70102"]]
[2026-03-22T18:16:27.779Z] Fetching 15m candles for OPUSDT
[2026-03-22T18:16:27.791Z] Fetched 1m candles for TRXUSDT. Sample: [["1774197420000","0.31655","0.31673","0.31655","0.31673","52202","16528.4791"],["1774197480000","0.31673","0.31673","0.31672","0.31673","1392","440.87456"]]
[2026-03-22T18:16:27.797Z] Fetching 15m candles for TRXUSDT
[2026-03-22T18:16:27.800Z] Fetched 1m candles for AVAXUSDT. Sample: [["1774197420000","9.086","9.088","9.086","9.086","14.1","128.1394"],["1774197480000","9.086","9.086","9.083","9.083","592.2","5379.5183"]]
[2026-03-22T18:16:27.807Z] Fetching 15m candles for AVAXUSDT
[2026-03-22T18:16:27.822Z] Fetched 1m candles for XLMUSDT. Sample: [["1774197420000","0.15903","0.15903","0.15903","0.15903","0","0"],["1774197480000","0.15903","0.15903","0.15896","0.15896","141","22.41336"]]
[2026-03-22T18:16:27.832Z] Fetching 15m candles for XLMUSDT
[2026-03-22T18:16:27.838Z] Fetched 1m candles for FILUSDT. Sample: [["1774197420000","0.8764","0.8768","0.8764","0.8768","7019.6","6154.14009"],["1774197480000","0.8768","0.8768","0.8762","0.8762","763","668.57788"]]
[2026-03-22T18:16:27.846Z] Fetching 15m candles for FILUSDT
[2026-03-22T18:16:27.852Z] Fetched 1m candles for BNBUSDT. Sample: [["1774197420000","629.52","629.67","629.52","629.67","0.44","277.0548"],["1774197480000","629.67","629.67","629.48","629.51","0.42","264.3928"]]
[2026-03-22T18:16:27.856Z] Fetching 15m candles for BNBUSDT
[2026-03-22T18:16:27.874Z] Fetching 4H candles for BTCUSDT
[2026-03-22T18:16:28.129Z] Fetching 4H candles for ETHUSDT
[2026-03-22T18:16:28.172Z] Fetching 4H candles for DOGEUSDT
[2026-03-22T18:16:28.188Z] Fetching 4H candles for XRPUSDT
[2026-03-22T18:16:28.194Z] Fetching 4H candles for SOLUSDT
[2026-03-22T18:16:28.225Z] Fetching 4H candles for ADAUSDT
[2026-03-22T18:16:28.271Z] Fetching 4H candles for LINKUSDT
[2026-03-22T18:16:28.276Z] Fetching 4H candles for LTCUSDT
[2026-03-22T18:16:28.280Z] Fetching 4H candles for DOTUSDT
[2026-03-22T18:16:28.298Z] Fetching 4H candles for BCHUSDT
[2026-03-22T18:16:28.360Z] Fetching 4H candles for UNIUSDT
[2026-03-22T18:16:28.367Z] Fetching 4H candles for VETUSDT
[2026-03-22T18:16:28.372Z] Fetching 4H candles for ICPUSDT
[2026-03-22T18:16:28.384Z] Fetching 4H candles for ETCUSDT
[2026-03-22T18:16:28.419Z] Fetching 4H candles for OPUSDT
[2026-03-22T18:16:28.440Z] Fetching 4H candles for TRXUSDT
[2026-03-22T18:16:28.456Z] Fetching 4H candles for XLMUSDT
[2026-03-22T18:16:28.488Z] Fetching 4H candles for FILUSDT
[2026-03-22T18:16:28.493Z] Fetching 4H candles for AVAXUSDT
[2026-03-22T18:16:28.496Z] Fetching 4H candles for BNBUSDT
[2026-03-22T18:16:28.499Z] Mapping candle data...
[2026-03-22T18:16:28.501Z] Long-term ATR (4H): 461.10303030303
[2026-03-22T18:16:28.503Z] Calling analyze function...
[2026-03-22T18:16:28.513Z] Analyze function returned: Signal=HOLD, RSI=52.33, EMA=68661.23719400354, ATR=21.940219793250424, Price=68672.1
[2026-03-22T18:16:28.518Z] Trend Direction: 15m=DOWN, 4h=DOWN
[2026-03-22T18:16:28.520Z] Starting multi-timeframe confirmation...
[2026-03-22T18:16:28.521Z] Adjusted position size with sentiment: 21.68722490
[2026-03-22T18:16:28.526Z] Type of dailyLossCheck: function
[2026-03-22T18:16:28.530Z] USDT available: 27.10903112
[2026-03-22T18:16:28.541Z] Calculated position size (USDT): 21.68722490
[2026-03-22T18:16:28.544Z] Last price: 68672.1
[2026-03-22T18:16:28.548Z] Calculated quantity: 0.00031581
[2026-03-22T18:16:28.559Z] No trade executed for BTCUSDT due to signal: HOLD
[2026-03-22T18:16:28.850Z] Mapping candle data...
[2026-03-22T18:16:28.851Z] Long-term ATR (4H): 18.44858585858588
[2026-03-22T18:16:28.853Z] Calling analyze function...
[2026-03-22T18:16:28.859Z] Analyze function returned: Signal=HOLD, RSI=49.04, EMA=2078.355599235887, ATR=0.8602775135220491, Price=2078.29
[2026-03-22T18:16:28.863Z] Trend Direction: 15m=DOWN, 4h=DOWN
[2026-03-22T18:16:28.868Z] Starting multi-timeframe confirmation...
[2026-03-22T18:16:28.877Z] Adjusted position size with sentiment: 21.68722490
[2026-03-22T18:16:28.879Z] Type of dailyLossCheck: function
[2026-03-22T18:16:28.881Z] USDT available: 27.10903112
[2026-03-22T18:16:28.882Z] Calculated position size (USDT): 21.68722490
[2026-03-22T18:16:28.886Z] Last price: 2078.29
[2026-03-22T18:16:28.894Z] Calculated quantity: 0.01043513
[2026-03-22T18:16:28.896Z] No trade executed for ETHUSDT due to signal: HOLD
[2026-03-22T18:16:28.905Z] Mapping candle data...
[2026-03-22T18:16:28.911Z] Long-term ATR (4H): 0.00091111111111111
[2026-03-22T18:16:28.919Z] Calling analyze function...
[2026-03-22T18:16:28.931Z] Analyze function returned: Signal=HOLD, RSI=36.55, EMA=0.09128238290867642, ATR=0.00004410010385019697, Price=0.0912
[2026-03-22T18:16:28.941Z] Trend Direction: 15m=DOWN, 4h=DOWN
[2026-03-22T18:16:28.948Z] Starting multi-timeframe confirmation...
[2026-03-22T18:16:28.952Z] Adjusted position size with sentiment: 21.68722490
[2026-03-22T18:16:28.959Z] Type of dailyLossCheck: function
[2026-03-22T18:16:28.964Z] USDT available: 27.10903112
[2026-03-22T18:16:28.968Z] Calculated position size (USDT): 21.68722490
[2026-03-22T18:16:28.974Z] Last price: 0.0912
[2026-03-22T18:16:28.977Z] Calculated quantity: 237.79851860
[2026-03-22T18:16:28.978Z] No trade executed for DOGEUSDT due to signal: HOLD
[2026-03-22T18:16:28.983Z] Mapping candle data...
[2026-03-22T18:16:28.985Z] Long-term ATR (4H): 0.8120101010101017
[2026-03-22T18:16:28.989Z] Calling analyze function...
[2026-03-22T18:16:28.995Z] Analyze function returned: Signal=HOLD, RSI=49.88, EMA=87.22471264147117, ATR=0.03985364154772915, Price=87.228
[2026-03-22T18:16:28.997Z] Trend Direction: 15m=DOWN, 4h=DOWN
[2026-03-22T18:16:28.999Z] Starting multi-timeframe confirmation...
[2026-03-22T18:16:29.001Z] Adjusted position size with sentiment: 21.68722490
[2026-03-22T18:16:29.006Z] Type of dailyLossCheck: function
[2026-03-22T18:16:29.009Z] USDT available: 27.10903112
[2026-03-22T18:16:29.012Z] Calculated position size (USDT): 21.68722490
[2026-03-22T18:16:29.013Z] Last price: 87.228
[2026-03-22T18:16:29.016Z] Calculated quantity: 0.24862687
[2026-03-22T18:16:29.017Z] No trade executed for SOLUSDT due to signal: HOLD
[2026-03-22T18:16:29.025Z] Mapping candle data...
[2026-03-22T18:16:29.027Z] Long-term ATR (4H): 0.002514141414141413
[2026-03-22T18:16:29.028Z] Calling analyze function...
[2026-03-22T18:16:29.034Z] Analyze function returned: Signal=HOLD, RSI=56.64, EMA=0.2540555868616973, ATR=0.00011647856926493075, Price=0.2542
[2026-03-22T18:16:29.038Z] Trend Direction: 15m=DOWN, 4h=DOWN
[2026-03-22T18:16:29.042Z] Starting multi-timeframe confirmation...
[2026-03-22T18:16:29.043Z] Adjusted position size with sentiment: 21.68722490
[2026-03-22T18:16:29.045Z] Type of dailyLossCheck: function
[2026-03-22T18:16:29.047Z] USDT available: 27.10903112
[2026-03-22T18:16:29.052Z] Calculated position size (USDT): 21.68722490
[2026-03-22T18:16:29.059Z] Last price: 0.2542
[2026-03-22T18:16:29.061Z] Calculated quantity: 85.31559755
[2026-03-22T18:16:29.063Z] No trade executed for ADAUSDT due to signal: HOLD
[2026-03-22T18:16:29.099Z] Mapping candle data...
[2026-03-22T18:16:29.101Z] Long-term ATR (4H): 0.010830303030303029
[2026-03-22T18:16:29.106Z] Calling analyze function...
[2026-03-22T18:16:29.109Z] Analyze function returned: Signal=HOLD, RSI=38.26, EMA=1.389967921661161, ATR=0.000662267936229339, Price=1.389
[2026-03-22T18:16:29.111Z] Trend Direction: 15m=DOWN, 4h=DOWN
[2026-03-22T18:16:29.113Z] Starting multi-timeframe confirmation...
[2026-03-22T18:16:29.115Z] Adjusted position size with sentiment: 21.68722490
[2026-03-22T18:16:29.117Z] Type of dailyLossCheck: function
[2026-03-22T18:16:29.123Z] USDT available: 27.10903112
[2026-03-22T18:16:29.125Z] Calculated position size (USDT): 21.68722490
[2026-03-22T18:16:29.126Z] Last price: 1.389
[2026-03-22T18:16:29.127Z] Calculated quantity: 15.61355284
[2026-03-22T18:16:29.129Z] No trade executed for XRPUSDT due to signal: HOLD
[2026-03-22T18:16:29.132Z] Mapping candle data...
[2026-03-22T18:16:29.134Z] Long-term ATR (4H): 0.07335353535353539
[2026-03-22T18:16:29.140Z] Calling analyze function...
[2026-03-22T18:16:29.144Z] Analyze function returned: Signal=HOLD, RSI=50.06, EMA=8.768075035071664, ATR=0.003633014281456676, Price=8.768
[2026-03-22T18:16:29.146Z] Trend Direction: 15m=DOWN, 4h=DOWN
[2026-03-22T18:16:29.148Z] Starting multi-timeframe confirmation...
[2026-03-22T18:16:29.149Z] Adjusted position size with sentiment: 21.68722490
[2026-03-22T18:16:29.153Z] Type of dailyLossCheck: function
[2026-03-22T18:16:29.158Z] USDT available: 27.10903112
[2026-03-22T18:16:29.161Z] Calculated position size (USDT): 21.68722490
[2026-03-22T18:16:29.164Z] Last price: 8.768
[2026-03-22T18:16:29.173Z] Calculated quantity: 2.47345174
[2026-03-22T18:16:29.176Z] No trade executed for LINKUSDT due to signal: HOLD
[2026-03-22T18:16:29.178Z] Mapping candle data...
[2026-03-22T18:16:29.180Z] Long-term ATR (4H): 0.35040404040404016
[2026-03-22T18:16:29.182Z] Calling analyze function...
[2026-03-22T18:16:29.187Z] Analyze function returned: Signal=HOLD, RSI=57.51, EMA=54.08042415885851, ATR=0.012593349817013114, Price=54.1
[2026-03-22T18:16:29.190Z] Trend Direction: 15m=DOWN, 4h=DOWN
[2026-03-22T18:16:29.191Z] Starting multi-timeframe confirmation...
[2026-03-22T18:16:29.194Z] Adjusted position size with sentiment: 21.68722490
[2026-03-22T18:16:29.195Z] Type of dailyLossCheck: function
[2026-03-22T18:16:29.204Z] USDT available: 27.10903112
[2026-03-22T18:16:29.210Z] Calculated position size (USDT): 21.68722490
[2026-03-22T18:16:29.212Z] Last price: 54.1
[2026-03-22T18:16:29.214Z] Calculated quantity: 0.40087292
[2026-03-22T18:16:29.215Z] No trade executed for LTCUSDT due to signal: HOLD
[2026-03-22T18:16:29.220Z] Mapping candle data...
[2026-03-22T18:16:29.223Z] Long-term ATR (4H): 0.01541414141414141
[2026-03-22T18:16:29.225Z] Calling analyze function...
[2026-03-22T18:16:29.228Z] Analyze function returned: Signal=HOLD, RSI=48.42, EMA=1.43349381899832, ATR=0.0007871371729053364, Price=1.433
[2026-03-22T18:16:29.234Z] Trend Direction: 15m=DOWN, 4h=DOWN
[2026-03-22T18:16:29.239Z] Starting multi-timeframe confirmation...
[2026-03-22T18:16:29.241Z] Adjusted position size with sentiment: 21.68722490
[2026-03-22T18:16:29.243Z] Type of dailyLossCheck: function
[2026-03-22T18:16:29.245Z] USDT available: 27.10903112
[2026-03-22T18:16:29.247Z] Calculated position size (USDT): 21.68722490
[2026-03-22T18:16:29.254Z] Last price: 1.433
[2026-03-22T18:16:29.258Z] Calculated quantity: 15.13414159
[2026-03-22T18:16:29.259Z] No trade executed for DOTUSDT due to signal: HOLD
[2026-03-22T18:16:29.262Z] Mapping candle data...
[2026-03-22T18:16:29.264Z] Long-term ATR (4H): 0.034515151515151485
[2026-03-22T18:16:29.265Z] Calling analyze function...
[2026-03-22T18:16:29.272Z] Analyze function returned: Signal=HOLD, RSI=59.38, EMA=3.484051196596905, ATR=0.0009614137889655545, Price=3.486
[2026-03-22T18:16:29.275Z] Trend Direction: 15m=DOWN, 4h=DOWN
[2026-03-22T18:16:29.276Z] Starting multi-timeframe confirmation...
[2026-03-22T18:16:29.277Z] Adjusted position size with sentiment: 21.68722490
[2026-03-22T18:16:29.279Z] Type of dailyLossCheck: function
[2026-03-22T18:16:29.281Z] USDT available: 27.10903112
[2026-03-22T18:16:29.282Z] Calculated position size (USDT): 21.68722490
[2026-03-22T18:16:29.286Z] Last price: 3.486
[2026-03-22T18:16:29.290Z] Calculated quantity: 6.22123491
[2026-03-22T18:16:29.416Z] No trade executed for UNIUSDT due to signal: HOLD
[2026-03-22T18:16:29.468Z] Mapping candle data...
[2026-03-22T18:16:29.473Z] Long-term ATR (4H): 2.745050505050505
[2026-03-22T18:16:29.477Z] Calling analyze function...
[2026-03-22T18:16:29.485Z] Analyze function returned: Signal=HOLD, RSI=56.73, EMA=467.28352321022237, ATR=0.1580663076105779, Price=467.43
[2026-03-22T18:16:29.507Z] Trend Direction: 15m=UP, 4h=UP
[2026-03-22T18:16:29.520Z] Starting multi-timeframe confirmation...
[2026-03-22T18:16:29.523Z] Adjusted position size with sentiment: 21.68722490
[2026-03-22T18:16:29.526Z] Type of dailyLossCheck: function
[2026-03-22T18:16:29.529Z] USDT available: 27.10903112
[2026-03-22T18:16:29.531Z] Calculated position size (USDT): 21.68722490
[2026-03-22T18:16:29.533Z] Last price: 467.43
[2026-03-22T18:16:29.539Z] Calculated quantity: 0.04639673
[2026-03-22T18:16:29.542Z] No trade executed for BCHUSDT due to signal: HOLD
[2026-03-22T18:16:29.545Z] Mapping candle data...
[2026-03-22T18:16:29.547Z] Long-term ATR (4H): 0.029111111111111112
[2026-03-22T18:16:29.549Z] Calling analyze function...
[2026-03-22T18:16:29.557Z] Analyze function returned: Signal=HOLD, RSI=34.97, EMA=2.3832097406264596, ATR=0.00203056183392214, Price=2.378
[2026-03-22T18:16:29.560Z] Trend Direction: 15m=DOWN, 4h=DOWN
[2026-03-22T18:16:29.562Z] Starting multi-timeframe confirmation...
[2026-03-22T18:16:29.565Z] Adjusted position size with sentiment: 21.68722490
[2026-03-22T18:16:29.570Z] Type of dailyLossCheck: function
[2026-03-22T18:16:29.572Z] USDT available: 27.10903112
[2026-03-22T18:16:29.574Z] Calculated position size (USDT): 21.68722490
[2026-03-22T18:16:29.576Z] Last price: 2.378
[2026-03-22T18:16:29.578Z] Calculated quantity: 9.11994319
[2026-03-22T18:16:29.581Z] No trade executed for ICPUSDT due to signal: HOLD
[2026-03-22T18:16:29.588Z] Mapping candle data...
[2026-03-22T18:16:29.590Z] Long-term ATR (4H): 0.00006112121212121212
[2026-03-22T18:16:29.592Z] Calling analyze function...
[2026-03-22T18:16:29.596Z] Analyze function returned: Signal=HOLD, RSI=47.61, EMA=0.006923830494546062, ATR=0.0000010084675376863297, Price=0.006924
[2026-03-22T18:16:29.600Z] Trend Direction: 15m=DOWN, 4h=DOWN
[2026-03-22T18:16:29.603Z] Starting multi-timeframe confirmation...
[2026-03-22T18:16:29.604Z] Adjusted position size with sentiment: 21.68722490
[2026-03-22T18:16:29.606Z] Type of dailyLossCheck: function
[2026-03-22T18:16:29.609Z] USDT available: 27.10903112
[2026-03-22T18:16:29.617Z] Calculated position size (USDT): 21.68722490
[2026-03-22T18:16:29.624Z] Last price: 0.006924
[2026-03-22T18:16:29.627Z] Calculated quantity: 3132.18152744
[2026-03-22T18:16:29.634Z] No trade executed for VETUSDT due to signal: HOLD
[2026-03-22T18:16:29.643Z] Mapping candle data...
[2026-03-22T18:16:29.645Z] Long-term ATR (4H): 0.07020202020202014
[2026-03-22T18:16:29.647Z] Calling analyze function...
[2026-03-22T18:16:29.655Z] Analyze function returned: Signal=HOLD, RSI=54.3, EMA=8.101070708497408, ATR=0.0018946121406168892, Price=8.103
[2026-03-22T18:16:29.658Z] Trend Direction: 15m=DOWN, 4h=DOWN
[2026-03-22T18:16:29.659Z] Starting multi-timeframe confirmation...
[2026-03-22T18:16:29.662Z] Adjusted position size with sentiment: 21.68722490
[2026-03-22T18:16:29.664Z] Type of dailyLossCheck: function
[2026-03-22T18:16:29.672Z] USDT available: 27.10903112
[2026-03-22T18:16:29.676Z] Calculated position size (USDT): 21.68722490
[2026-03-22T18:16:29.678Z] Last price: 8.103
[2026-03-22T18:16:29.681Z] Calculated quantity: 2.67644390
[2026-03-22T18:16:29.687Z] No trade executed for ETCUSDT due to signal: HOLD
[2026-03-22T18:16:29.690Z] Mapping candle data...
[2026-03-22T18:16:29.692Z] Long-term ATR (4H): 0.001146161616161614
[2026-03-22T18:16:29.695Z] Calling analyze function...
[2026-03-22T18:16:29.703Z] Analyze function returned: Signal=HOLD, RSI=52.49, EMA=0.3178132697482337, ATR=0.00017195014893009664, Price=0.31785
[2026-03-22T18:16:29.706Z] Trend Direction: 15m=UP, 4h=UP
[2026-03-22T18:16:29.708Z] Starting multi-timeframe confirmation...
[2026-03-22T18:16:29.712Z] Adjusted position size with sentiment: 21.68722490
[2026-03-22T18:16:29.714Z] Type of dailyLossCheck: function
[2026-03-22T18:16:29.721Z] USDT available: 27.10903112
[2026-03-22T18:16:29.724Z] Calculated position size (USDT): 21.68722490
[2026-03-22T18:16:29.727Z] Last price: 0.31785
[2026-03-22T18:16:29.730Z] Calculated quantity: 68.23100486
[2026-03-22T18:16:29.733Z] No trade executed for TRXUSDT due to signal: HOLD
[2026-03-22T18:16:29.739Z] Mapping candle data...
[2026-03-22T18:16:29.742Z] Long-term ATR (4H): 0.0012737373737373731
[2026-03-22T18:16:29.745Z] Calling analyze function...
[2026-03-22T18:16:29.753Z] Analyze function returned: Signal=HOLD, RSI=56.75, EMA=0.11509282790150022, ATR=0.00005990181850353219, Price=0.1152
[2026-03-22T18:16:29.756Z] Trend Direction: 15m=DOWN, 4h=DOWN
[2026-03-22T18:16:29.761Z] Starting multi-timeframe confirmation...
[2026-03-22T18:16:29.771Z] Adjusted position size with sentiment: 21.68722490
[2026-03-22T18:16:29.774Z] Type of dailyLossCheck: function
[2026-03-22T18:16:29.776Z] USDT available: 27.10903112
[2026-03-22T18:16:29.777Z] Calculated position size (USDT): 21.68722490
[2026-03-22T18:16:29.778Z] Last price: 0.1152
[2026-03-22T18:16:29.783Z] Calculated quantity: 188.25716056
[2026-03-22T18:16:29.787Z] No trade executed for OPUSDT due to signal: HOLD
[2026-03-22T18:16:29.804Z] Mapping candle data...
[2026-03-22T18:16:29.807Z] Long-term ATR (4H): 0.0013980808080808083
[2026-03-22T18:16:29.809Z] Calling analyze function...
[2026-03-22T18:16:29.817Z] Analyze function returned: Signal=HOLD, RSI=40.43, EMA=0.15738882087868775, ATR=0.00006725387941104293, Price=0.15733
[2026-03-22T18:16:29.819Z] Trend Direction: 15m=DOWN, 4h=DOWN
[2026-03-22T18:16:29.823Z] Starting multi-timeframe confirmation...
[2026-03-22T18:16:29.825Z] Adjusted position size with sentiment: 21.68722490
[2026-03-22T18:16:29.861Z] Type of dailyLossCheck: function
[2026-03-22T18:16:29.871Z] USDT available: 27.10903112
[2026-03-22T18:16:29.877Z] Calculated position size (USDT): 21.68722490
[2026-03-22T18:16:29.880Z] Last price: 0.15733
[2026-03-22T18:16:29.886Z] Calculated quantity: 137.84545157
[2026-03-22T18:16:29.889Z] No trade executed for XLMUSDT due to signal: HOLD
[2026-03-22T18:16:29.894Z] Mapping candle data...
[2026-03-22T18:16:29.896Z] Long-term ATR (4H): 0.010834343434343434
[2026-03-22T18:16:29.902Z] Calling analyze function...
[2026-03-22T18:16:29.919Z] Analyze function returned: Signal=HOLD, RSI=38.16, EMA=0.8724554103185331, ATR=0.00036195186108689965, Price=0.8718
[2026-03-22T18:16:29.922Z] Trend Direction: 15m=DOWN, 4h=DOWN
[2026-03-22T18:16:29.928Z] Starting multi-timeframe confirmation...
[2026-03-22T18:16:29.937Z] Adjusted position size with sentiment: 21.68722490
[2026-03-22T18:16:29.940Z] Type of dailyLossCheck: function
[2026-03-22T18:16:29.943Z] USDT available: 27.10903112
[2026-03-22T18:16:29.946Z] Calculated position size (USDT): 21.68722490
[2026-03-22T18:16:29.954Z] Last price: 0.8718
[2026-03-22T18:16:29.957Z] Calculated quantity: 24.87637634
[2026-03-22T18:16:29.961Z] No trade executed for FILUSDT due to signal: HOLD
[2026-03-22T18:16:29.971Z] Mapping candle data...
[2026-03-22T18:16:29.974Z] Long-term ATR (4H): 0.08830303030303031
[2026-03-22T18:16:29.976Z] Calling analyze function...
[2026-03-22T18:16:29.986Z] Analyze function returned: Signal=HOLD, RSI=44.34, EMA=9.061870695082941, ATR=0.004570384627925002, Price=9.058
[2026-03-22T18:16:29.989Z] Trend Direction: 15m=DOWN, 4h=DOWN
[2026-03-22T18:16:29.991Z] Starting multi-timeframe confirmation...
[2026-03-22T18:16:29.994Z] Adjusted position size with sentiment: 21.68722490
[2026-03-22T18:16:29.999Z] Type of dailyLossCheck: function
[2026-03-22T18:16:30.004Z] USDT available: 27.10903112
[2026-03-22T18:16:30.006Z] Calculated position size (USDT): 21.68722490
[2026-03-22T18:16:30.010Z] Last price: 9.058
[2026-03-22T18:16:30.012Z] Calculated quantity: 2.39426197
[2026-03-22T18:16:30.019Z] No trade executed for AVAXUSDT due to signal: HOLD
[2026-03-22T18:16:30.023Z] Mapping candle data...
[2026-03-22T18:16:30.025Z] Long-term ATR (4H): 3.5548484848484785
[2026-03-22T18:16:30.029Z] Calling analyze function...
[2026-03-22T18:16:30.038Z] Analyze function returned: Signal=HOLD, RSI=52.63, EMA=630.0647945815308, ATR=0.173828703083109, Price=630.21
[2026-03-22T18:16:30.041Z] Trend Direction: 15m=DOWN, 4h=DOWN
[2026-03-22T18:16:30.050Z] Starting multi-timeframe confirmation...
[2026-03-22T18:16:30.053Z] Adjusted position size with sentiment: 21.68722490
[2026-03-22T18:16:30.055Z] Type of dailyLossCheck: function
[2026-03-22T18:16:30.059Z] USDT available: 27.10903112
[2026-03-22T18:16:30.061Z] Calculated position size (USDT): 21.68722490
[2026-03-22T18:16:30.066Z] Last price: 630.21
[2026-03-22T18:16:30.068Z] Calculated quantity: 0.03441270
[2026-03-22T18:16:30.071Z] No trade executed for BNBUSDT due to signal: HOLD
[2026-03-22T18:17:30.088Z] Skipping news sentiment fetch. Next fetch in approximately 1 minutes.
[2026-03-22T18:17:30.139Z] Entering symbol loop.
[2026-03-22T18:17:31.266Z] Fetched Bitget balances successfully.
[2026-03-22T18:17:31.587Z] Fetched Deriv balances successfully.
[2026-03-22T18:17:31.605Z] Current Balance: 27.11 USDT, Initial Balance: 27.11 USDT, Peak Balance: 27.11 USDT
[2026-03-22T18:17:31.620Z] Daily Loss Percent: 0.00%, Total Drawdown Percent: 0.00%
[2026-03-22T18:17:31.653Z] Processing symbol: BTCUSDT
[2026-03-22T18:17:31.737Z] Fetching 1m candles for BTCUSDT
[2026-03-22T18:17:31.771Z] Processing symbol: ETHUSDT
[2026-03-22T18:17:31.795Z] Fetching 1m candles for ETHUSDT
[2026-03-22T18:17:31.800Z] Processing symbol: XRPUSDT
[2026-03-22T18:17:31.817Z] Fetching 1m candles for XRPUSDT
[2026-03-22T18:17:31.830Z] Processing symbol: ADAUSDT
[2026-03-22T18:17:31.832Z] Fetching 1m candles for ADAUSDT
[2026-03-22T18:17:31.849Z] Processing symbol: SOLUSDT
[2026-03-22T18:17:31.853Z] Fetching 1m candles for SOLUSDT
[2026-03-22T18:17:31.879Z] Processing symbol: DOGEUSDT
[2026-03-22T18:17:31.884Z] Fetching 1m candles for DOGEUSDT
[2026-03-22T18:17:31.902Z] Processing symbol: DOTUSDT
[2026-03-22T18:17:31.915Z] Fetching 1m candles for DOTUSDT
[2026-03-22T18:17:31.932Z] Processing symbol: LTCUSDT
[2026-03-22T18:17:31.952Z] Fetching 1m candles for LTCUSDT
[2026-03-22T18:17:31.981Z] Processing symbol: BCHUSDT
[2026-03-22T18:17:32.015Z] Fetching 1m candles for BCHUSDT
[2026-03-22T18:17:32.030Z] Processing symbol: LINKUSDT
[2026-03-22T18:17:32.044Z] Fetching 1m candles for LINKUSDT
[2026-03-22T18:17:32.049Z] Processing symbol: TRXUSDT
[2026-03-22T18:17:32.052Z] Fetching 1m candles for TRXUSDT
[2026-03-22T18:17:32.064Z] Processing symbol: UNIUSDT
[2026-03-22T18:17:32.074Z] Fetching 1m candles for UNIUSDT
[2026-03-22T18:17:32.117Z] Processing symbol: AVAXUSDT
[2026-03-22T18:17:32.125Z] Fetching 1m candles for AVAXUSDT
[2026-03-22T18:17:32.130Z] Processing symbol: ETCUSDT
[2026-03-22T18:17:32.132Z] Fetching 1m candles for ETCUSDT
[2026-03-22T18:17:32.133Z] Processing symbol: XLMUSDT
[2026-03-22T18:17:32.140Z] Fetching 1m candles for XLMUSDT
[2026-03-22T18:17:32.147Z] Processing symbol: FILUSDT
[2026-03-22T18:17:32.162Z] Fetching 1m candles for FILUSDT
[2026-03-22T18:17:32.166Z] Processing symbol: ICPUSDT
[2026-03-22T18:17:32.169Z] Fetching 1m candles for ICPUSDT
[2026-03-22T18:17:32.202Z] Processing symbol: VETUSDT
[2026-03-22T18:17:32.216Z] Fetching 1m candles for VETUSDT
[2026-03-22T18:17:32.230Z] Processing symbol: BNBUSDT
[2026-03-22T18:17:32.235Z] Fetching 1m candles for BNBUSDT
[2026-03-22T18:17:32.265Z] Processing symbol: OPUSDT
[2026-03-22T18:17:32.301Z] Fetching 1m candles for OPUSDT
[2026-03-22T18:17:33.012Z] Fetched 1m candles for BTCUSDT. Sample: [["1774197480000","68727.5","68727.5","68706","68706","5.2892","363467.76581"],["1774197540000","68706","68712.1","68693.8","68703.4","5.1997","357234.10738"]]
[2026-03-22T18:17:33.260Z] Fetching 15m candles for BTCUSDT
[2026-03-22T18:17:33.805Z] Fetched 1m candles for ADAUSDT. Sample: [["1774197480000","0.254","0.254","0.2538","0.2539","38458","9764.4691"],["1774197540000","0.2539","0.2539","0.2538","0.2538","25183","6393.6304"]]
[2026-03-22T18:17:33.818Z] Fetching 15m candles for ADAUSDT
[2026-03-22T18:17:33.882Z] Fetched 1m candles for LINKUSDT. Sample: [["1774197480000","8.785","8.785","8.78","8.78","90","790.326"],["1774197540000","8.78","8.78","8.775","8.776","931","8170.066"]]
[2026-03-22T18:17:33.886Z] Fetching 15m candles for LINKUSDT
[2026-03-22T18:17:33.903Z] Fetched 1m candles for XLMUSDT. Sample: [["1774197480000","0.15903","0.15903","0.15896","0.15896","141","22.41336"],["1774197540000","0.15896","0.15896","0.15885","0.15885","257","40.83197"]]
[2026-03-22T18:17:33.905Z] Fetching 15m candles for XLMUSDT
[2026-03-22T18:17:33.909Z] Fetched 1m candles for ICPUSDT. Sample: [["1774197480000","2.387","2.387","2.386","2.386","131.19","313.01934"],["1774197540000","2.386","2.386","2.384","2.384","265.45","632.8328"]]
[2026-03-22T18:17:33.915Z] Fetching 15m candles for ICPUSDT
[2026-03-22T18:17:33.920Z] Fetched 1m candles for OPUSDT. Sample: [["1774197480000","0.1159","0.1159","0.1158","0.1158","696.9","80.70102"],["1774197540000","0.1158","0.1158","0.1157","0.1157","5177.5","599.03675"]]
[2026-03-22T18:17:33.923Z] Fetching 15m candles for OPUSDT
[2026-03-22T18:17:33.926Z] Fetched 1m candles for LTCUSDT. Sample: [["1774197480000","54.1","54.1","54.07","54.07","10.5","567.76"],["1774197540000","54.07","54.07","54.05","54.05","14.2","767.55"]]
[2026-03-22T18:17:33.932Z] Fetching 15m candles for LTCUSDT
[2026-03-22T18:17:33.936Z] Fetched 1m candles for DOTUSDT. Sample: [["1774197480000","1.434","1.434","1.432","1.432","273","390.936"],["1774197540000","1.432","1.432","1.429","1.43","9686","13850.122"]]
[2026-03-22T18:17:33.956Z] Fetching 15m candles for DOTUSDT
[2026-03-22T18:17:34.003Z] Fetched 1m candles for ETHUSDT. Sample: [["1774197480000","2080.8","2080.99","2080.1","2080.32","92.17","191776.0605"],["1774197540000","2080.32","2080.32","2079.39","2079.39","7.86","16347.1958"]]
[2026-03-22T18:17:34.022Z] Fetching 15m candles for ETHUSDT
[2026-03-22T18:17:34.117Z] Fetched 1m candles for TRXUSDT. Sample: [["1774197480000","0.31673","0.31673","0.31672","0.31673","1392","440.87456"],["1774197540000","0.31673","0.31673","0.31587","0.31587","18934","5990.18934"]]
[2026-03-22T18:17:34.152Z] Fetching 15m candles for TRXUSDT
[2026-03-22T18:17:34.186Z] Fetched 1m candles for SOLUSDT. Sample: [["1774197480000","87.365","87.365","87.31","87.332","445.5","38904.7421"],["1774197540000","87.332","87.332","87.252","87.255","326","28456.0674"]]
[2026-03-22T18:20:08.594Z] runBot function started.
[2026-03-22T18:20:10.024Z] Connected to Deriv WebSocket API
[2026-03-22T18:20:10.369Z] Deriv API Authorized: VRTC6531638
[2026-03-22T18:20:10.372Z] Connected to Deriv API successfully.
[2026-03-22T18:20:11.747Z] Fetched Bitget contract configurations.
[2026-03-22T18:20:11.770Z] Deriv API: Placeholder for getContractConfig for undefined
[2026-03-22T18:20:11.787Z] Fetched Deriv contract configurations.
[2026-03-22T18:20:11.824Z] Deriv Contract Configurations: {
  "minTradeNum": 0.01,
  "pricePlace": 5
}
[2026-03-22T18:20:11.828Z] Skipping news sentiment fetch. Next fetch in approximately 3 minutes.
[2026-03-22T18:20:11.830Z] Entering symbol loop.
[2026-03-22T18:20:12.258Z] Fetched Bitget balances successfully.
[2026-03-22T18:20:36.305Z] Fetched Deriv balances successfully.
[2026-03-22T18:20:36.308Z] Initial balance set to: 27.11 USDT
[2026-03-22T18:20:36.310Z] Current Balance: 27.11 USDT, Initial Balance: 27.11 USDT, Peak Balance: 27.11 USDT
[2026-03-22T18:20:36.313Z] Daily Loss Percent: 0.00%, Total Drawdown Percent: 0.00%
[2026-03-22T18:20:36.317Z] Processing symbol: BTCUSDT
[2026-03-22T18:20:36.318Z] Fetching 1m candles for BTCUSDT
[2026-03-22T18:20:36.322Z] Processing symbol: ETHUSDT
[2026-03-22T18:20:36.326Z] Fetching 1m candles for ETHUSDT
[2026-03-22T18:20:36.329Z] Processing symbol: XRPUSDT
[2026-03-22T18:20:36.334Z] Fetching 1m candles for XRPUSDT
[2026-03-22T18:20:36.338Z] Processing symbol: ADAUSDT
[2026-03-22T18:20:36.340Z] Fetching 1m candles for ADAUSDT
[2026-03-22T18:20:36.343Z] Processing symbol: SOLUSDT
[2026-03-22T18:20:36.347Z] Fetching 1m candles for SOLUSDT
[2026-03-22T18:20:36.350Z] Processing symbol: DOGEUSDT
[2026-03-22T18:20:36.353Z] Fetching 1m candles for DOGEUSDT
[2026-03-22T18:20:36.356Z] Processing symbol: DOTUSDT
[2026-03-22T18:20:36.360Z] Fetching 1m candles for DOTUSDT
[2026-03-22T18:20:36.362Z] Processing symbol: LTCUSDT
[2026-03-22T18:20:36.365Z] Fetching 1m candles for LTCUSDT
[2026-03-22T18:20:36.368Z] Processing symbol: BCHUSDT
[2026-03-22T18:20:36.372Z] Fetching 1m candles for BCHUSDT
[2026-03-22T18:20:36.375Z] Processing symbol: LINKUSDT
[2026-03-22T18:20:36.377Z] Fetching 1m candles for LINKUSDT
[2026-03-22T18:20:36.380Z] Processing symbol: TRXUSDT
[2026-03-22T18:20:36.382Z] Fetching 1m candles for TRXUSDT
[2026-03-22T18:20:36.385Z] Processing symbol: UNIUSDT
[2026-03-22T18:20:36.389Z] Fetching 1m candles for UNIUSDT
[2026-03-22T18:20:36.394Z] Processing symbol: AVAXUSDT
[2026-03-22T18:20:36.400Z] Fetching 1m candles for AVAXUSDT
[2026-03-22T18:20:36.406Z] Processing symbol: ETCUSDT
[2026-03-22T18:20:36.408Z] Fetching 1m candles for ETCUSDT
[2026-03-22T18:20:36.410Z] Processing symbol: XLMUSDT
[2026-03-22T18:20:36.412Z] Fetching 1m candles for XLMUSDT
[2026-03-22T18:20:36.414Z] Processing symbol: FILUSDT
[2026-03-22T18:20:36.420Z] Fetching 1m candles for FILUSDT
[2026-03-22T18:20:36.424Z] Processing symbol: ICPUSDT
[2026-03-22T18:20:36.426Z] Fetching 1m candles for ICPUSDT
[2026-03-22T18:20:36.429Z] Processing symbol: VETUSDT
[2026-03-22T18:20:36.431Z] Fetching 1m candles for VETUSDT
[2026-03-22T18:20:36.433Z] Processing symbol: BNBUSDT
[2026-03-22T18:20:36.435Z] Fetching 1m candles for BNBUSDT
[2026-03-22T18:20:36.438Z] Processing symbol: OPUSDT
[2026-03-22T18:20:36.442Z] Fetching 1m candles for OPUSDT
[2026-03-22T18:20:37.414Z] Fetched 1m candles for BTCUSDT. Sample: [["1774197660000","68693.5","68707","68657.2","68657.2","8.1402","559051.90326"],["1774197720000","68657.2","68690.2","68647.3","68689","6.9597","477960.57936"]]
[2026-03-22T18:20:37.417Z] Fetching 15m candles for BTCUSDT
[2026-03-22T18:20:37.423Z] Fetched 1m candles for XRPUSDT. Sample: [["1774197660000","1.3922","1.3929","1.392","1.392","124388","173211.7335"],["1774197720000","1.392","1.3927","1.3912","1.3927","78839","109716.46"]]
[2026-03-22T18:20:37.425Z] Fetching 15m candles for XRPUSDT
[2026-03-22T18:20:37.439Z] Fetched 1m candles for ETHUSDT. Sample: [["1774197660000","2079.33","2079.84","2077.02","2077.02","689.64","1433091.8396"],["1774197720000","2077.02","2079.58","2077.01","2079.43","490.57","1019461.2659"]]
[2026-03-22T18:20:37.448Z] Fetching 15m candles for ETHUSDT
[2026-03-22T18:20:37.457Z] Fetched 1m candles for ADAUSDT. Sample: [["1774197660000","0.2538","0.2541","0.2538","0.254","88299","22423.4694"],["1774197720000","0.254","0.254","0.2539","0.254","16836","4275.8093"]]
[2026-03-22T18:20:37.467Z] Fetching 15m candles for ADAUSDT
[2026-03-22T18:20:37.537Z] Fetched 1m candles for LINKUSDT. Sample: [["1774197660000","8.772","8.777","8.772","8.772","727","6379.115"],["1774197720000","8.772","8.772","8.768","8.771","384","3367.345"]]
[2026-03-22T18:20:37.539Z] Fetching 15m candles for LINKUSDT
[2026-03-22T18:20:37.558Z] Fetched 1m candles for UNIUSDT. Sample: [["1774197660000","3.479","3.48","3.478","3.478","190","661.008"],["1774197720000","3.478","3.479","3.476","3.479","22","76.493"]]
[2026-03-22T18:20:37.560Z] Fetching 15m candles for UNIUSDT
[2026-03-22T18:20:37.684Z] Fetched 1m candles for TRXUSDT. Sample: [["1774197660000","0.31551","0.31575","0.31551","0.31575","1637","516.71211"],["1774197720000","0.31575","0.3162","0.31575","0.31618","625169","197627.78444"]]
[2026-03-22T18:20:37.687Z] Fetching 15m candles for TRXUSDT
[2026-03-22T18:20:37.704Z] Fetched 1m candles for DOTUSDT. Sample: [["1774197660000","1.43","1.432","1.43","1.431","1084","1551.859"],["1774197720000","1.431","1.431","1.43","1.43","2287","3270.41"]]
[2026-03-22T18:20:37.734Z] Fetching 15m candles for DOTUSDT
[2026-03-22T18:20:37.746Z] Fetched 1m candles for LTCUSDT. Sample: [["1774197660000","54.05","54.05","54.05","54.05","70.1","3788.905"],["1774197720000","54.05","54.05","54.04","54.05","65.3","3529.425"]]
[2026-03-22T18:20:37.761Z] Fetching 15m candles for LTCUSDT
[2026-03-22T18:20:37.789Z] Fetched 1m candles for ETCUSDT. Sample: [["1774197660000","8.112","8.112","8.107","8.109","46","372.986"],["1774197720000","8.109","8.109","8.107","8.107","89","721.613"]]
[2026-03-22T18:20:37.798Z] Fetching 15m candles for ETCUSDT
[2026-03-22T18:20:37.845Z] Fetched 1m candles for SOLUSDT. Sample: [["1774197660000","87.239","87.251","87.211","87.222","1748.6","152536.4432"],["1774197720000","87.222","87.314","87.222","87.286","265.5","23175.505"]]
[2026-03-22T18:20:37.857Z] Fetching 15m candles for SOLUSDT
[2026-03-22T18:20:37.893Z] Fetched 1m candles for BCHUSDT. Sample: [["1774197660000","468.12","468.28","468.04","468.04","5.7","2668.261"],["1774197720000","468.04","468.3","468.04","468.3","1.57","735.081"]]
[2026-03-22T18:20:37.903Z] Fetching 15m candles for BCHUSDT
[2026-03-22T18:20:37.915Z] Fetched 1m candles for DOGEUSDT. Sample: [["1774197660000","0.0914","0.09142","0.09138","0.09139","76817","7021.54077"],["1774197720000","0.09139","0.09145","0.09135","0.09145","276126","25233.50822"]]
[2026-03-22T18:20:37.936Z] Fetching 15m candles for DOGEUSDT
[2026-03-22T18:20:37.949Z] Fetched 1m candles for BNBUSDT. Sample: [["1774197660000","629.18","629.38","629.16","629.16","8.71","5481.1541"],["1774197720000","629.16","629.44","629.13","629.44","1.88","1183.227"]]
[2026-03-22T18:20:37.971Z] Fetching 15m candles for BNBUSDT
[2026-03-22T18:20:37.983Z] Fetched 1m candles for OPUSDT. Sample: [["1774197660000","0.1157","0.1158","0.1157","0.1157","3321.4","384.32799"],["1774197720000","0.1157","0.1157","0.1156","0.1157","12508.5","1447.03824"]]
[2026-03-22T18:20:38.007Z] Fetching 15m candles for OPUSDT
[2026-03-22T18:20:38.019Z] Fetched 1m candles for VETUSDT. Sample: [["1774197660000","0.006934","0.006936","0.006933","0.006933","30831","213.807503"],["1774197720000","0.006933","0.006935","0.006931","0.006935","60403","418.755188"]]
[2026-03-22T18:20:38.038Z] Fetching 15m candles for VETUSDT
[2026-03-22T18:20:38.129Z] Fetched 1m candles for ICPUSDT. Sample: [["1774197660000","2.384","2.385","2.384","2.385","212.17","505.93699"],["1774197720000","2.385","2.385","2.384","2.384","35.07","83.60688"]]
[2026-03-22T18:20:38.136Z] Fetching 15m candles for ICPUSDT
[2026-03-22T18:20:38.169Z] Fetched 1m candles for AVAXUSDT. Sample: [["1774197660000","9.076","9.079","9.074","9.074","210.9","1914.3801"],["1774197720000","9.074","9.078","9.072","9.077","132.3","1200.863"]]
[2026-03-22T18:20:38.186Z] Fetching 15m candles for AVAXUSDT
[2026-03-22T18:20:38.202Z] Fetched 1m candles for FILUSDT. Sample: [["1774197660000","0.875","0.8754","0.875","0.8752","2691.9","2356.42724"],["1774197720000","0.8752","0.8755","0.8751","0.8755","502","439.44397"]]
[2026-03-22T18:20:38.248Z] Fetching 15m candles for FILUSDT
[2026-03-22T18:20:38.282Z] Fetching 4H candles for XRPUSDT
[2026-03-22T18:20:38.296Z] Fetched 1m candles for XLMUSDT. Sample: [["1774197660000","0.15885","0.15892","0.15885","0.15886","14567","2314.38806"],["1774197720000","0.15886","0.15886","0.15881","0.15883","8402","1334.33294"]]
[2026-03-22T18:20:38.320Z] Fetching 15m candles for XLMUSDT
[2026-03-22T18:20:38.337Z] Fetching 4H candles for BTCUSDT
[2026-03-22T18:20:38.379Z] Fetching 4H candles for ETHUSDT
[2026-03-22T18:20:38.383Z] Fetching 4H candles for ADAUSDT
[2026-03-22T18:20:38.399Z] Fetching 4H candles for LINKUSDT
[2026-03-22T18:20:38.411Z] Fetching 4H candles for UNIUSDT
[2026-03-22T18:20:38.481Z] Fetching 4H candles for TRXUSDT
[2026-03-22T18:20:38.487Z] Fetching 4H candles for ETCUSDT
[2026-03-22T18:20:38.503Z] Fetching 4H candles for DOTUSDT
[2026-03-22T18:20:38.510Z] Fetching 4H candles for LTCUSDT
[2026-03-22T18:20:38.542Z] Fetching 4H candles for SOLUSDT
[2026-03-22T18:20:38.562Z] Fetching 4H candles for BCHUSDT
[2026-03-22T18:20:38.570Z] Fetching 4H candles for DOGEUSDT
[2026-03-22T18:20:38.672Z] Fetching 4H candles for OPUSDT
[2026-03-22T18:20:38.689Z] Fetching 4H candles for VETUSDT
[2026-03-22T18:20:38.693Z] Fetching 4H candles for BNBUSDT
[2026-03-22T18:20:38.811Z] Fetching 4H candles for AVAXUSDT
[2026-03-22T18:20:38.834Z] Fetching 4H candles for ICPUSDT
[2026-03-22T18:20:38.879Z] Fetching 4H candles for FILUSDT
[2026-03-22T18:20:38.926Z] Mapping candle data...
[2026-03-22T18:20:38.930Z] Long-term ATR (4H): 0.010829292929292928
[2026-03-22T18:20:38.932Z] Calling analyze function...
[2026-03-22T18:20:38.944Z] Analyze function returned: Signal=HOLD, RSI=41.54, EMA=1.3896396594130291, ATR=0.0006386100192293725, Price=1.3891
[2026-03-22T18:20:38.948Z] Trend Direction: 15m=DOWN, 4h=DOWN
[2026-03-22T18:20:38.950Z] Starting multi-timeframe confirmation...
[2026-03-22T18:20:38.954Z] Adjusted position size with sentiment: 21.68722490
[2026-03-22T18:20:38.956Z] Type of dailyLossCheck: function
[2026-03-22T18:20:38.958Z] USDT available: 27.10903112
[2026-03-22T18:20:38.959Z] Calculated position size (USDT): 21.68722490
[2026-03-22T18:20:38.960Z] Last price: 1.3891
[2026-03-22T18:20:38.962Z] Calculated quantity: 15.61242884
[2026-03-22T18:20:38.967Z] No trade executed for XRPUSDT due to signal: HOLD
[2026-03-22T18:20:38.976Z] Fetching 4H candles for XLMUSDT
[2026-03-22T18:20:39.001Z] Mapping candle data...
[2026-03-22T18:20:39.005Z] Long-term ATR (4H): 460.96363636363617
[2026-03-22T18:20:39.009Z] Calling analyze function...
[2026-03-22T18:20:39.013Z] Analyze function returned: Signal=HOLD, RSI=55.95, EMA=68667.68806319452, ATR=21.739939434016772, Price=68686
[2026-03-22T18:20:39.016Z] Trend Direction: 15m=DOWN, 4h=DOWN
[2026-03-22T18:20:39.018Z] Starting multi-timeframe confirmation...
[2026-03-22T18:20:39.022Z] Adjusted position size with sentiment: 21.68722490
[2026-03-22T18:20:39.024Z] Type of dailyLossCheck: function
[2026-03-22T18:20:39.025Z] USDT available: 27.10903112
[2026-03-22T18:20:39.028Z] Calculated position size (USDT): 21.68722490
[2026-03-22T18:20:39.033Z] Last price: 68686
[2026-03-22T18:20:39.035Z] Calculated quantity: 0.00031574
[2026-03-22T18:20:39.039Z] No trade executed for BTCUSDT due to signal: HOLD
[2026-03-22T18:20:39.056Z] Mapping candle data...
[2026-03-22T18:20:39.059Z] Long-term ATR (4H): 0.002516161616161615
[2026-03-22T18:20:39.060Z] Calling analyze function...
[2026-03-22T18:20:39.064Z] Analyze function returned: Signal=HOLD, RSI=49.4, EMA=0.2540181235859672, ATR=0.00011440127722452563, Price=0.254
[2026-03-22T18:20:39.067Z] Trend Direction: 15m=DOWN, 4h=DOWN
[2026-03-22T18:20:39.068Z] Starting multi-timeframe confirmation...
[2026-03-22T18:20:39.072Z] Adjusted position size with sentiment: 21.68722490
[2026-03-22T18:20:39.073Z] Type of dailyLossCheck: function
[2026-03-22T18:20:39.076Z] USDT available: 27.10903112
[2026-03-22T18:20:39.079Z] Calculated position size (USDT): 21.68722490
[2026-03-22T18:20:39.082Z] Last price: 0.254
[2026-03-22T18:20:39.087Z] Calculated quantity: 85.38277518
[2026-03-22T18:20:39.090Z] No trade executed for ADAUSDT due to signal: HOLD
[2026-03-22T18:20:39.095Z] Mapping candle data...
[2026-03-22T18:20:39.099Z] Long-term ATR (4H): 0.07340404040404046
[2026-03-22T18:20:39.102Z] Calling analyze function...
[2026-03-22T18:20:39.108Z] Analyze function returned: Signal=HOLD, RSI=45.08, EMA=8.765987926250308, ATR=0.0034024271804120767, Price=8.763
[2026-03-22T18:20:39.110Z] Trend Direction: 15m=DOWN, 4h=DOWN
[2026-03-22T18:20:39.111Z] Starting multi-timeframe confirmation...
[2026-03-22T18:20:39.117Z] Adjusted position size with sentiment: 21.68722490
[2026-03-22T18:20:39.119Z] Type of dailyLossCheck: function
[2026-03-22T18:20:39.122Z] USDT available: 27.10903112
[2026-03-22T18:20:39.125Z] Calculated position size (USDT): 21.68722490
[2026-03-22T18:20:39.126Z] Last price: 8.763
[2026-03-22T18:20:39.128Z] Calculated quantity: 2.47486305
[2026-03-22T18:20:39.134Z] No trade executed for LINKUSDT due to signal: HOLD
[2026-03-22T18:20:39.138Z] Mapping candle data...
[2026-03-22T18:20:39.142Z] Long-term ATR (4H): 0.034525252525252494
[2026-03-22T18:20:39.144Z] Calling analyze function...
[2026-03-22T18:20:39.153Z] Analyze function returned: Signal=HOLD, RSI=61.75, EMA=3.484278526311866, ATR=0.0010300306549361044, Price=3.487
[2026-03-22T18:20:39.156Z] Trend Direction: 15m=DOWN, 4h=DOWN
[2026-03-22T18:20:39.159Z] Starting multi-timeframe confirmation...
[2026-03-22T18:20:39.161Z] Adjusted position size with sentiment: 21.68722490
[2026-03-22T18:20:39.163Z] Type of dailyLossCheck: function
[2026-03-22T18:20:39.169Z] USDT available: 27.10903112
[2026-03-22T18:20:39.172Z] Calculated position size (USDT): 21.68722490
[2026-03-22T18:20:39.174Z] Last price: 3.487
[2026-03-22T18:20:39.175Z] Calculated quantity: 6.21945079
[2026-03-22T18:20:39.177Z] No trade executed for UNIUSDT due to signal: HOLD
[2026-03-22T18:20:39.179Z] Mapping candle data...
[2026-03-22T18:20:39.183Z] Long-term ATR (4H): 18.447878787878807
[2026-03-22T18:20:39.186Z] Calling analyze function...
[2026-03-22T18:20:39.191Z] Analyze function returned: Signal=HOLD, RSI=50.94, EMA=2078.1270792306454, ATR=0.9192647704664428, Price=2078.36
[2026-03-22T18:20:39.193Z] Trend Direction: 15m=DOWN, 4h=DOWN
[2026-03-22T18:20:39.194Z] Starting multi-timeframe confirmation...
[2026-03-22T18:20:39.196Z] Adjusted position size with sentiment: 21.68722490
[2026-03-22T18:20:39.197Z] Type of dailyLossCheck: function
[2026-03-22T18:20:39.201Z] USDT available: 27.10903112
[2026-03-22T18:20:39.203Z] Calculated position size (USDT): 21.68722490
[2026-03-22T18:20:39.205Z] Last price: 2078.36
[2026-03-22T18:20:39.206Z] Calculated quantity: 0.01043478
[2026-03-22T18:20:39.208Z] No trade executed for ETHUSDT due to signal: HOLD
[2026-03-22T18:20:39.238Z] Mapping candle data...
[2026-03-22T18:20:39.243Z] Long-term ATR (4H): 0.01541414141414141
[2026-03-22T18:20:39.250Z] Calling analyze function...
[2026-03-22T18:20:39.256Z] Analyze function returned: Signal=HOLD, RSI=48.45, EMA=1.4333309724944812, ATR=0.0005848317080023801, Price=1.433
[2026-03-22T18:20:39.262Z] Trend Direction: 15m=DOWN, 4h=DOWN
[2026-03-22T18:20:39.265Z] Starting multi-timeframe confirmation...
[2026-03-22T18:20:39.268Z] Adjusted position size with sentiment: 21.68722490
[2026-03-22T18:20:39.272Z] Type of dailyLossCheck: function
[2026-03-22T18:20:39.274Z] USDT available: 27.10903112
[2026-03-22T18:20:39.278Z] Calculated position size (USDT): 21.68722490
[2026-03-22T18:20:39.282Z] Last price: 1.433
[2026-03-22T18:20:39.286Z] Calculated quantity: 15.13414159
[2026-03-22T18:20:39.289Z] No trade executed for DOTUSDT due to signal: HOLD
[2026-03-22T18:20:39.293Z] Mapping candle data...
[2026-03-22T18:20:39.299Z] Long-term ATR (4H): 0.07022222222222214
[2026-03-22T18:20:39.302Z] Calling analyze function...
[2026-03-22T18:20:39.307Z] Analyze function returned: Signal=HOLD, RSI=49.94, EMA=8.100919801236302, ATR=0.0016292644702843285, Price=8.101
[2026-03-22T18:20:39.309Z] Trend Direction: 15m=DOWN, 4h=DOWN
[2026-03-22T18:20:39.316Z] Starting multi-timeframe confirmation...
[2026-03-22T18:20:39.320Z] Adjusted position size with sentiment: 21.68722490
[2026-03-22T18:20:39.324Z] Type of dailyLossCheck: function
[2026-03-22T18:20:39.328Z] USDT available: 27.10903112
[2026-03-22T18:20:39.332Z] Calculated position size (USDT): 21.68722490
[2026-03-22T18:20:39.334Z] Last price: 8.101
[2026-03-22T18:20:39.336Z] Calculated quantity: 2.67710467
[2026-03-22T18:20:39.339Z] No trade executed for ETCUSDT due to signal: HOLD
[2026-03-22T18:20:39.342Z] Mapping candle data...
[2026-03-22T18:20:39.347Z] Long-term ATR (4H): 0.001148484848484846
[2026-03-22T18:20:39.351Z] Calling analyze function...
[2026-03-22T18:20:39.357Z] Analyze function returned: Signal=HOLD, RSI=59.02, EMA=0.3178738113689879, ATR=0.00015058008351060166, Price=0.31808
[2026-03-22T18:20:39.359Z] Trend Direction: 15m=UP, 4h=UP
[2026-03-22T18:20:39.365Z] Starting multi-timeframe confirmation...
[2026-03-22T18:20:39.367Z] Adjusted position size with sentiment: 21.68722490
[2026-03-22T18:20:39.370Z] Type of dailyLossCheck: function
[2026-03-22T18:20:39.386Z] USDT available: 27.10903112
[2026-03-22T18:20:39.389Z] Calculated position size (USDT): 21.68722490
[2026-03-22T18:20:39.392Z] Last price: 0.31808
[2026-03-22T18:20:39.397Z] Calculated quantity: 68.18166781
[2026-03-22T18:20:39.402Z] No trade executed for TRXUSDT due to signal: HOLD
[2026-03-22T18:20:39.411Z] Mapping candle data...
[2026-03-22T18:20:39.414Z] Long-term ATR (4H): 0.35050505050505026
[2026-03-22T18:20:39.415Z] Calling analyze function...
[2026-03-22T18:20:39.420Z] Analyze function returned: Signal=HOLD, RSI=54.05, EMA=54.08146018289692, ATR=0.011129067655678324, Price=54.09
[2026-03-22T18:20:39.424Z] Trend Direction: 15m=DOWN, 4h=DOWN
[2026-03-22T18:20:39.425Z] Starting multi-timeframe confirmation...
[2026-03-22T18:20:39.431Z] Adjusted position size with sentiment: 21.68722490
[2026-03-22T18:20:39.433Z] Type of dailyLossCheck: function
[2026-03-22T18:20:39.436Z] USDT available: 27.10903112
[2026-03-22T18:20:39.438Z] Calculated position size (USDT): 21.68722490
[2026-03-22T18:20:39.441Z] Last price: 54.09
[2026-03-22T18:20:39.447Z] Calculated quantity: 0.40094703
[2026-03-22T18:20:39.451Z] No trade executed for LTCUSDT due to signal: HOLD
[2026-03-22T18:20:39.455Z] Mapping candle data...
[2026-03-22T18:20:39.458Z] Long-term ATR (4H): 2.746363636363636
[2026-03-22T18:20:39.460Z] Calling analyze function...
[2026-03-22T18:20:39.472Z] Analyze function returned: Signal=HOLD, RSI=51.06, EMA=467.2970576213105, ATR=0.16029655407173798, Price=467.3
[2026-03-22T18:20:39.474Z] Trend Direction: 15m=UP, 4h=UP
[2026-03-22T18:20:39.477Z] Starting multi-timeframe confirmation...
[2026-03-22T18:20:39.482Z] Adjusted position size with sentiment: 21.68722490
[2026-03-22T18:20:39.485Z] Type of dailyLossCheck: function
[2026-03-22T18:20:39.488Z] USDT available: 27.10903112
[2026-03-22T18:20:39.491Z] Calculated position size (USDT): 21.68722490
[2026-03-22T18:20:39.495Z] Last price: 467.3
[2026-03-22T18:20:39.501Z] Calculated quantity: 0.04640964
[2026-03-22T18:20:39.504Z] No trade executed for BCHUSDT due to signal: HOLD
[2026-03-22T18:20:39.507Z] Mapping candle data...
[2026-03-22T18:20:39.509Z] Long-term ATR (4H): 0.8117272727272733
[2026-03-22T18:20:39.513Z] Calling analyze function...
[2026-03-22T18:20:39.519Z] Analyze function returned: Signal=HOLD, RSI=53.65, EMA=87.2245785077899, ATR=0.040187702690483565, Price=87.25
[2026-03-22T18:20:39.522Z] Trend Direction: 15m=DOWN, 4h=DOWN
[2026-03-22T18:20:39.525Z] Starting multi-timeframe confirmation...
[2026-03-22T18:20:39.532Z] Adjusted position size with sentiment: 21.68722490
[2026-03-22T18:20:39.539Z] Type of dailyLossCheck: function
[2026-03-22T18:20:39.542Z] USDT available: 27.10903112
[2026-03-22T18:20:39.548Z] Calculated position size (USDT): 21.68722490
[2026-03-22T18:20:39.554Z] Last price: 87.25
[2026-03-22T18:20:39.557Z] Calculated quantity: 0.24856418
[2026-03-22T18:20:39.561Z] No trade executed for SOLUSDT due to signal: HOLD
[2026-03-22T18:20:39.589Z] Mapping candle data...
[2026-03-22T18:20:39.590Z] Long-term ATR (4H): 0.0009112121212121202
[2026-03-22T18:20:39.592Z] Calling analyze function...
[2026-03-22T18:20:39.599Z] Analyze function returned: Signal=HOLD, RSI=40.22, EMA=0.0912462322304402, ATR=0.00004556469945867594, Price=0.09119
[2026-03-22T18:20:39.605Z] Trend Direction: 15m=DOWN, 4h=DOWN
[2026-03-22T18:20:39.611Z] Starting multi-timeframe confirmation...
[2026-03-22T18:20:39.614Z] Adjusted position size with sentiment: 21.68722490
[2026-03-22T18:20:39.617Z] Type of dailyLossCheck: function
[2026-03-22T18:20:39.622Z] USDT available: 27.10903112
[2026-03-22T18:20:39.624Z] Calculated position size (USDT): 21.68722490
[2026-03-22T18:20:39.627Z] Last price: 0.09119
[2026-03-22T18:20:39.628Z] Calculated quantity: 237.82459585
[2026-03-22T18:20:39.630Z] No trade executed for DOGEUSDT due to signal: HOLD
[2026-03-22T18:20:39.638Z] Mapping candle data...
[2026-03-22T18:20:39.643Z] Long-term ATR (4H): 0.0012747474747474739
[2026-03-22T18:20:39.647Z] Calling analyze function...
[2026-03-22T18:20:39.655Z] Analyze function returned: Signal=HOLD, RSI=49.55, EMA=0.11508882275251558, ATR=0.0000498373186785139, Price=0.1151
[2026-03-22T18:20:39.659Z] Trend Direction: 15m=DOWN, 4h=DOWN
[2026-03-22T18:20:39.662Z] Starting multi-timeframe confirmation...
[2026-03-22T18:20:39.665Z] Adjusted position size with sentiment: 21.68722490
[2026-03-22T18:20:39.668Z] Type of dailyLossCheck: function
[2026-03-22T18:20:39.671Z] USDT available: 27.10903112
[2026-03-22T18:20:39.673Z] Calculated position size (USDT): 21.68722490
[2026-03-22T18:20:39.675Z] Last price: 0.1151
[2026-03-22T18:20:39.676Z] Calculated quantity: 188.42072021
[2026-03-22T18:20:39.679Z] No trade executed for OPUSDT due to signal: HOLD
[2026-03-22T18:20:39.682Z] Mapping candle data...
[2026-03-22T18:20:39.685Z] Long-term ATR (4H): 0.00006112121212121212
[2026-03-22T18:20:39.687Z] Calling analyze function...
[2026-03-22T18:20:39.690Z] Analyze function returned: Signal=HOLD, RSI=47.73, EMA=0.006923886685656002, ATR=7.495583006586603e-7, Price=0.006924
[2026-03-22T18:20:39.692Z] Trend Direction: 15m=DOWN, 4h=DOWN
[2026-03-22T18:20:39.694Z] Starting multi-timeframe confirmation...
[2026-03-22T18:20:39.695Z] Adjusted position size with sentiment: 21.68722490
[2026-03-22T18:20:39.697Z] Type of dailyLossCheck: function
[2026-03-22T18:20:39.698Z] USDT available: 27.10903112
[2026-03-22T18:20:39.701Z] Calculated position size (USDT): 21.68722490
[2026-03-22T18:20:39.703Z] Last price: 0.006924
[2026-03-22T18:20:39.706Z] Calculated quantity: 3132.18152744
[2026-03-22T18:20:39.708Z] No trade executed for VETUSDT due to signal: HOLD
[2026-03-22T18:20:39.711Z] Mapping candle data...
[2026-03-22T18:20:39.717Z] Long-term ATR (4H): 3.5531313131313063
[2026-03-22T18:20:39.725Z] Calling analyze function...
[2026-03-22T18:20:39.743Z] Analyze function returned: Signal=HOLD, RSI=48.53, EMA=630.0430282302583, ATR=0.153536625255671, Price=630.04
[2026-03-22T18:20:39.746Z] Trend Direction: 15m=DOWN, 4h=DOWN
[2026-03-22T18:20:39.751Z] Starting multi-timeframe confirmation...
[2026-03-22T18:20:39.755Z] Adjusted position size with sentiment: 21.68722490
[2026-03-22T18:20:39.758Z] Type of dailyLossCheck: function
[2026-03-22T18:20:39.760Z] USDT available: 27.10903112
[2026-03-22T18:20:39.763Z] Calculated position size (USDT): 21.68722490
[2026-03-22T18:20:39.766Z] Last price: 630.04
[2026-03-22T18:20:39.769Z] Calculated quantity: 0.03442198
[2026-03-22T18:20:39.770Z] No trade executed for BNBUSDT due to signal: HOLD
[2026-03-22T18:20:39.773Z] Mapping candle data...
[2026-03-22T18:20:39.775Z] Long-term ATR (4H): 0.029101010101010103
[2026-03-22T18:20:39.782Z] Calling analyze function...
[2026-03-22T18:20:39.787Z] Analyze function returned: Signal=HOLD, RSI=38.69, EMA=2.3819693927839665, ATR=0.0018133712014772765, Price=2.379
[2026-03-22T18:20:39.789Z] Trend Direction: 15m=DOWN, 4h=DOWN
[2026-03-22T18:20:39.797Z] Starting multi-timeframe confirmation...
[2026-03-22T18:20:39.801Z] Adjusted position size with sentiment: 21.68722490
[2026-03-22T18:20:39.804Z] Type of dailyLossCheck: function
[2026-03-22T18:20:39.806Z] USDT available: 27.10903112
[2026-03-22T18:20:39.808Z] Calculated position size (USDT): 21.68722490
[2026-03-22T18:20:39.812Z] Last price: 2.379
[2026-03-22T18:20:39.815Z] Calculated quantity: 9.11610967
[2026-03-22T18:20:39.818Z] No trade executed for ICPUSDT due to signal: HOLD
[2026-03-22T18:20:39.821Z] Mapping candle data...
[2026-03-22T18:20:39.824Z] Long-term ATR (4H): 0.08829292929292931
[2026-03-22T18:20:39.829Z] Calling analyze function...
[2026-03-22T18:20:39.834Z] Analyze function returned: Signal=HOLD, RSI=45.63, EMA=9.061322694848316, ATR=0.004015982893583848, Price=9.059
[2026-03-22T18:20:39.836Z] Trend Direction: 15m=DOWN, 4h=DOWN
[2026-03-22T18:20:39.838Z] Starting multi-timeframe confirmation...
[2026-03-22T18:20:39.844Z] Adjusted position size with sentiment: 21.68722490
[2026-03-22T18:20:39.850Z] Type of dailyLossCheck: function
[2026-03-22T18:20:39.853Z] USDT available: 27.10903112
[2026-03-22T18:20:39.855Z] Calculated position size (USDT): 21.68722490
[2026-03-22T18:20:39.857Z] Last price: 9.059
[2026-03-22T18:20:39.861Z] Calculated quantity: 2.39399767
[2026-03-22T18:20:39.866Z] No trade executed for AVAXUSDT due to signal: HOLD
[2026-03-22T18:20:39.870Z] Mapping candle data...
[2026-03-22T18:20:39.872Z] Long-term ATR (4H): 0.01083737373737374
[2026-03-22T18:20:39.875Z] Calling analyze function...
[2026-03-22T18:20:39.884Z] Analyze function returned: Signal=HOLD, RSI=37.72, EMA=0.8720949547252123, ATR=0.00036387461986600323, Price=0.8715
[2026-03-22T18:20:39.887Z] Trend Direction: 15m=DOWN, 4h=DOWN
[2026-03-22T18:20:39.895Z] Starting multi-timeframe confirmation...
[2026-03-22T18:20:39.900Z] Adjusted position size with sentiment: 21.68722490
[2026-03-22T18:20:39.904Z] Type of dailyLossCheck: function
[2026-03-22T18:20:39.907Z] USDT available: 27.10903112
[2026-03-22T18:20:39.949Z] Calculated position size (USDT): 21.68722490
[2026-03-22T18:20:39.996Z] Last price: 0.8715
[2026-03-22T18:20:40.068Z] Calculated quantity: 24.88493964
[2026-03-22T18:20:40.098Z] No trade executed for FILUSDT due to signal: HOLD
[2026-03-22T18:20:40.106Z] Mapping candle data...
[2026-03-22T18:20:40.109Z] Long-term ATR (4H): 0.0013989898989898995
[2026-03-22T18:20:40.114Z] Calling analyze function...
[2026-03-22T18:20:40.166Z] Analyze function returned: Signal=HOLD, RSI=37.58, EMA=0.15733845856227574, ATR=0.00007010431914310614, Price=0.15724
[2026-03-22T18:20:40.170Z] Trend Direction: 15m=DOWN, 4h=DOWN
[2026-03-22T18:20:40.174Z] Starting multi-timeframe confirmation...
[2026-03-22T18:20:40.177Z] Adjusted position size with sentiment: 21.68722490
[2026-03-22T18:20:40.181Z] Type of dailyLossCheck: function
[2026-03-22T18:20:40.185Z] USDT available: 27.10903112
[2026-03-22T18:20:40.189Z] Calculated position size (USDT): 21.68722490
[2026-03-22T18:20:40.193Z] Last price: 0.15724
[2026-03-22T18:20:40.197Z] Calculated quantity: 137.92435065
[2026-03-22T18:20:40.201Z] No trade executed for XLMUSDT due to signal: HOLD
[2026-03-22T18:21:39.809Z] runBot function started.
[2026-03-22T18:21:40.899Z] Connected to Deriv WebSocket API
[2026-03-22T18:21:41.262Z] Deriv API Authorized: VRTC6531638
[2026-03-22T18:21:41.293Z] Connected to Deriv API successfully.
[2026-03-22T18:21:42.485Z] Fetched Bitget contract configurations.
[2026-03-22T18:21:42.801Z] Fetched Deriv contract configurations.
[2026-03-22T18:21:42.805Z] Deriv Contract Configurations: {
  "WLDAUD": {
    "minTradeNum": 0.01,
    "pricePlace": 5
  },
  "frxAUDCAD": {
    "minTradeNum": 0.01,
    "pricePlace": 5
  },
  "frxAUDCHF": {
    "minTradeNum": 0.01,
    "pricePlace": 5
  },
  "frxAUDJPY": {
    "minTradeNum": 0.01,
    "pricePlace": 5
  },
  "frxAUDNZD": {
    "minTradeNum": 0.01,
    "pricePlace": 5
  },
  "frxAUDUSD": {
    "minTradeNum": 0.01,
    "pricePlace": 5
  },
  "OTC_AS51": {
    "minTradeNum": 0.01,
    "pricePlace": 5
  },
  "cryBTCUSD": {
    "minTradeNum": 0.01,
    "pricePlace": 5
  },
  "RDBEAR": {
    "minTradeNum": 0.01,
    "pricePlace": 5
  },
  "BOOM50": {
    "minTradeNum": 0.01,
    "pricePlace": 5
  },
  "BOOM150N": {
    "minTradeNum": 0.01,
    "pricePlace": 5
  },
  "BOOM300N": {
    "minTradeNum": 0.01,
    "pricePlace": 5
  },
  "BOOM500": {
    "minTradeNum": 0.01,
    "pricePlace": 5
  },
  "BOOM600": {
    "minTradeNum": 0.01,
    "pricePlace": 5
  },
  "BOOM900": {
    "minTradeNum": 0.01,
    "pricePlace": 5
  },
  "BOOM1000": {
    "minTradeNum": 0.01,
    "pricePlace": 5
  },
  "RDBULL": {
    "minTradeNum": 0.01,
    "pricePlace": 5
  },
  "CRASH50": {
    "minTradeNum": 0.01,
    "pricePlace": 5
  },
  "CRASH150N": {
    "minTradeNum": 0.01,
    "pricePlace": 5
  },
  "CRASH300N": {
    "minTradeNum": 0.01,
    "pricePlace": 5
  },
  "CRASH500": {
    "minTradeNum": 0.01,
    "pricePlace": 5
  },
  "CRASH600": {
    "minTradeNum": 0.01,
    "pricePlace": 5
  },
  "CRASH900": {
    "minTradeNum": 0.01,
    "pricePlace": 5
  },
  "CRASH1000": {
    "minTradeNum": 0.01,
    "pricePlace": 5
  },
  "cryETHUSD": {
    "minTradeNum": 0.01,
    "pricePlace": 5
  },
  "WLDEUR": {
    "minTradeNum": 0.01,
    "pricePlace": 5
  },
  "frxEURAUD": {
    "minTradeNum": 0.01,
    "pricePlace": 5
  },
  "frxEURCAD": {
    "minTradeNum": 0.01,
    "pricePlace": 5
  },
  "frxEURCHF": {
    "minTradeNum": 0.01,
    "pricePlace": 5
  },
  "frxEURGBP": {
    "minTradeNum": 0.01,
    "pricePlace": 5
  },
  "frxEURJPY": {
    "minTradeNum": 0.01,
    "pricePlace": 5
  },
  "frxEURNZD": {
    "minTradeNum": 0.01,
    "pricePlace": 5
  },
  "frxEURUSD": {
    "minTradeNum": 0.01,
    "pricePlace": 5
  },
  "OTC_SX5E": {
    "minTradeNum": 0.01,
    "pricePlace": 5
  },
  "OTC_FCHI": {
    "minTradeNum": 0.01,
    "pricePlace": 5
  },
  "WLDGBP": {
    "minTradeNum": 0.01,
    "pricePlace": 5
  },
  "frxGBPAUD": {
    "minTradeNum": 0.01,
    "pricePlace": 5
  },
  "frxGBPCAD": {
    "minTradeNum": 0.01,
    "pricePlace": 5
  },
  "frxGBPCHF": {
    "minTradeNum": 0.01,
    "pricePlace": 5
  },
  "frxGBPJPY": {
    "minTradeNum": 0.01,
    "pricePlace": 5
  },
  "frxGBPNOK": {
    "minTradeNum": 0.01,
    "pricePlace": 5
  },
  "frxGBPNZD": {
    "minTradeNum": 0.01,
    "pricePlace": 5
  },
  "frxGBPUSD": {
    "minTradeNum": 0.01,
    "pricePlace": 5
  },
  "OTC_GDAXI": {
    "minTradeNum": 0.01,
    "pricePlace": 5
  },
  "WLDXAU": {
    "minTradeNum": 0.01,
    "pricePlace": 5
  },
  "frxXAUUSD": {
    "minTradeNum": 0.01,
    "pricePlace": 5
  },
  "OTC_HSI": {
    "minTradeNum": 0.01,
    "pricePlace": 5
  },
  "OTC_N225": {
    "minTradeNum": 0.01,
    "pricePlace": 5
  },
  "JD10": {
    "minTradeNum": 0.01,
    "pricePlace": 5
  },
  "JD25": {
    "minTradeNum": 0.01,
    "pricePlace": 5
  },
  "JD50": {
    "minTradeNum": 0.01,
    "pricePlace": 5
  },
  "JD75": {
    "minTradeNum": 0.01,
    "pricePlace": 5
  },
  "JD100": {
    "minTradeNum": 0.01,
    "pricePlace": 5
  },
  "frxNZDJPY": {
    "minTradeNum": 0.01,
    "pricePlace": 5
  },
  "frxNZDUSD": {
    "minTradeNum": 0.01,
    "pricePlace": 5
  },
  "OTC_AEX": {
    "minTradeNum": 0.01,
    "pricePlace": 5
  },
  "frxXPDUSD": {
    "minTradeNum": 0.01,
    "pricePlace": 5
  },
  "frxXPTUSD": {
    "minTradeNum": 0.01,
    "pricePlace": 5
  },
  "RB100": {
    "minTradeNum": 0.01,
    "pricePlace": 5
  },
  "RB200": {
    "minTradeNum": 0.01,
    "pricePlace": 5
  },
  "frxXAGUSD": {
    "minTradeNum": 0.01,
    "pricePlace": 5
  },
  "stpRNG": {
    "minTradeNum": 0.01,
    "pricePlace": 5
  },
  "stpRNG2": {
    "minTradeNum": 0.01,
    "pricePlace": 5
  },
  "stpRNG3": {
    "minTradeNum": 0.01,
    "pricePlace": 5
  },
  "stpRNG4": {
    "minTradeNum": 0.01,
    "pricePlace": 5
  },
  "stpRNG5": {
    "minTradeNum": 0.01,
    "pricePlace": 5
  },
  "OTC_SSMI": {
    "minTradeNum": 0.01,
    "pricePlace": 5
  },
  "OTC_FTSE": {
    "minTradeNum": 0.01,
    "pricePlace": 5
  },
  "OTC_SPC": {
    "minTradeNum": 0.01,
    "pricePlace": 5
  },
  "OTC_NDX": {
    "minTradeNum": 0.01,
    "pricePlace": 5
  },
  "WLDUSD": {
    "minTradeNum": 0.01,
    "pricePlace": 5
  },
  "frxUSDCAD": {
    "minTradeNum": 0.01,
    "pricePlace": 5
  },
  "frxUSDCHF": {
    "minTradeNum": 0.01,
    "pricePlace": 5
  },
  "frxUSDJPY": {
    "minTradeNum": 0.01,
    "pricePlace": 5
  },
  "frxUSDMXN": {
    "minTradeNum": 0.01,
    "pricePlace": 5
  },
  "frxUSDNOK": {
    "minTradeNum": 0.01,
    "pricePlace": 5
  },
  "frxUSDPLN": {
    "minTradeNum": 0.01,
    "pricePlace": 5
  },
  "frxUSDSEK": {
    "minTradeNum": 0.01,
    "pricePlace": 5
  },
  "1HZ10V": {
    "minTradeNum": 0.01,
    "pricePlace": 5
  },
  "R_10": {
    "minTradeNum": 0.01,
    "pricePlace": 5
  },
  "1HZ15V": {
    "minTradeNum": 0.01,
    "pricePlace": 5
  },
  "1HZ25V": {
    "minTradeNum": 0.01,
    "pricePlace": 5
  },
  "R_25": {
    "minTradeNum": 0.01,
    "pricePlace": 5
  },
  "1HZ30V": {
    "minTradeNum": 0.01,
    "pricePlace": 5
  },
  "1HZ50V": {
    "minTradeNum": 0.01,
    "pricePlace": 5
  },
  "R_50": {
    "minTradeNum": 0.01,
    "pricePlace": 5
  },
  "1HZ75V": {
    "minTradeNum": 0.01,
    "pricePlace": 5
  },
  "R_75": {
    "minTradeNum": 0.01,
    "pricePlace": 5
  },
  "1HZ90V": {
    "minTradeNum": 0.01,
    "pricePlace": 5
  },
  "1HZ100V": {
    "minTradeNum": 0.01,
    "pricePlace": 5
  },
  "R_100": {
    "minTradeNum": 0.01,
    "pricePlace": 5
  },
  "OTC_DJI": {
    "minTradeNum": 0.01,
    "pricePlace": 5
  }
}
[2026-03-22T18:21:43.203Z] Skipping news sentiment fetch. Next fetch in approximately 3 minutes.
[2026-03-22T18:21:43.207Z] Entering symbol loop.
[2026-03-22T18:21:43.641Z] Fetched Bitget balances successfully.
[2026-03-22T18:21:43.915Z] Fetched Deriv balances successfully.
[2026-03-22T18:21:43.918Z] Initial balance set to: 27.11 USDT
[2026-03-22T18:21:43.920Z] Current Balance: 27.11 USDT, Initial Balance: 27.11 USDT, Peak Balance: 27.11 USDT
[2026-03-22T18:21:43.923Z] Daily Loss Percent: 0.00%, Total Drawdown Percent: 0.00%
[2026-03-22T18:21:43.930Z] Processing symbol: BTCUSDT
[2026-03-22T18:21:43.933Z] Fetching 1m candles for BTCUSDT
[2026-03-22T18:21:43.936Z] Processing symbol: ETHUSDT
[2026-03-22T18:21:43.942Z] Fetching 1m candles for ETHUSDT
[2026-03-22T18:21:43.945Z] Processing symbol: XRPUSDT
[2026-03-22T18:21:43.951Z] Fetching 1m candles for XRPUSDT
[2026-03-22T18:21:43.954Z] Processing symbol: ADAUSDT
[2026-03-22T18:21:43.958Z] Fetching 1m candles for ADAUSDT
[2026-03-22T18:21:43.963Z] Processing symbol: SOLUSDT
[2026-03-22T18:21:43.969Z] Fetching 1m candles for SOLUSDT
[2026-03-22T18:21:43.972Z] Processing symbol: DOGEUSDT
[2026-03-22T18:21:43.974Z] Fetching 1m candles for DOGEUSDT
[2026-03-22T18:21:43.977Z] Processing symbol: DOTUSDT
[2026-03-22T18:21:43.979Z] Fetching 1m candles for DOTUSDT
[2026-03-22T18:21:43.981Z] Processing symbol: LTCUSDT
[2026-03-22T18:21:43.984Z] Fetching 1m candles for LTCUSDT
[2026-03-22T18:21:43.985Z] Processing symbol: BCHUSDT
[2026-03-22T18:21:43.987Z] Fetching 1m candles for BCHUSDT
[2026-03-22T18:21:43.990Z] Processing symbol: LINKUSDT
[2026-03-22T18:21:43.991Z] Fetching 1m candles for LINKUSDT
[2026-03-22T18:21:43.993Z] Processing symbol: TRXUSDT
[2026-03-22T18:21:43.994Z] Fetching 1m candles for TRXUSDT
[2026-03-22T18:21:43.996Z] Processing symbol: UNIUSDT
[2026-03-22T18:21:43.998Z] Fetching 1m candles for UNIUSDT
[2026-03-22T18:21:44.000Z] Processing symbol: AVAXUSDT
[2026-03-22T18:21:44.002Z] Fetching 1m candles for AVAXUSDT
[2026-03-22T18:21:44.004Z] Processing symbol: ETCUSDT
[2026-03-22T18:21:44.008Z] Fetching 1m candles for ETCUSDT
[2026-03-22T18:21:44.014Z] Processing symbol: XLMUSDT
[2026-03-22T18:21:44.018Z] Fetching 1m candles for XLMUSDT
[2026-03-22T18:21:44.022Z] Processing symbol: FILUSDT
[2026-03-22T18:21:44.025Z] Fetching 1m candles for FILUSDT
[2026-03-22T18:21:44.026Z] Processing symbol: ICPUSDT
[2026-03-22T18:21:44.028Z] Fetching 1m candles for ICPUSDT
[2026-03-22T18:21:44.030Z] Processing symbol: VETUSDT
[2026-03-22T18:21:44.032Z] Fetching 1m candles for VETUSDT
[2026-03-22T18:21:44.034Z] Processing symbol: BNBUSDT
[2026-03-22T18:21:44.037Z] Fetching 1m candles for BNBUSDT
[2026-03-22T18:21:44.039Z] Processing symbol: OPUSDT
[2026-03-22T18:21:44.041Z] Fetching 1m candles for OPUSDT
[2026-03-22T18:21:44.555Z] Fetched 1m candles for BTCUSDT. Sample: [["1774197720000","68657.2","68690.2","68647.3","68689","6.9597","477960.57936"],["1774197780000","68689","68701.7","68672.8","68696.1","4.3455","298511.27827"]]
[2026-03-22T18:21:44.589Z] Fetching 15m candles for BTCUSDT
[2026-03-22T18:21:44.889Z] Fetched 1m candles for XRPUSDT. Sample: [["1774197720000","1.392","1.3927","1.3912","1.3927","78839","109716.46"],["1774197780000","1.3927","1.393","1.3926","1.393","4683","6522.8955"]]
[2026-03-22T18:21:44.904Z] Fetching 15m candles for XRPUSDT
[2026-03-22T18:21:44.963Z] Fetched 1m candles for DOTUSDT. Sample: [["1774197720000","1.431","1.431","1.43","1.43","2287","3270.41"],["1774197780000","1.43","1.43","1.43","1.43","2615","3739.45"]]
[2026-03-22T18:21:44.968Z] Fetching 15m candles for DOTUSDT
[2026-03-22T18:21:44.979Z] Fetched 1m candles for ADAUSDT. Sample: [["1774197720000","0.254","0.254","0.2539","0.254","16836","4275.8093"],["1774197780000","0.254","0.2542","0.254","0.2541","166113","42214.7531"]]
[2026-03-22T18:21:44.984Z] Fetching 15m candles for ADAUSDT
[2026-03-22T18:21:44.993Z] Fetched 1m candles for DOGEUSDT. Sample: [["1774197720000","0.09139","0.09145","0.09135","0.09145","276126","25233.50822"],["1774197780000","0.09145","0.0915","0.09145","0.09149","30339","2775.11363"]]
[2026-03-22T18:21:44.997Z] Fetching 15m candles for DOGEUSDT
[2026-03-22T18:21:45.001Z] Fetched 1m candles for SOLUSDT. Sample: [["1774197720000","87.222","87.314","87.222","87.286","265.5","23175.505"],["1774197780000","87.286","87.311","87.286","87.311","81.7","7132.5641"]]
[2026-03-22T18:21:45.009Z] Fetching 15m candles for SOLUSDT
[2026-03-22T18:21:45.016Z] Fetched 1m candles for ETHUSDT. Sample: [["1774197720000","2077.02","2079.58","2077.01","2079.43","490.57","1019461.2659"],["1774197780000","2079.43","2079.66","2078.81","2079.1","82.14","170792.9018"]]
[2026-03-22T18:21:45.026Z] Fetching 15m candles for ETHUSDT
[2026-03-22T18:21:45.031Z] Fetched 1m candles for BCHUSDT. Sample: [["1774197720000","468.04","468.3","468.04","468.3","1.57","735.081"],["1774197780000","468.3","468.3","468.3","468.3","0","0"]]
[2026-03-22T18:21:45.040Z] Fetching 15m candles for BCHUSDT
[2026-03-22T18:21:45.077Z] Fetched 1m candles for LTCUSDT. Sample: [["1774197720000","54.05","54.05","54.04","54.05","65.3","3529.425"],["1774197780000","54.05","54.05","54.05","54.05","0","0"]]
[2026-03-22T18:21:45.079Z] Fetching 15m candles for LTCUSDT
[2026-03-22T18:21:45.094Z] Fetched 1m candles for UNIUSDT. Sample: [["1774197720000","3.478","3.479","3.476","3.479","22","76.493"],["1774197780000","3.479","3.479","3.479","3.479","0","0"]]
[2026-03-22T18:21:45.097Z] Fetching 15m candles for UNIUSDT
[2026-03-22T18:21:45.101Z] Fetched 1m candles for ETCUSDT. Sample: [["1774197720000","8.109","8.109","8.107","8.107","89","721.613"],["1774197780000","8.107","8.107","8.107","8.107","0","0"]]
[2026-03-22T18:21:45.103Z] Fetching 15m candles for ETCUSDT
[2026-03-22T18:21:45.111Z] Fetched 1m candles for ICPUSDT. Sample: [["1774197720000","2.385","2.385","2.384","2.384","35.07","83.60688"],["1774197780000","2.384","2.384","2.384","2.384","5.68","13.54112"]]
[2026-03-22T18:21:45.113Z] Fetching 15m candles for ICPUSDT
[2026-03-22T18:21:45.116Z] Fetched 1m candles for VETUSDT. Sample: [["1774197720000","0.006933","0.006935","0.006931","0.006935","60403","418.755188"],["1774197780000","0.006935","0.006937","0.006935","0.006937","15336","106.385832"]]
[2026-03-22T18:21:45.121Z] Fetching 15m candles for VETUSDT
[2026-03-22T18:21:45.130Z] Fetched 1m candles for LINKUSDT. Sample: [["1774197720000","8.772","8.772","8.768","8.771","384","3367.345"],["1774197780000","8.771","8.772","8.771","8.771","460","4034.918"]]
[2026-03-22T18:21:45.137Z] Fetching 15m candles for LINKUSDT
[2026-03-22T18:21:45.142Z] Fetched 1m candles for TRXUSDT. Sample: [["1774197720000","0.31575","0.3162","0.31575","0.31618","625169","197627.78444"],["1774197780000","0.31618","0.31621","0.31612","0.31615","1255","396.796"]]
[2026-03-22T18:21:45.146Z] Fetching 15m candles for TRXUSDT
[2026-03-22T18:21:45.151Z] Fetched 1m candles for XLMUSDT. Sample: [["1774197720000","0.15886","0.15886","0.15881","0.15883","8402","1334.33294"],["1774197780000","0.15883","0.15894","0.15883","0.15894","769","122.22486"]]
[2026-03-22T18:21:45.155Z] Fetching 15m candles for XLMUSDT
[2026-03-22T18:21:45.160Z] Fetched 1m candles for FILUSDT. Sample: [["1774197720000","0.8752","0.8755","0.8751","0.8755","502","439.44397"],["1774197780000","0.8755","0.876","0.8755","0.876","420","367.92"]]
[2026-03-22T18:21:45.164Z] Fetching 15m candles for FILUSDT
[2026-03-22T18:21:45.168Z] Fetched 1m candles for AVAXUSDT. Sample: [["1774197720000","9.074","9.078","9.072","9.077","132.3","1200.863"],["1774197780000","9.077","9.078","9.077","9.078","1.5","13.617"]]
[2026-03-22T18:21:45.173Z] Fetching 15m candles for AVAXUSDT
[2026-03-22T18:21:45.178Z] Fetched 1m candles for BNBUSDT. Sample: [["1774197720000","629.16","629.44","629.13","629.44","1.88","1183.227"],["1774197780000","629.44","629.44","629.41","629.41","0.01","6.2941"]]
[2026-03-22T18:21:45.180Z] Fetching 15m candles for BNBUSDT
[2026-03-22T18:21:45.185Z] Fetched 1m candles for OPUSDT. Sample: [["1774197720000","0.1157","0.1157","0.1156","0.1157","12508.5","1447.03824"],["1774197780000","0.1157","0.1157","0.1157","0.1157","0","0"]]
[2026-03-22T18:21:45.196Z] Fetching 15m candles for OPUSDT
[2026-03-22T18:21:45.212Z] Fetching 4H candles for BTCUSDT
[2026-03-22T18:21:45.543Z] Fetching 4H candles for XRPUSDT
[2026-03-22T18:21:45.600Z] Fetching 4H candles for DOTUSDT
[2026-03-22T18:21:45.622Z] Fetching 4H candles for ADAUSDT
[2026-03-22T18:21:45.665Z] Fetching 4H candles for DOGEUSDT
[2026-03-22T18:21:45.667Z] Fetching 4H candles for SOLUSDT
[2026-03-22T18:21:45.797Z] Fetching 4H candles for ETHUSDT
[2026-03-22T18:21:45.873Z] Fetching 4H candles for BCHUSDT
[2026-03-22T18:21:45.877Z] Fetching 4H candles for LTCUSDT
[2026-03-22T18:21:45.916Z] Fetching 4H candles for UNIUSDT
[2026-03-22T18:21:45.919Z] Fetching 4H candles for ETCUSDT
[2026-03-22T18:21:45.922Z] Fetching 4H candles for VETUSDT
[2026-03-22T18:21:45.929Z] Fetching 4H candles for ICPUSDT
[2026-03-22T18:21:45.956Z] Fetching 4H candles for FILUSDT
[2026-03-22T18:21:45.960Z] Fetching 4H candles for TRXUSDT
[2026-03-22T18:21:45.964Z] Fetching 4H candles for LINKUSDT
[2026-03-22T18:21:45.967Z] Fetching 4H candles for AVAXUSDT
[2026-03-22T18:21:45.970Z] Fetching 4H candles for XLMUSDT
[2026-03-22T18:21:45.976Z] Fetching 4H candles for OPUSDT
[2026-03-22T18:21:45.979Z] Fetching 4H candles for BNBUSDT
[2026-03-22T18:21:45.982Z] Mapping candle data...
[2026-03-22T18:21:45.986Z] Long-term ATR (4H): 461.27474747474713
[2026-03-22T18:21:45.989Z] Calling analyze function...
[2026-03-22T18:21:46.001Z] Analyze function returned: Signal=HOLD, RSI=46.58, EMA=68666.0686682407, ATR=22.107686762467488, Price=68655.1
[2026-03-22T18:21:46.005Z] Trend Direction: 15m=DOWN, 4h=DOWN
[2026-03-22T18:21:46.007Z] Starting multi-timeframe confirmation...
[2026-03-22T18:21:46.010Z] Adjusted position size with sentiment: 21.68722490
[2026-03-22T18:21:46.014Z] Type of dailyLossCheck: function
[2026-03-22T18:21:46.017Z] USDT available: 27.10903112
[2026-03-22T18:21:46.024Z] Calculated position size (USDT): 21.68722490
[2026-03-22T18:21:46.033Z] Last price: 68655.1
[2026-03-22T18:21:46.039Z] Calculated quantity: 0.00031589
[2026-03-22T18:21:46.042Z] No trade executed for BTCUSDT due to signal: HOLD
[2026-03-22T18:21:46.140Z] Mapping candle data...
[2026-03-22T18:21:46.142Z] Long-term ATR (4H): 0.01083131313131313
[2026-03-22T18:21:46.143Z] Calling analyze function...
[2026-03-22T18:21:46.147Z] Analyze function returned: Signal=HOLD, RSI=39.94, EMA=1.3895692488237572, ATR=0.0006209512243162408, Price=1.3889
[2026-03-22T18:21:46.150Z] Trend Direction: 15m=DOWN, 4h=DOWN
[2026-03-22T18:21:46.151Z] Starting multi-timeframe confirmation...
[2026-03-22T18:21:46.154Z] Adjusted position size with sentiment: 21.68722490
[2026-03-22T18:21:46.156Z] Type of dailyLossCheck: function
[2026-03-22T18:21:46.158Z] USDT available: 27.10903112
[2026-03-22T18:21:46.163Z] Calculated position size (USDT): 21.68722490
[2026-03-22T18:21:46.165Z] Last price: 1.3889
[2026-03-22T18:21:46.166Z] Calculated quantity: 15.61467701
[2026-03-22T18:21:46.168Z] No trade executed for XRPUSDT due to signal: HOLD
[2026-03-22T18:21:46.336Z] Mapping candle data...
[2026-03-22T18:21:46.338Z] Long-term ATR (4H): 0.000912020202020201
[2026-03-22T18:21:46.339Z] Calling analyze function...
[2026-03-22T18:21:46.343Z] Analyze function returned: Signal=HOLD, RSI=33.58, EMA=0.0912332620960333, ATR=0.00004801836275280469, Price=0.09111
[2026-03-22T18:21:46.346Z] Trend Direction: 15m=DOWN, 4h=DOWN
[2026-03-22T18:21:46.348Z] Starting multi-timeframe confirmation...
[2026-03-22T18:21:46.351Z] Adjusted position size with sentiment: 21.68722490
[2026-03-22T18:21:46.353Z] Type of dailyLossCheck: function
[2026-03-22T18:21:46.359Z] USDT available: 27.10903112
[2026-03-22T18:21:46.361Z] Calculated position size (USDT): 21.68722490
[2026-03-22T18:21:46.363Z] Last price: 0.09111
[2026-03-22T18:21:46.365Z] Calculated quantity: 238.03342000
[2026-03-22T18:21:46.366Z] No trade executed for DOGEUSDT due to signal: HOLD
[2026-03-22T18:21:46.378Z] Mapping candle data...
[2026-03-22T18:21:46.381Z] Long-term ATR (4H): 0.002517171717171716
[2026-03-22T18:21:46.383Z] Calling analyze function...
[2026-03-22T18:21:46.388Z] Analyze function returned: Signal=HOLD, RSI=45.52, EMA=0.25400688427293017, ATR=0.00011337917819246751, Price=0.2539
[2026-03-22T18:21:46.390Z] Trend Direction: 15m=DOWN, 4h=DOWN
[2026-03-22T18:21:46.392Z] Starting multi-timeframe confirmation...
[2026-03-22T18:21:46.397Z] Adjusted position size with sentiment: 21.68722490
[2026-03-22T18:21:46.400Z] Type of dailyLossCheck: function
[2026-03-22T18:21:46.403Z] USDT available: 27.10903112
[2026-03-22T18:21:46.405Z] Calculated position size (USDT): 21.68722490
[2026-03-22T18:21:46.407Z] Last price: 0.2539
[2026-03-22T18:21:46.409Z] Calculated quantity: 85.41640369
[2026-03-22T18:21:46.413Z] No trade executed for ADAUSDT due to signal: HOLD
[2026-03-22T18:21:46.420Z] Mapping candle data...
[2026-03-22T18:21:46.421Z] Long-term ATR (4H): 0.01541414141414141
[2026-03-22T18:21:46.423Z] Calling analyze function...
[2026-03-22T18:21:46.430Z] Analyze function returned: Signal=HOLD, RSI=48.46, EMA=1.4332995282648642, ATR=0.0005430298847443356, Price=1.433
[2026-03-22T18:21:46.433Z] Trend Direction: 15m=DOWN, 4h=DOWN
[2026-03-22T18:21:46.436Z] Starting multi-timeframe confirmation...
[2026-03-22T18:21:46.438Z] Adjusted position size with sentiment: 21.68722490
[2026-03-22T18:21:46.440Z] Type of dailyLossCheck: function
[2026-03-22T18:21:46.442Z] USDT available: 27.10903112
[2026-03-22T18:21:46.446Z] Calculated position size (USDT): 21.68722490
[2026-03-22T18:21:46.449Z] Last price: 1.433
[2026-03-22T18:21:46.452Z] Calculated quantity: 15.13414159
[2026-03-22T18:21:46.455Z] No trade executed for DOTUSDT due to signal: HOLD
[2026-03-22T18:21:46.458Z] Mapping candle data...
[2026-03-22T18:21:46.463Z] Long-term ATR (4H): 0.8122727272727279
[2026-03-22T18:21:46.467Z] Calling analyze function...
[2026-03-22T18:21:46.476Z] Analyze function returned: Signal=HOLD, RSI=45.77, EMA=87.2219466927275, ATR=0.041239282195967696, Price=87.196
[2026-03-22T18:21:46.480Z] Trend Direction: 15m=DOWN, 4h=DOWN
[2026-03-22T18:21:46.484Z] Starting multi-timeframe confirmation...
[2026-03-22T18:21:46.487Z] Adjusted position size with sentiment: 21.68722490
[2026-03-22T18:21:46.491Z] Type of dailyLossCheck: function
[2026-03-22T18:21:46.492Z] USDT available: 27.10903112
[2026-03-22T18:21:46.498Z] Calculated position size (USDT): 21.68722490
[2026-03-22T18:21:46.501Z] Last price: 87.196
[2026-03-22T18:21:46.504Z] Calculated quantity: 0.24871812
[2026-03-22T18:21:46.506Z] No trade executed for SOLUSDT due to signal: HOLD
[2026-03-22T18:21:46.518Z] Mapping candle data...
[2026-03-22T18:21:46.520Z] Long-term ATR (4H): 2.746363636363636
[2026-03-22T18:21:46.524Z] Calling analyze function...
[2026-03-22T18:21:46.541Z] Analyze function returned: Signal=HOLD, RSI=51.04, EMA=467.2973491538807, ATR=0.14882767192554497, Price=467.3
[2026-03-22T18:21:46.547Z] Trend Direction: 15m=UP, 4h=UP
[2026-03-22T18:21:46.549Z] Starting multi-timeframe confirmation...
[2026-03-22T18:21:46.555Z] Adjusted position size with sentiment: 21.68722490
[2026-03-22T18:21:46.558Z] Type of dailyLossCheck: function
[2026-03-22T18:21:46.563Z] USDT available: 27.10903112
[2026-03-22T18:21:46.566Z] Calculated position size (USDT): 21.68722490
[2026-03-22T18:21:46.570Z] Last price: 467.3
[2026-03-22T18:21:46.581Z] Calculated quantity: 0.04640964
[2026-03-22T18:21:46.587Z] No trade executed for BCHUSDT due to signal: HOLD
[2026-03-22T18:21:46.669Z] Mapping candle data...
[2026-03-22T18:21:46.707Z] Long-term ATR (4H): 18.46090909090911
[2026-03-22T18:21:46.738Z] Calling analyze function...
[2026-03-22T18:21:46.747Z] Analyze function returned: Signal=HOLD, RSI=43.16, EMA=2077.998037115257, ATR=0.9219611118466281, Price=2077.07
[2026-03-22T18:21:46.763Z] Trend Direction: 15m=DOWN, 4h=DOWN
[2026-03-22T18:21:46.765Z] Starting multi-timeframe confirmation...
[2026-03-22T18:21:46.775Z] Adjusted position size with sentiment: 21.68722490
[2026-03-22T18:21:46.777Z] Type of dailyLossCheck: function
[2026-03-22T18:21:46.788Z] USDT available: 27.10903112
[2026-03-22T18:21:46.799Z] Calculated position size (USDT): 21.68722490
[2026-03-22T18:21:46.813Z] Last price: 2077.07
[2026-03-22T18:21:46.815Z] Calculated quantity: 0.01044126
[2026-03-22T18:21:46.827Z] No trade executed for ETHUSDT due to signal: HOLD
[2026-03-22T18:21:46.839Z] Mapping candle data...
[2026-03-22T18:21:46.842Z] Long-term ATR (4H): 0.034525252525252494
[2026-03-22T18:21:46.851Z] Calling analyze function...
[2026-03-22T18:21:46.866Z] Analyze function returned: Signal=HOLD, RSI=61.74, EMA=3.484537857095154, ATR=0.0009562413747017262, Price=3.487
[2026-03-22T18:21:46.871Z] Trend Direction: 15m=DOWN, 4h=DOWN
[2026-03-22T18:21:46.889Z] Starting multi-timeframe confirmation...
[2026-03-22T18:21:46.896Z] Adjusted position size with sentiment: 21.68722490
[2026-03-22T18:21:46.901Z] Type of dailyLossCheck: function
[2026-03-22T18:21:46.983Z] USDT available: 27.10903112
[2026-03-22T18:21:47.023Z] Calculated position size (USDT): 21.68722490
[2026-03-22T18:21:47.055Z] Last price: 3.487
[2026-03-22T18:21:47.060Z] Calculated quantity: 6.21945079
[2026-03-22T18:21:47.063Z] No trade executed for UNIUSDT due to signal: HOLD
[2026-03-22T18:21:47.073Z] Mapping candle data...
[2026-03-22T18:21:47.080Z] Long-term ATR (4H): 0.35080808080808057
[2026-03-22T18:21:47.086Z] Calling analyze function...
[2026-03-22T18:21:47.108Z] Analyze function returned: Signal=HOLD, RSI=44, EMA=54.079417046217145, ATR=0.012477553991144585, Price=54.06
[2026-03-22T18:21:47.114Z] Trend Direction: 15m=DOWN, 4h=DOWN
[2026-03-22T18:21:47.120Z] Starting multi-timeframe confirmation...
[2026-03-22T18:21:47.137Z] Adjusted position size with sentiment: 21.68722490
[2026-03-22T18:21:47.143Z] Type of dailyLossCheck: function
[2026-03-22T18:21:47.148Z] USDT available: 27.10903112
[2026-03-22T18:21:47.160Z] Calculated position size (USDT): 21.68722490
[2026-03-22T18:21:47.171Z] Last price: 54.06
[2026-03-22T18:21:47.179Z] Calculated quantity: 0.40116953
[2026-03-22T18:21:47.186Z] No trade executed for LTCUSDT due to signal: HOLD
[2026-03-22T18:21:47.199Z] Mapping candle data...
[2026-03-22T18:21:47.211Z] Long-term ATR (4H): 0.07029292929292924
[2026-03-22T18:21:47.219Z] Calling analyze function...
[2026-03-22T18:21:47.242Z] Analyze function returned: Signal=HOLD, RSI=35.39, EMA=8.100261085942302, ATR=0.0020128978133024623, Price=8.094
[2026-03-22T18:21:47.247Z] Trend Direction: 15m=DOWN, 4h=DOWN
[2026-03-22T18:21:47.258Z] Starting multi-timeframe confirmation...
[2026-03-22T18:21:47.267Z] Adjusted position size with sentiment: 21.68722490
[2026-03-22T18:21:47.280Z] Type of dailyLossCheck: function
[2026-03-22T18:21:47.287Z] USDT available: 27.10903112
[2026-03-22T18:21:47.299Z] Calculated position size (USDT): 21.68722490
[2026-03-22T18:21:47.320Z] Last price: 8.094
[2026-03-22T18:21:47.325Z] Calculated quantity: 2.67941993
[2026-03-22T18:21:47.333Z] No trade executed for ETCUSDT due to signal: HOLD
[2026-03-22T18:21:47.344Z] Mapping candle data...
[2026-03-22T18:21:47.353Z] Long-term ATR (4H): 0.010844444444444445
[2026-03-22T18:21:47.357Z] Calling analyze function...
[2026-03-22T18:21:47.368Z] Analyze function returned: Signal=HOLD, RSI=31.37, EMA=0.8719716786239106, ATR=0.0004093252742721063, Price=0.8708
[2026-03-22T18:21:47.386Z] Trend Direction: 15m=DOWN, 4h=DOWN
[2026-03-22T18:21:47.426Z] Starting multi-timeframe confirmation...
[2026-03-22T18:21:47.443Z] Adjusted position size with sentiment: 21.68722490
[2026-03-22T18:21:47.468Z] Type of dailyLossCheck: function
[2026-03-22T18:21:47.472Z] USDT available: 27.10903112
[2026-03-22T18:21:47.475Z] Calculated position size (USDT): 21.68722490
[2026-03-22T18:21:47.478Z] Last price: 0.8708
[2026-03-22T18:21:47.485Z] Calculated quantity: 24.90494361
[2026-03-22T18:21:47.491Z] No trade executed for FILUSDT due to signal: HOLD
[2026-03-22T18:21:47.494Z] Mapping candle data...
[2026-03-22T18:21:47.499Z] Long-term ATR (4H): 0.00006112121212121212
[2026-03-22T18:21:47.502Z] Calling analyze function...
[2026-03-22T18:21:47.520Z] Analyze function returned: Signal=HOLD, RSI=47.72, EMA=0.006923897779785785, ATR=6.95821513235063e-7, Price=0.006924
[2026-03-22T18:21:47.522Z] Trend Direction: 15m=DOWN, 4h=DOWN
[2026-03-22T18:21:47.527Z] Starting multi-timeframe confirmation...
[2026-03-22T18:21:47.531Z] Adjusted position size with sentiment: 21.68722490
[2026-03-22T18:21:47.537Z] Type of dailyLossCheck: function
[2026-03-22T18:21:47.539Z] USDT available: 27.10903112
[2026-03-22T18:21:47.541Z] Calculated position size (USDT): 21.68722490
[2026-03-22T18:21:47.543Z] Last price: 0.006924
[2026-03-22T18:21:47.545Z] Calculated quantity: 3132.18152744
[2026-03-22T18:21:47.547Z] No trade executed for VETUSDT due to signal: HOLD
[2026-03-22T18:21:47.551Z] Mapping candle data...
[2026-03-22T18:21:47.553Z] Long-term ATR (4H): 0.00139959595959596
[2026-03-22T18:21:47.661Z] Calling analyze function...
[2026-03-22T18:21:47.924Z] Analyze function returned: Signal=HOLD, RSI=33.98, EMA=0.15732336029659608, ATR=0.00006941380617198237, Price=0.15718
[2026-03-22T18:21:47.935Z] Trend Direction: 15m=DOWN, 4h=DOWN
[2026-03-22T18:21:47.946Z] Starting multi-timeframe confirmation...
[2026-03-22T18:21:47.963Z] Adjusted position size with sentiment: 21.68722490
[2026-03-22T18:21:47.968Z] Type of dailyLossCheck: function
[2026-03-22T18:21:47.973Z] USDT available: 27.10903112
[2026-03-22T18:21:47.979Z] Calculated position size (USDT): 21.68722490
[2026-03-22T18:21:47.984Z] Last price: 0.15718
[2026-03-22T18:21:47.990Z] Calculated quantity: 137.97700023
[2026-03-22T18:21:47.994Z] No trade executed for XLMUSDT due to signal: HOLD
[2026-03-22T18:21:48.000Z] Mapping candle data...
[2026-03-22T18:21:48.002Z] Long-term ATR (4H): 0.00114242424242424
[2026-03-22T18:21:48.005Z] Calling analyze function...
[2026-03-22T18:21:48.013Z] Analyze function returned: Signal=HOLD, RSI=40.67, EMA=0.3178173531226999, ATR=0.0001755602268276235, Price=0.31748
[2026-03-22T18:21:48.016Z] Trend Direction: 15m=UP, 4h=UP
[2026-03-22T18:21:48.022Z] Starting multi-timeframe confirmation...
[2026-03-22T18:21:48.024Z] Adjusted position size with sentiment: 21.68722490
[2026-03-22T18:21:48.029Z] Type of dailyLossCheck: function
[2026-03-22T18:21:48.033Z] USDT available: 27.10903112
[2026-03-22T18:21:48.038Z] Calculated position size (USDT): 21.68722490
[2026-03-22T18:21:48.041Z] Last price: 0.31748
[2026-03-22T18:21:48.047Z] Calculated quantity: 68.31052317
[2026-03-22T18:21:48.050Z] No trade executed for TRXUSDT due to signal: HOLD
[2026-03-22T18:21:48.057Z] Mapping candle data...
[2026-03-22T18:21:48.063Z] Long-term ATR (4H): 0.08833333333333335
[2026-03-22T18:21:48.074Z] Calling analyze function...
[2026-03-22T18:21:48.094Z] Analyze function returned: Signal=HOLD, RSI=41.01, EMA=9.06072101899836, ATR=0.004014438064107818, Price=9.055
[2026-03-22T18:21:48.097Z] Trend Direction: 15m=DOWN, 4h=DOWN
[2026-03-22T18:21:48.105Z] Starting multi-timeframe confirmation...
[2026-03-22T18:21:48.122Z] Adjusted position size with sentiment: 21.68722490
[2026-03-22T18:21:48.144Z] Type of dailyLossCheck: function
[2026-03-22T18:21:48.157Z] USDT available: 27.10903112
[2026-03-22T18:21:48.193Z] Calculated position size (USDT): 21.68722490
[2026-03-22T18:21:48.216Z] Last price: 9.055
[2026-03-22T18:21:48.239Z] Calculated quantity: 2.39505521
[2026-03-22T18:21:48.307Z] No trade executed for AVAXUSDT due to signal: HOLD
[2026-03-22T18:21:48.317Z] Mapping candle data...
[2026-03-22T18:21:48.319Z] Long-term ATR (4H): 3.5510101010100947
[2026-03-22T18:21:48.329Z] Calling analyze function...
[2026-03-22T18:21:48.337Z] Analyze function returned: Signal=HOLD, RSI=42.69, EMA=630.0227497290772, ATR=0.15754459413751162, Price=629.83
[2026-03-22T18:21:48.343Z] Trend Direction: 15m=DOWN, 4h=DOWN
[2026-03-22T18:21:48.355Z] Starting multi-timeframe confirmation...
[2026-03-22T18:21:48.370Z] Adjusted position size with sentiment: 21.68722490
[2026-03-22T18:21:48.377Z] Type of dailyLossCheck: function
[2026-03-22T18:21:48.381Z] USDT available: 27.10903112
[2026-03-22T18:21:48.388Z] Calculated position size (USDT): 21.68722490
[2026-03-22T18:21:48.392Z] Last price: 629.83
[2026-03-22T18:21:48.397Z] Calculated quantity: 0.03443346
[2026-03-22T18:21:48.404Z] No trade executed for BNBUSDT due to signal: HOLD
[2026-03-22T18:21:48.425Z] Mapping candle data...
[2026-03-22T18:21:48.430Z] Long-term ATR (4H): 0.07346464646464651
[2026-03-22T18:21:48.434Z] Calling analyze function...
[2026-03-22T18:21:48.447Z] Analyze function returned: Signal=HOLD, RSI=38.29, EMA=8.76513214987379, ATR=0.003587921213048107, Price=8.757
[2026-03-22T18:21:48.454Z] Trend Direction: 15m=DOWN, 4h=DOWN
[2026-03-22T18:21:48.463Z] Starting multi-timeframe confirmation...
[2026-03-22T18:21:48.514Z] Adjusted position size with sentiment: 21.68722490
[2026-03-22T18:21:48.537Z] Type of dailyLossCheck: function
[2026-03-22T18:21:48.553Z] USDT available: 27.10903112
[2026-03-22T18:21:48.564Z] Calculated position size (USDT): 21.68722490
[2026-03-22T18:21:48.567Z] Last price: 8.757
[2026-03-22T18:21:48.569Z] Calculated quantity: 2.47655874
[2026-03-22T18:21:48.576Z] No trade executed for LINKUSDT due to signal: HOLD
[2026-03-22T18:21:48.669Z] Mapping candle data...
[2026-03-22T18:21:48.687Z] Long-term ATR (4H): 0.029121212121212124
[2026-03-22T18:21:48.699Z] Calling analyze function...
[2026-03-22T18:21:48.717Z] Analyze function returned: Signal=HOLD, RSI=34.94, EMA=2.3814100121593125, ATR=0.001821562282687805, Price=2.377
[2026-03-22T18:21:48.848Z] Trend Direction: 15m=DOWN, 4h=DOWN
[2026-03-22T18:21:48.935Z] Starting multi-timeframe confirmation...
[2026-03-22T18:21:48.966Z] Adjusted position size with sentiment: 21.68722490
[2026-03-22T18:21:49.031Z] Type of dailyLossCheck: function
[2026-03-22T18:21:49.108Z] USDT available: 27.10903112
[2026-03-22T18:21:49.268Z] Calculated position size (USDT): 21.68722490
[2026-03-22T18:21:49.565Z] Last price: 2.377
[2026-03-22T18:21:49.666Z] Calculated quantity: 9.12377993
[2026-03-22T18:21:49.723Z] No trade executed for ICPUSDT due to signal: HOLD
[2026-03-22T18:21:49.733Z] Mapping candle data...
[2026-03-22T18:21:49.739Z] Long-term ATR (4H): 0.0012747474747474739
[2026-03-22T18:21:49.744Z] Calling analyze function...
[2026-03-22T18:21:49.756Z] Analyze function returned: Signal=HOLD, RSI=57.42, EMA=0.11509942050332526, ATR=0.00005341380371749717, Price=0.1152
[2026-03-22T18:21:49.770Z] Trend Direction: 15m=DOWN, 4h=DOWN
[2026-03-22T18:21:49.787Z] Starting multi-timeframe confirmation...
[2026-03-22T18:21:49.802Z] Adjusted position size with sentiment: 21.68722490
[2026-03-22T18:21:49.823Z] Type of dailyLossCheck: function
[2026-03-22T18:21:49.826Z] USDT available: 27.10903112
[2026-03-22T18:21:49.829Z] Calculated position size (USDT): 21.68722490
[2026-03-22T18:21:49.831Z] Last price: 0.1152
[2026-03-22T18:21:49.835Z] Calculated quantity: 188.25716056
[2026-03-22T18:21:49.838Z] No trade executed for OPUSDT due to signal: HOLD
[2026-03-22T18:23:59.339Z] runBot function started.
[2026-03-22T18:24:00.384Z] Connected to Deriv WebSocket API
[2026-03-22T18:24:00.740Z] Deriv API Authorized: VRTC6531638
[2026-03-22T18:24:00.787Z] Connected to Deriv API successfully.
[2026-03-22T18:24:02.048Z] Fetched Bitget contract configurations.
[2026-03-22T18:24:02.352Z] Fetched Deriv contract configurations.
[2026-03-22T18:24:02.354Z] Deriv Contract Configurations: {
  "WLDAUD": {
    "minTradeNum": 0.01,
    "pricePlace": 5
  },
  "frxAUDCAD": {
    "minTradeNum": 0.01,
    "pricePlace": 5
  },
  "frxAUDCHF": {
    "minTradeNum": 0.01,
    "pricePlace": 5
  },
  "frxAUDJPY": {
    "minTradeNum": 0.01,
    "pricePlace": 5
  },
  "frxAUDNZD": {
    "minTradeNum": 0.01,
    "pricePlace": 5
  },
  "frxAUDUSD": {
    "minTradeNum": 0.01,
    "pricePlace": 5
  },
  "OTC_AS51": {
    "minTradeNum": 0.01,
    "pricePlace": 5
  },
  "cryBTCUSD": {
    "minTradeNum": 0.01,
    "pricePlace": 5
  },
  "RDBEAR": {
    "minTradeNum": 0.01,
    "pricePlace": 5
  },
  "BOOM50": {
    "minTradeNum": 0.01,
    "pricePlace": 5
  },
  "BOOM150N": {
    "minTradeNum": 0.01,
    "pricePlace": 5
  },
  "BOOM300N": {
    "minTradeNum": 0.01,
    "pricePlace": 5
  },
  "BOOM500": {
    "minTradeNum": 0.01,
    "pricePlace": 5
  },
  "BOOM600": {
    "minTradeNum": 0.01,
    "pricePlace": 5
  },
  "BOOM900": {
    "minTradeNum": 0.01,
    "pricePlace": 5
  },
  "BOOM1000": {
    "minTradeNum": 0.01,
    "pricePlace": 5
  },
  "RDBULL": {
    "minTradeNum": 0.01,
    "pricePlace": 5
  },
  "CRASH50": {
    "minTradeNum": 0.01,
    "pricePlace": 5
  },
  "CRASH150N": {
    "minTradeNum": 0.01,
    "pricePlace": 5
  },
  "CRASH300N": {
    "minTradeNum": 0.01,
    "pricePlace": 5
  },
  "CRASH500": {
    "minTradeNum": 0.01,
    "pricePlace": 5
  },
  "CRASH600": {
    "minTradeNum": 0.01,
    "pricePlace": 5
  },
  "CRASH900": {
    "minTradeNum": 0.01,
    "pricePlace": 5
  },
  "CRASH1000": {
    "minTradeNum": 0.01,
    "pricePlace": 5
  },
  "cryETHUSD": {
    "minTradeNum": 0.01,
    "pricePlace": 5
  },
  "WLDEUR": {
    "minTradeNum": 0.01,
    "pricePlace": 5
  },
  "frxEURAUD": {
    "minTradeNum": 0.01,
    "pricePlace": 5
  },
  "frxEURCAD": {
    "minTradeNum": 0.01,
    "pricePlace": 5
  },
  "frxEURCHF": {
    "minTradeNum": 0.01,
    "pricePlace": 5
  },
  "frxEURGBP": {
    "minTradeNum": 0.01,
    "pricePlace": 5
  },
  "frxEURJPY": {
    "minTradeNum": 0.01,
    "pricePlace": 5
  },
  "frxEURNZD": {
    "minTradeNum": 0.01,
    "pricePlace": 5
  },
  "frxEURUSD": {
    "minTradeNum": 0.01,
    "pricePlace": 5
  },
  "OTC_SX5E": {
    "minTradeNum": 0.01,
    "pricePlace": 5
  },
  "OTC_FCHI": {
    "minTradeNum": 0.01,
    "pricePlace": 5
  },
  "WLDGBP": {
    "minTradeNum": 0.01,
    "pricePlace": 5
  },
  "frxGBPAUD": {
    "minTradeNum": 0.01,
    "pricePlace": 5
  },
  "frxGBPCAD": {
    "minTradeNum": 0.01,
    "pricePlace": 5
  },
  "frxGBPCHF": {
    "minTradeNum": 0.01,
    "pricePlace": 5
  },
  "frxGBPJPY": {
    "minTradeNum": 0.01,
    "pricePlace": 5
  },
  "frxGBPNOK": {
    "minTradeNum": 0.01,
    "pricePlace": 5
  },
  "frxGBPNZD": {
    "minTradeNum": 0.01,
    "pricePlace": 5
  },
  "frxGBPUSD": {
    "minTradeNum": 0.01,
    "pricePlace": 5
  },
  "OTC_GDAXI": {
    "minTradeNum": 0.01,
    "pricePlace": 5
  },
  "WLDXAU": {
    "minTradeNum": 0.01,
    "pricePlace": 5
  },
  "frxXAUUSD": {
    "minTradeNum": 0.01,
    "pricePlace": 5
  },
  "OTC_HSI": {
    "minTradeNum": 0.01,
    "pricePlace": 5
  },
  "OTC_N225": {
    "minTradeNum": 0.01,
    "pricePlace": 5
  },
  "JD10": {
    "minTradeNum": 0.01,
    "pricePlace": 5
  },
  "JD25": {
    "minTradeNum": 0.01,
    "pricePlace": 5
  },
  "JD50": {
    "minTradeNum": 0.01,
    "pricePlace": 5
  },
  "JD75": {
    "minTradeNum": 0.01,
    "pricePlace": 5
  },
  "JD100": {
    "minTradeNum": 0.01,
    "pricePlace": 5
  },
  "frxNZDJPY": {
    "minTradeNum": 0.01,
    "pricePlace": 5
  },
  "frxNZDUSD": {
    "minTradeNum": 0.01,
    "pricePlace": 5
  },
  "OTC_AEX": {
    "minTradeNum": 0.01,
    "pricePlace": 5
  },
  "frxXPDUSD": {
    "minTradeNum": 0.01,
    "pricePlace": 5
  },
  "frxXPTUSD": {
    "minTradeNum": 0.01,
    "pricePlace": 5
  },
  "RB100": {
    "minTradeNum": 0.01,
    "pricePlace": 5
  },
  "RB200": {
    "minTradeNum": 0.01,
    "pricePlace": 5
  },
  "frxXAGUSD": {
    "minTradeNum": 0.01,
    "pricePlace": 5
  },
  "stpRNG": {
    "minTradeNum": 0.01,
    "pricePlace": 5
  },
  "stpRNG2": {
    "minTradeNum": 0.01,
    "pricePlace": 5
  },
  "stpRNG3": {
    "minTradeNum": 0.01,
    "pricePlace": 5
  },
  "stpRNG4": {
    "minTradeNum": 0.01,
    "pricePlace": 5
  },
  "stpRNG5": {
    "minTradeNum": 0.01,
    "pricePlace": 5
  },
  "OTC_SSMI": {
    "minTradeNum": 0.01,
    "pricePlace": 5
  },
  "OTC_FTSE": {
    "minTradeNum": 0.01,
    "pricePlace": 5
  },
  "OTC_SPC": {
    "minTradeNum": 0.01,
    "pricePlace": 5
  },
  "OTC_NDX": {
    "minTradeNum": 0.01,
    "pricePlace": 5
  },
  "WLDUSD": {
    "minTradeNum": 0.01,
    "pricePlace": 5
  },
  "frxUSDCAD": {
    "minTradeNum": 0.01,
    "pricePlace": 5
  },
  "frxUSDCHF": {
    "minTradeNum": 0.01,
    "pricePlace": 5
  },
  "frxUSDJPY": {
    "minTradeNum": 0.01,
    "pricePlace": 5
  },
  "frxUSDMXN": {
    "minTradeNum": 0.01,
    "pricePlace": 5
  },
  "frxUSDNOK": {
    "minTradeNum": 0.01,
    "pricePlace": 5
  },
  "frxUSDPLN": {
    "minTradeNum": 0.01,
    "pricePlace": 5
  },
  "frxUSDSEK": {
    "minTradeNum": 0.01,
    "pricePlace": 5
  },
  "1HZ10V": {
    "minTradeNum": 0.01,
    "pricePlace": 5
  },
  "R_10": {
    "minTradeNum": 0.01,
    "pricePlace": 5
  },
  "1HZ15V": {
    "minTradeNum": 0.01,
    "pricePlace": 5
  },
  "1HZ25V": {
    "minTradeNum": 0.01,
    "pricePlace": 5
  },
  "R_25": {
    "minTradeNum": 0.01,
    "pricePlace": 5
  },
  "1HZ30V": {
    "minTradeNum": 0.01,
    "pricePlace": 5
  },
  "1HZ50V": {
    "minTradeNum": 0.01,
    "pricePlace": 5
  },
  "R_50": {
    "minTradeNum": 0.01,
    "pricePlace": 5
  },
  "1HZ75V": {
    "minTradeNum": 0.01,
    "pricePlace": 5
  },
  "R_75": {
    "minTradeNum": 0.01,
    "pricePlace": 5
  },
  "1HZ90V": {
    "minTradeNum": 0.01,
    "pricePlace": 5
  },
  "1HZ100V": {
    "minTradeNum": 0.01,
    "pricePlace": 5
  },
  "R_100": {
    "minTradeNum": 0.01,
    "pricePlace": 5
  },
  "OTC_DJI": {
    "minTradeNum": 0.01,
    "pricePlace": 5
  }
}
[2026-03-22T18:24:02.454Z] Skipping news sentiment fetch. Next fetch in approximately 3 minutes.
[2026-03-22T18:24:02.457Z] Entering symbol loop.
[2026-03-22T18:24:02.912Z] Fetched Bitget balances successfully.
[2026-03-22T18:24:03.200Z] Fetched Deriv balances successfully.
[2026-03-22T18:24:03.202Z] Initial balance set to: 27.11 USDT
[2026-03-22T18:24:03.205Z] Current Balance: 27.11 USDT, Initial Balance: 27.11 USDT, Peak Balance: 27.11 USDT
[2026-03-22T18:24:03.209Z] Daily Loss Percent: 0.00%, Total Drawdown Percent: 0.00%
[2026-03-22T18:24:03.214Z] Processing symbol: BTCUSDT
[2026-03-22T18:24:03.220Z] Fetching 1m candles for BTCUSDT
[2026-03-22T18:24:03.227Z] Processing symbol: ETHUSDT
[2026-03-22T18:24:03.229Z] Fetching 1m candles for ETHUSDT
[2026-03-22T18:24:03.230Z] Processing symbol: XRPUSDT
[2026-03-22T18:24:03.233Z] Fetching 1m candles for XRPUSDT
[2026-03-22T18:24:03.235Z] Processing symbol: ADAUSDT
[2026-03-22T18:24:03.239Z] Fetching 1m candles for ADAUSDT
[2026-03-22T18:24:03.244Z] Processing symbol: SOLUSDT
[2026-03-22T18:24:03.246Z] Fetching 1m candles for SOLUSDT
[2026-03-22T18:24:03.248Z] Processing symbol: DOGEUSDT
[2026-03-22T18:24:03.251Z] Fetching 1m candles for DOGEUSDT
[2026-03-22T18:24:03.253Z] Processing symbol: DOTUSDT
[2026-03-22T18:24:03.260Z] Fetching 1m candles for DOTUSDT
[2026-03-22T18:24:03.261Z] Processing symbol: LTCUSDT
[2026-03-22T18:24:03.263Z] Fetching 1m candles for LTCUSDT
[2026-03-22T18:24:03.266Z] Processing symbol: BCHUSDT
[2026-03-22T18:24:03.268Z] Fetching 1m candles for BCHUSDT
[2026-03-22T18:24:03.276Z] Processing symbol: LINKUSDT
[2026-03-22T18:24:03.279Z] Fetching 1m candles for LINKUSDT
[2026-03-22T18:24:03.296Z] Processing symbol: TRXUSDT
[2026-03-22T18:24:03.299Z] Fetching 1m candles for TRXUSDT
[2026-03-22T18:24:03.301Z] Processing symbol: UNIUSDT
[2026-03-22T18:24:03.312Z] Fetching 1m candles for UNIUSDT
[2026-03-22T18:24:03.316Z] Processing symbol: AVAXUSDT
[2026-03-22T18:24:03.318Z] Fetching 1m candles for AVAXUSDT
[2026-03-22T18:24:03.328Z] Processing symbol: ETCUSDT
[2026-03-22T18:24:03.329Z] Fetching 1m candles for ETCUSDT
[2026-03-22T18:24:03.343Z] Processing symbol: XLMUSDT
[2026-03-22T18:24:03.346Z] Fetching 1m candles for XLMUSDT
[2026-03-22T18:24:03.351Z] Processing symbol: FILUSDT
[2026-03-22T18:24:03.358Z] Fetching 1m candles for FILUSDT
[2026-03-22T18:24:03.363Z] Processing symbol: ICPUSDT
[2026-03-22T18:24:03.380Z] Fetching 1m candles for ICPUSDT
[2026-03-22T18:24:03.383Z] Processing symbol: VETUSDT
[2026-03-22T18:24:03.391Z] Fetching 1m candles for VETUSDT
[2026-03-22T18:24:03.399Z] Processing symbol: BNBUSDT
[2026-03-22T18:24:03.412Z] Fetching 1m candles for BNBUSDT
[2026-03-22T18:24:03.415Z] Processing symbol: OPUSDT
[2026-03-22T18:24:03.429Z] Fetching 1m candles for OPUSDT
[2026-03-22T18:24:03.441Z] Processing symbol: frxXAUUSD
[2026-03-22T18:24:03.446Z] Fetching 1m candles for frxXAUUSD
[2026-03-22T18:24:03.459Z] Processing symbol: frxXAGUSD
[2026-03-22T18:24:03.465Z] Fetching 1m candles for frxXAGUSD
[2026-03-22T18:24:03.478Z] Processing symbol: frxXPTUSD
[2026-03-22T18:24:03.486Z] Fetching 1m candles for frxXPTUSD
[2026-03-22T18:24:03.499Z] Processing symbol: frxXPDUSD
[2026-03-22T18:24:03.517Z] Fetching 1m candles for frxXPDUSD
[2026-03-22T18:24:03.526Z] Processing symbol: frxAUDUSD
[2026-03-22T18:24:03.724Z] Fetching 1m candles for frxAUDUSD
[2026-03-22T18:24:03.821Z] Processing symbol: frxEURUSD
[2026-03-22T18:24:04.051Z] Fetching 1m candles for frxEURUSD
[2026-03-22T18:24:04.176Z] Processing symbol: frxGBPUSD
[2026-03-22T18:24:04.239Z] Fetching 1m candles for frxGBPUSD
[2026-03-22T18:24:04.244Z] Processing symbol: frxUSDJPY
[2026-03-22T18:24:04.250Z] Fetching 1m candles for frxUSDJPY
[2026-03-22T18:24:04.255Z] Processing symbol: frxUSDCAD
[2026-03-22T18:24:04.259Z] Fetching 1m candles for frxUSDCAD
[2026-03-22T18:24:04.266Z] Processing symbol: frxUSDCHF
[2026-03-22T18:24:04.270Z] Fetching 1m candles for frxUSDCHF
[2026-03-22T18:24:04.274Z] Processing symbol: frxAUDCAD
[2026-03-22T18:24:04.278Z] Fetching 1m candles for frxAUDCAD
[2026-03-22T18:24:04.280Z] Processing symbol: frxAUDCHF
[2026-03-22T18:24:04.284Z] Fetching 1m candles for frxAUDCHF
[2026-03-22T18:24:04.287Z] Processing symbol: frxAUDJPY
[2026-03-22T18:24:04.289Z] Fetching 1m candles for frxAUDJPY
[2026-03-22T18:24:04.295Z] Processing symbol: frxAUDNZD
[2026-03-22T18:24:04.298Z] Fetching 1m candles for frxAUDNZD
[2026-03-22T18:24:04.301Z] Processing symbol: frxEURAUD
[2026-03-22T18:24:04.305Z] Fetching 1m candles for frxEURAUD
[2026-03-22T18:24:04.307Z] Processing symbol: frxEURCAD
[2026-03-22T18:24:04.309Z] Fetching 1m candles for frxEURCAD
[2026-03-22T18:24:04.317Z] Processing symbol: frxEURCHF
[2026-03-22T18:24:04.322Z] Fetching 1m candles for frxEURCHF
[2026-03-22T18:24:04.324Z] Processing symbol: frxEURGBP
[2026-03-22T18:24:04.331Z] Fetching 1m candles for frxEURGBP
[2026-03-22T18:24:04.334Z] Processing symbol: frxEURJPY
[2026-03-22T18:24:04.338Z] Fetching 1m candles for frxEURJPY
[2026-03-22T18:24:04.341Z] Processing symbol: frxEURNZD
[2026-03-22T18:24:04.345Z] Fetching 1m candles for frxEURNZD
[2026-03-22T18:24:04.352Z] Processing symbol: frxGBPAUD
[2026-03-22T18:24:04.355Z] Fetching 1m candles for frxGBPAUD
[2026-03-22T18:24:04.359Z] Processing symbol: frxGBPCAD
[2026-03-22T18:24:04.369Z] Fetching 1m candles for frxGBPCAD
[2026-03-22T18:24:04.371Z] Processing symbol: frxGBPCHF
[2026-03-22T18:24:04.373Z] Fetching 1m candles for frxGBPCHF
[2026-03-22T18:24:04.379Z] Processing symbol: frxGBPJPY
[2026-03-22T18:24:04.384Z] Fetching 1m candles for frxGBPJPY
[2026-03-22T18:24:04.389Z] Processing symbol: frxGBPNOK
[2026-03-22T18:24:04.392Z] Fetching 1m candles for frxGBPNOK
[2026-03-22T18:24:04.399Z] Processing symbol: frxGBPNZD
[2026-03-22T18:24:04.403Z] Fetching 1m candles for frxGBPNZD
[2026-03-22T18:24:04.405Z] Processing symbol: frxNZDJPY
[2026-03-22T18:24:04.411Z] Fetching 1m candles for frxNZDJPY
[2026-03-22T18:24:04.416Z] Processing symbol: frxNZDUSD
[2026-03-22T18:24:04.419Z] Fetching 1m candles for frxNZDUSD
[2026-03-22T18:24:04.422Z] Processing symbol: frxUSDMXN
[2026-03-22T18:24:04.425Z] Fetching 1m candles for frxUSDMXN
[2026-03-22T18:24:04.432Z] Processing symbol: frxUSDNOK
[2026-03-22T18:24:04.437Z] Fetching 1m candles for frxUSDNOK
[2026-03-22T18:24:04.439Z] Processing symbol: frxUSDPLN
[2026-03-22T18:24:04.443Z] Fetching 1m candles for frxUSDPLN
[2026-03-22T18:24:04.451Z] Processing symbol: frxUSDSEK
[2026-03-22T18:24:04.454Z] Fetching 1m candles for frxUSDSEK
[2026-03-22T18:24:04.879Z] Deriv API getCandles Error for frxXAUUSD (1m): Symbol frxFRXXAUUSD is invalid.
[2026-03-22T18:24:04.881Z] ERROR fetching 1min candles for frxXAUUSD: Symbol frxFRXXAUUSD is invalid.. Response data: N/A
[2026-03-22T18:24:04.923Z] Deriv API getCandles Error for frxXAGUSD (1m): Symbol frxFRXXAGUSD is invalid.
[2026-03-22T18:24:04.924Z] ERROR fetching 1min candles for frxXAGUSD: Symbol frxFRXXAGUSD is invalid.. Response data: N/A
[2026-03-22T18:24:04.954Z] Fetched 1m candles for BTCUSDT. Sample: [["1774197900000","68698.8","68706.4","68698.7","68699","4.7618","327155.75482"],["1774197960000","68699","68726.3","68699","68726.3","3.8981","267853.10188"]]
[2026-03-22T18:24:04.956Z] Fetching 15m candles for BTCUSDT
[2026-03-22T18:24:04.965Z] Deriv API getCandles Error for frxAUDUSD (1m): Symbol frxFRXAUDUSD is invalid.
[2026-03-22T18:24:04.966Z] ERROR fetching 1min candles for frxAUDUSD: Symbol frxFRXAUDUSD is invalid.. Response data: N/A
[2026-03-22T18:24:04.984Z] Deriv API getCandles Error for frxEURUSD (1m): Symbol frxFRXEURUSD is invalid.
[2026-03-22T18:24:04.987Z] ERROR fetching 1min candles for frxEURUSD: Symbol frxFRXEURUSD is invalid.. Response data: N/A
[2026-03-22T18:24:05.014Z] Deriv API getCandles Error for frxXPTUSD (1m): Symbol frxFRXXPTUSD is invalid.
[2026-03-22T18:24:05.017Z] ERROR fetching 1min candles for frxXPTUSD: Symbol frxFRXXPTUSD is invalid.. Response data: N/A
[2026-03-22T18:24:05.037Z] Deriv API getCandles Error for frxXPDUSD (1m): Symbol frxFRXXPDUSD is invalid.
[2026-03-22T18:24:05.039Z] ERROR fetching 1min candles for frxXPDUSD: Symbol frxFRXXPDUSD is invalid.. Response data: N/A
[2026-03-22T18:24:05.055Z] Deriv API getCandles Error for frxGBPUSD (1m): Symbol frxFRXGBPUSD is invalid.
[2026-03-22T18:24:05.058Z] ERROR fetching 1min candles for frxGBPUSD: Symbol frxFRXGBPUSD is invalid.. Response data: N/A
[2026-03-22T18:24:05.085Z] Deriv API getCandles Error for frxUSDJPY (1m): Symbol frxFRXUSDJPY is invalid.
[2026-03-22T18:24:05.090Z] ERROR fetching 1min candles for frxUSDJPY: Symbol frxFRXUSDJPY is invalid.. Response data: N/A
[2026-03-22T18:24:05.119Z] Deriv API getCandles Error for frxUSDCAD (1m): Symbol frxFRXUSDCAD is invalid.
[2026-03-22T18:24:05.131Z] ERROR fetching 1min candles for frxUSDCAD: Symbol frxFRXUSDCAD is invalid.. Response data: N/A
[2026-03-22T18:24:05.161Z] Deriv API getCandles Error for frxUSDCHF (1m): Symbol frxFRXUSDCHF is invalid.
[2026-03-22T18:24:05.165Z] ERROR fetching 1min candles for frxUSDCHF: Symbol frxFRXUSDCHF is invalid.. Response data: N/A
[2026-03-22T18:24:05.197Z] Deriv API getCandles Error for frxAUDCAD (1m): Symbol frxFRXAUDCAD is invalid.
[2026-03-22T18:24:05.201Z] ERROR fetching 1min candles for frxAUDCAD: Symbol frxFRXAUDCAD is invalid.. Response data: N/A
[2026-03-22T18:24:05.254Z] Deriv API getCandles Error for frxAUDCHF (1m): Symbol frxFRXAUDCHF is invalid.
[2026-03-22T18:24:05.256Z] ERROR fetching 1min candles for frxAUDCHF: Symbol frxFRXAUDCHF is invalid.. Response data: N/A
[2026-03-22T18:24:05.283Z] Deriv API getCandles Error for frxAUDJPY (1m): Symbol frxFRXAUDJPY is invalid.
[2026-03-22T18:24:05.286Z] ERROR fetching 1min candles for frxAUDJPY: Symbol frxFRXAUDJPY is invalid.. Response data: N/A
[2026-03-22T18:24:05.310Z] Deriv API getCandles Error for frxAUDNZD (1m): Symbol frxFRXAUDNZD is invalid.
[2026-03-22T18:24:05.312Z] ERROR fetching 1min candles for frxAUDNZD: Symbol frxFRXAUDNZD is invalid.. Response data: N/A
[2026-03-22T18:24:05.330Z] Deriv API getCandles Error for frxEURAUD (1m): Symbol frxFRXEURAUD is invalid.
[2026-03-22T18:24:05.336Z] ERROR fetching 1min candles for frxEURAUD: Symbol frxFRXEURAUD is invalid.. Response data: N/A
[2026-03-22T18:24:05.396Z] Deriv API getCandles Error for frxEURCAD (1m): Symbol frxFRXEURCAD is invalid.
[2026-03-22T18:24:05.398Z] ERROR fetching 1min candles for frxEURCAD: Symbol frxFRXEURCAD is invalid.. Response data: N/A
[2026-03-22T18:24:05.402Z] Fetched 1m candles for LTCUSDT. Sample: [["1774197900000","54.05","54.05","54.05","54.05","0","0"],["1774197960000","54.05","54.09","54.05","54.09","77.6","4196.095"]]
[2026-03-22T18:24:05.404Z] Fetching 15m candles for LTCUSDT
[2026-03-22T18:24:05.433Z] Fetched 1m candles for BCHUSDT. Sample: [["1774197900000","468.3","468.34","468.3","468.34","1.08","505.7886"],["1774197960000","468.34","468.65","468.34","468.65","15.03","7040.7527"]]
[2026-03-22T18:24:05.437Z] Fetching 15m candles for BCHUSDT
[2026-03-22T18:24:05.440Z] Fetched 1m candles for UNIUSDT. Sample: [["1774197900000","3.479","3.48","3.479","3.479","412","1433.39"],["1774197960000","3.479","3.483","3.479","3.483","36","125.313"]]
[2026-03-22T18:24:05.444Z] Fetching 15m candles for UNIUSDT
[2026-03-22T18:24:05.471Z] Fetched 1m candles for ADAUSDT. Sample: [["1774197900000","0.2541","0.2542","0.254","0.2541","107637","27352.572"],["1774197960000","0.2541","0.2546","0.2541","0.2544","376053","95642.118"]]
[2026-03-22T18:24:05.473Z] Fetching 15m candles for ADAUSDT
[2026-03-22T18:24:05.481Z] Fetched 1m candles for OPUSDT. Sample: [["1774197900000","0.1157","0.1157","0.1157","0.1157","0","0"],["1774197960000","0.1157","0.1159","0.1157","0.1159","10062.4","1165.58857"]]
[2026-03-22T18:24:05.484Z] Fetching 15m candles for OPUSDT
[2026-03-22T18:24:05.488Z] Fetched 1m candles for DOTUSDT. Sample: [["1774197900000","1.431","1.431","1.431","1.431","0","0"],["1774197960000","1.431","1.432","1.431","1.431","8927","12779.014"]]
[2026-03-22T18:24:05.492Z] Fetching 15m candles for DOTUSDT
[2026-03-22T18:24:05.506Z] Deriv API getCandles Error for frxEURCHF (1m): Symbol frxFRXEURCHF is invalid.
[2026-03-22T18:24:05.510Z] ERROR fetching 1min candles for frxEURCHF: Symbol frxFRXEURCHF is invalid.. Response data: N/A
[2026-03-22T18:24:05.513Z] Fetched 1m candles for SOLUSDT. Sample: [["1774197900000","87.31","87.33","87.31","87.31","119.9","10469.9618"],["1774197960000","87.31","87.378","87.31","87.378","772.9","67510.327"]]
[2026-03-22T18:24:05.518Z] Fetching 15m candles for SOLUSDT
[2026-03-22T18:24:05.523Z] Fetched 1m candles for LINKUSDT. Sample: [["1774197900000","8.769","8.77","8.768","8.77","901","7900.199"],["1774197960000","8.77","8.782","8.77","8.781","1549","13592.855"]]
[2026-03-22T18:24:05.528Z] Fetching 15m candles for LINKUSDT
[2026-03-22T18:24:05.531Z] Fetched 1m candles for ETHUSDT. Sample: [["1774197900000","2079.34","2079.83","2079.16","2079.16","14.36","29861.769"],["1774197960000","2079.16","2080.45","2079.16","2080.45","169.28","352030.9119"]]
[2026-03-22T18:24:05.536Z] Fetching 15m candles for ETHUSDT
[2026-03-22T18:24:05.541Z] Fetched 1m candles for DOGEUSDT. Sample: [["1774197900000","0.09149","0.09152","0.09149","0.0915","25968","2376.18179"],["1774197960000","0.0915","0.09162","0.0915","0.09162","161570","14794.48803"]]
[2026-03-22T18:24:05.546Z] Fetching 15m candles for DOGEUSDT
[2026-03-22T18:24:05.549Z] Fetched 1m candles for XRPUSDT. Sample: [["1774197900000","1.3929","1.3931","1.3929","1.3931","5721","7969.3285"],["1774197960000","1.3931","1.394","1.3928","1.394","19635","27359.4548"]]
[2026-03-22T18:24:05.552Z] Fetching 15m candles for XRPUSDT
[2026-03-22T18:24:05.558Z] Fetched 1m candles for AVAXUSDT. Sample: [["1774197900000","9.079","9.079","9.078","9.078","33.7","305.9286"],["1774197960000","9.078","9.084","9.078","9.084","18.2","165.292"]]
[2026-03-22T18:24:05.561Z] Fetching 15m candles for AVAXUSDT
[2026-03-22T18:24:05.564Z] Fetched 1m candles for ETCUSDT. Sample: [["1774197900000","8.112","8.112","8.112","8.112","0","0"],["1774197960000","8.112","8.112","8.112","8.112","0","0"]]
[2026-03-22T18:24:05.567Z] Fetching 15m candles for ETCUSDT
[2026-03-22T18:24:05.574Z] Fetched 1m candles for ICPUSDT. Sample: [["1774197900000","2.385","2.385","2.384","2.384","37.95","90.4728"],["1774197960000","2.384","2.385","2.384","2.385","335.4","799.929"]]
[2026-03-22T18:24:05.578Z] Fetching 15m candles for ICPUSDT
[2026-03-22T18:24:05.583Z] Fetched 1m candles for VETUSDT. Sample: [["1774197900000","0.006937","0.006941","0.006937","0.006941","25536","177.236745"],["1774197960000","0.006941","0.006948","0.006941","0.006948","49432","343.325031"]]
[2026-03-22T18:24:05.590Z] Fetching 15m candles for VETUSDT
[2026-03-22T18:24:05.599Z] Fetched 1m candles for TRXUSDT. Sample: [["1774197900000","0.31624","0.31624","0.31607","0.31622","12184","3852.31154"],["1774197960000","0.31622","0.31622","0.31596","0.31609","32757","10350.4745"]]
[2026-03-22T18:24:05.626Z] Fetching 15m candles for TRXUSDT
[2026-03-22T18:24:05.648Z] Fetched 1m candles for FILUSDT. Sample: [["1774197900000","0.8756","0.8756","0.8756","0.8756","500","437.8"],["1774197960000","0.8756","0.8765","0.8756","0.8765","784.3","687.21473"]]
[2026-03-22T18:24:05.654Z] Fetching 15m candles for FILUSDT
[2026-03-22T18:24:05.663Z] Fetched 1m candles for BNBUSDT. Sample: [["1774197900000","629.41","629.41","629.41","629.41","0","0"],["1774197960000","629.41","629.73","629.41","629.73","0.57","358.8657"]]
[2026-03-22T18:24:05.669Z] Fetching 15m candles for BNBUSDT
[2026-03-22T18:24:05.703Z] Fetched 1m candles for XLMUSDT. Sample: [["1774197900000","0.15887","0.15887","0.15887","0.15887","0","0"],["1774197960000","0.15887","0.15906","0.15887","0.15906","5945","945.33381"]]
[2026-03-22T18:24:05.711Z] Fetching 15m candles for XLMUSDT
[2026-03-22T18:24:05.729Z] Deriv API getCandles Error for frxEURGBP (1m): Symbol frxFRXEURGBP is invalid.
[2026-03-22T18:24:05.738Z] ERROR fetching 1min candles for frxEURGBP: Symbol frxFRXEURGBP is invalid.. Response data: N/A
[2026-03-22T18:24:05.780Z] Deriv API getCandles Error for frxEURJPY (1m): Symbol frxFRXEURJPY is invalid.
[2026-03-22T18:24:05.785Z] ERROR fetching 1min candles for frxEURJPY: Symbol frxFRXEURJPY is invalid.. Response data: N/A
[2026-03-22T18:24:05.794Z] Fetching 4H candles for BTCUSDT
[2026-03-22T18:24:05.814Z] Deriv API getCandles Error for frxEURNZD (1m): Symbol frxFRXEURNZD is invalid.
[2026-03-22T18:24:05.816Z] ERROR fetching 1min candles for frxEURNZD: Symbol frxFRXEURNZD is invalid.. Response data: N/A
[2026-03-22T18:24:05.826Z] Deriv API getCandles Error for frxGBPAUD (1m): Symbol frxFRXGBPAUD is invalid.
[2026-03-22T18:24:05.830Z] ERROR fetching 1min candles for frxGBPAUD: Symbol frxFRXGBPAUD is invalid.. Response data: N/A
[2026-03-22T18:24:05.842Z] Deriv API getCandles Error for frxGBPCAD (1m): Symbol frxFRXGBPCAD is invalid.
[2026-03-22T18:24:05.844Z] ERROR fetching 1min candles for frxGBPCAD: Symbol frxFRXGBPCAD is invalid.. Response data: N/A
[2026-03-22T18:24:05.855Z] Deriv API getCandles Error for frxGBPCHF (1m): Symbol frxFRXGBPCHF is invalid.
[2026-03-22T18:24:05.860Z] ERROR fetching 1min candles for frxGBPCHF: Symbol frxFRXGBPCHF is invalid.. Response data: N/A
[2026-03-22T18:24:05.871Z] Deriv API getCandles Error for frxGBPJPY (1m): Symbol frxFRXGBPJPY is invalid.
[2026-03-22T18:24:05.874Z] ERROR fetching 1min candles for frxGBPJPY: Symbol frxFRXGBPJPY is invalid.. Response data: N/A
[2026-03-22T18:24:05.889Z] Deriv API getCandles Error for frxGBPNOK (1m): Symbol frxFRXGBPNOK is invalid.
[2026-03-22T18:24:05.898Z] ERROR fetching 1min candles for frxGBPNOK: Symbol frxFRXGBPNOK is invalid.. Response data: N/A
[2026-03-22T18:24:05.919Z] Deriv API getCandles Error for frxGBPNZD (1m): Symbol frxFRXGBPNZD is invalid.
[2026-03-22T18:24:05.927Z] ERROR fetching 1min candles for frxGBPNZD: Symbol frxFRXGBPNZD is invalid.. Response data: N/A
[2026-03-22T18:24:05.936Z] Deriv API getCandles Error for frxNZDJPY (1m): Symbol frxFRXNZDJPY is invalid.
[2026-03-22T18:24:05.937Z] ERROR fetching 1min candles for frxNZDJPY: Symbol frxFRXNZDJPY is invalid.. Response data: N/A
[2026-03-22T18:24:05.946Z] Deriv API getCandles Error for frxNZDUSD (1m): Symbol frxFRXNZDUSD is invalid.
[2026-03-22T18:24:05.950Z] ERROR fetching 1min candles for frxNZDUSD: Symbol frxFRXNZDUSD is invalid.. Response data: N/A
[2026-03-22T18:24:05.961Z] Deriv API getCandles Error for frxUSDMXN (1m): Symbol frxFRXUSDMXN is invalid.
[2026-03-22T18:24:05.970Z] ERROR fetching 1min candles for frxUSDMXN: Symbol frxFRXUSDMXN is invalid.. Response data: N/A
[2026-03-22T18:24:05.999Z] Deriv API getCandles Error for frxUSDNOK (1m): Symbol frxFRXUSDNOK is invalid.
[2026-03-22T18:24:06.003Z] ERROR fetching 1min candles for frxUSDNOK: Symbol frxFRXUSDNOK is invalid.. Response data: N/A
[2026-03-22T18:24:06.028Z] Deriv API getCandles Error for frxUSDPLN (1m): Symbol frxFRXUSDPLN is invalid.
[2026-03-22T18:24:06.035Z] ERROR fetching 1min candles for frxUSDPLN: Symbol frxFRXUSDPLN is invalid.. Response data: N/A
[2026-03-22T18:24:06.046Z] Deriv API getCandles Error for frxUSDSEK (1m): Symbol frxFRXUSDSEK is invalid.
[2026-03-22T18:24:06.049Z] ERROR fetching 1min candles for frxUSDSEK: Symbol frxFRXUSDSEK is invalid.. Response data: N/A
[2026-03-22T18:24:06.095Z] Fetching 4H candles for LTCUSDT
[2026-03-22T18:24:06.110Z] Fetching 4H candles for UNIUSDT
[2026-03-22T18:24:06.116Z] Fetching 4H candles for ADAUSDT
[2026-03-22T18:24:06.121Z] Fetching 4H candles for OPUSDT
[2026-03-22T18:24:06.132Z] Fetching 4H candles for BCHUSDT
[2026-03-22T18:24:06.145Z] Fetching 4H candles for SOLUSDT
[2026-03-22T18:24:06.180Z] Fetching 4H candles for ETHUSDT
[2026-03-22T18:24:06.197Z] Fetching 4H candles for DOTUSDT
[2026-03-22T18:24:06.201Z] Fetching 4H candles for DOGEUSDT
[2026-03-22T18:24:06.207Z] Fetching 4H candles for AVAXUSDT
[2026-03-22T18:24:06.212Z] Fetching 4H candles for XRPUSDT
[2026-03-22T18:24:06.214Z] Fetching 4H candles for LINKUSDT
[2026-03-22T18:24:06.219Z] Fetching 4H candles for ETCUSDT
[2026-03-22T18:24:06.322Z] Fetching 4H candles for VETUSDT
[2026-03-22T18:24:06.362Z] Fetching 4H candles for XLMUSDT
[2026-03-22T18:24:06.365Z] Fetching 4H candles for TRXUSDT
[2026-03-22T18:24:06.368Z] Fetching 4H candles for FILUSDT
[2026-03-22T18:24:06.371Z] Fetching 4H candles for BNBUSDT
[2026-03-22T18:24:06.374Z] Fetching 4H candles for ICPUSDT
[2026-03-22T18:24:06.428Z] Mapping candle data...
[2026-03-22T18:24:06.431Z] Long-term ATR (4H): 461.37272727272705
[2026-03-22T18:24:06.433Z] Calling analyze function...
[2026-03-22T18:24:06.445Z] Analyze function returned: Signal=HOLD, RSI=45.19, EMA=68659.03982604959, ATR=20.878045880315245, Price=68645.5
[2026-03-22T18:24:06.449Z] Trend Direction: 15m=DOWN, 4h=DOWN
[2026-03-22T18:24:06.452Z] Starting multi-timeframe confirmation...
[2026-03-22T18:24:06.457Z] Adjusted position size with sentiment: 21.68722490
[2026-03-22T18:24:06.461Z] Type of dailyLossCheck: function
[2026-03-22T18:24:06.466Z] USDT available: 27.10903112
[2026-03-22T18:24:06.468Z] Calculated position size (USDT): 21.68722490
[2026-03-22T18:24:06.471Z] Last price: 68645.5
[2026-03-22T18:24:06.473Z] Calculated quantity: 0.00031593
[2026-03-22T18:24:06.475Z] No trade executed for BTCUSDT due to signal: HOLD
[2026-03-22T18:24:06.704Z] Mapping candle data...
[2026-03-22T18:24:06.729Z] Long-term ATR (4H): 0.35080808080808057
[2026-03-22T18:24:06.813Z] Calling analyze function...
[2026-03-22T18:24:07.125Z] Analyze function returned: Signal=HOLD, RSI=44, EMA=54.07438165531178, ATR=0.009995461856437614, Price=54.06
[2026-03-22T18:24:07.175Z] Trend Direction: 15m=DOWN, 4h=DOWN
[2026-03-22T18:24:07.239Z] Starting multi-timeframe confirmation...
[2026-03-22T18:24:07.248Z] Adjusted position size with sentiment: 21.68722490
[2026-03-22T18:24:07.260Z] Type of dailyLossCheck: function
[2026-03-22T18:24:07.286Z] USDT available: 27.10903112
[2026-03-22T18:24:07.308Z] Calculated position size (USDT): 21.68722490
[2026-03-22T18:24:07.315Z] Last price: 54.06
[2026-03-22T18:24:07.328Z] Calculated quantity: 0.40116953
[2026-03-22T18:24:07.344Z] No trade executed for LTCUSDT due to signal: HOLD
[2026-03-22T18:24:07.421Z] Mapping candle data...
[2026-03-22T18:24:07.439Z] Long-term ATR (4H): 0.03449494949494946
[2026-03-22T18:24:07.444Z] Calling analyze function...
[2026-03-22T18:24:07.461Z] Analyze function returned: Signal=HOLD, RSI=48.11, EMA=3.484632489597638, ATR=0.0009648873854302083, Price=3.484
[2026-03-22T18:24:07.472Z] Trend Direction: 15m=DOWN, 4h=DOWN
[2026-03-22T18:24:07.475Z] Starting multi-timeframe confirmation...
[2026-03-22T18:24:07.477Z] Adjusted position size with sentiment: 21.68722490
[2026-03-22T18:24:07.480Z] Type of dailyLossCheck: function
[2026-03-22T18:24:07.486Z] USDT available: 27.10903112
[2026-03-22T18:24:07.489Z] Calculated position size (USDT): 21.68722490
[2026-03-22T18:24:07.490Z] Last price: 3.484
[2026-03-22T18:24:07.493Z] Calculated quantity: 6.22480623
[2026-03-22T18:24:07.495Z] No trade executed for UNIUSDT due to signal: HOLD
[2026-03-22T18:24:07.502Z] Mapping candle data...
[2026-03-22T18:24:07.505Z] Long-term ATR (4H): 0.002517171717171716
[2026-03-22T18:24:07.506Z] Calling analyze function...
[2026-03-22T18:24:07.513Z] Analyze function returned: Signal=HOLD, RSI=45.52, EMA=0.2539791815794139, ATR=0.00009077152617441548, Price=0.2539
[2026-03-22T18:24:07.518Z] Trend Direction: 15m=DOWN, 4h=DOWN
[2026-03-22T18:24:07.521Z] Starting multi-timeframe confirmation...
[2026-03-22T18:24:07.524Z] Adjusted position size with sentiment: 21.68722490
[2026-03-22T18:24:07.528Z] Type of dailyLossCheck: function
[2026-03-22T18:24:07.530Z] USDT available: 27.10903112
[2026-03-22T18:24:07.532Z] Calculated position size (USDT): 21.68722490
[2026-03-22T18:24:07.535Z] Last price: 0.2539
[2026-03-22T18:24:07.536Z] Calculated quantity: 85.41640369
[2026-03-22T18:24:07.552Z] No trade executed for ADAUSDT due to signal: HOLD
[2026-03-22T18:24:07.690Z] Mapping candle data...
[2026-03-22T18:24:07.802Z] Long-term ATR (4H): 2.747171717171717
[2026-03-22T18:24:07.817Z] Calling analyze function...
[2026-03-22T18:24:07.893Z] Analyze function returned: Signal=HOLD, RSI=47.94, EMA=467.2827612664344, ATR=0.1271040041904282, Price=467.22
[2026-03-22T18:24:07.903Z] Trend Direction: 15m=UP, 4h=UP
[2026-03-22T18:24:07.909Z] Starting multi-timeframe confirmation...
[2026-03-22T18:24:07.919Z] Adjusted position size with sentiment: 21.68722490
[2026-03-22T18:24:07.923Z] Type of dailyLossCheck: function
[2026-03-22T18:24:07.941Z] USDT available: 27.10903112
[2026-03-22T18:24:07.943Z] Calculated position size (USDT): 21.68722490
[2026-03-22T18:24:07.949Z] Last price: 467.22
[2026-03-22T18:24:07.952Z] Calculated quantity: 0.04641759
[2026-03-22T18:24:07.958Z] No trade executed for BCHUSDT due to signal: HOLD
[2026-03-22T18:24:07.970Z] Mapping candle data...
[2026-03-22T18:24:07.980Z] Long-term ATR (4H): 0.0012747474747474739
[2026-03-22T18:24:07.989Z] Calling analyze function...
[2026-03-22T18:24:08.006Z] Analyze function returned: Signal=HOLD, RSI=57.42, EMA=0.11512552478165561, ATR=0.00004278178222080969, Price=0.1152
[2026-03-22T18:24:08.021Z] Trend Direction: 15m=DOWN, 4h=DOWN
[2026-03-22T18:24:08.024Z] Starting multi-timeframe confirmation...
[2026-03-22T18:24:08.033Z] Adjusted position size with sentiment: 21.68722490
[2026-03-22T18:24:08.037Z] Type of dailyLossCheck: function
[2026-03-22T18:24:08.039Z] USDT available: 27.10903112
[2026-03-22T18:24:08.043Z] Calculated position size (USDT): 21.68722490
[2026-03-22T18:24:08.052Z] Last price: 0.1152
[2026-03-22T18:24:08.055Z] Calculated quantity: 188.25716056
[2026-03-22T18:24:08.058Z] No trade executed for OPUSDT due to signal: HOLD
[2026-03-22T18:24:08.065Z] Mapping candle data...
[2026-03-22T18:24:08.068Z] Long-term ATR (4H): 0.015424242424242422
[2026-03-22T18:24:08.071Z] Calling analyze function...
[2026-03-22T18:24:08.080Z] Analyze function returned: Signal=HOLD, RSI=40.94, EMA=1.4331267883223089, ATR=0.0005063484821923117, Price=1.432
[2026-03-22T18:24:08.086Z] Trend Direction: 15m=DOWN, 4h=DOWN
[2026-03-22T18:24:08.088Z] Starting multi-timeframe confirmation...
[2026-03-22T18:24:08.091Z] Adjusted position size with sentiment: 21.68722490
[2026-03-22T18:24:08.096Z] Type of dailyLossCheck: function
[2026-03-22T18:24:08.100Z] USDT available: 27.10903112
[2026-03-22T18:24:08.102Z] Calculated position size (USDT): 21.68722490
[2026-03-22T18:24:08.104Z] Last price: 1.432
[2026-03-22T18:24:08.106Z] Calculated quantity: 15.14471012
[2026-03-22T18:24:08.112Z] No trade executed for DOTUSDT due to signal: HOLD
[2026-03-22T18:24:08.118Z] Mapping candle data...
[2026-03-22T18:24:08.121Z] Long-term ATR (4H): 0.07034343434343428
[2026-03-22T18:24:08.124Z] Calling analyze function...
[2026-03-22T18:24:08.135Z] Analyze function returned: Signal=HOLD, RSI=28.89, EMA=8.097340863833722, ATR=0.0019197057889183502, Price=8.089
[2026-03-22T18:24:08.137Z] Trend Direction: 15m=DOWN, 4h=DOWN
[2026-03-22T18:24:08.139Z] Starting multi-timeframe confirmation...
[2026-03-22T18:24:08.142Z] Adjusted position size with sentiment: 21.68722490
[2026-03-22T18:24:08.152Z] Type of dailyLossCheck: function
[2026-03-22T18:24:08.168Z] USDT available: 27.10903112
[2026-03-22T18:24:08.171Z] Calculated position size (USDT): 21.68722490
[2026-03-22T18:24:08.175Z] Last price: 8.089
[2026-03-22T18:24:08.184Z] Calculated quantity: 2.68107614
[2026-03-22T18:24:08.189Z] No trade executed for ETCUSDT due to signal: HOLD
[2026-03-22T18:24:08.196Z] Mapping candle data...
[2026-03-22T18:24:08.203Z] Long-term ATR (4H): 0.08832323232323235
[2026-03-22T18:24:08.205Z] Calling analyze function...
[2026-03-22T18:24:08.215Z] Analyze function returned: Signal=HOLD, RSI=42.69, EMA=9.059419449602622, ATR=0.0033427124920629406, Price=9.056
[2026-03-22T18:24:08.218Z] Trend Direction: 15m=DOWN, 4h=DOWN
[2026-03-22T18:24:08.223Z] Starting multi-timeframe confirmation...
[2026-03-22T18:24:08.228Z] Adjusted position size with sentiment: 21.68722490
[2026-03-22T18:24:08.233Z] Type of dailyLossCheck: function
[2026-03-22T18:24:08.236Z] USDT available: 27.10903112
[2026-03-22T18:24:08.238Z] Calculated position size (USDT): 21.68722490
[2026-03-22T18:24:08.240Z] Last price: 9.056
[2026-03-22T18:24:08.242Z] Calculated quantity: 2.39479073
[2026-03-22T18:24:08.249Z] No trade executed for AVAXUSDT due to signal: HOLD
[2026-03-22T18:24:08.252Z] Mapping candle data...
[2026-03-22T18:24:08.256Z] Long-term ATR (4H): 0.07346464646464651
[2026-03-22T18:24:08.263Z] Calling analyze function...
[2026-03-22T18:24:08.268Z] Analyze function returned: Signal=HOLD, RSI=39.09, EMA=8.762875038963116, ATR=0.0031200748343230833, Price=8.757
[2026-03-22T18:24:08.271Z] Trend Direction: 15m=DOWN, 4h=DOWN
[2026-03-22T18:24:08.274Z] Starting multi-timeframe confirmation...
[2026-03-22T18:24:08.285Z] Adjusted position size with sentiment: 21.68722490
[2026-03-22T18:24:08.291Z] Type of dailyLossCheck: function
[2026-03-22T18:24:08.303Z] USDT available: 27.10903112
[2026-03-22T18:24:08.312Z] Calculated position size (USDT): 21.68722490
[2026-03-22T18:24:08.320Z] Last price: 8.757
[2026-03-22T18:24:08.332Z] Calculated quantity: 2.47655874
[2026-03-22T18:24:08.336Z] No trade executed for LINKUSDT due to signal: HOLD
[2026-03-22T18:24:08.350Z] Mapping candle data...
[2026-03-22T18:24:08.354Z] Long-term ATR (4H): 0.010826262626262625
[2026-03-22T18:24:08.367Z] Calling analyze function...
[2026-03-22T18:24:08.380Z] Analyze function returned: Signal=HOLD, RSI=46, EMA=1.3894777808477803, ATR=0.0005755190396286153, Price=1.3894
[2026-03-22T18:24:08.391Z] Trend Direction: 15m=DOWN, 4h=DOWN
[2026-03-22T18:24:08.396Z] Starting multi-timeframe confirmation...
[2026-03-22T18:24:08.399Z] Adjusted position size with sentiment: 21.68722490
[2026-03-22T18:24:08.402Z] Type of dailyLossCheck: function
[2026-03-22T18:24:08.404Z] USDT available: 27.10903112
[2026-03-22T18:24:08.407Z] Calculated position size (USDT): 21.68722490
[2026-03-22T18:24:08.412Z] Last price: 1.3894
[2026-03-22T18:24:08.414Z] Calculated quantity: 15.60905779
[2026-03-22T18:24:08.416Z] No trade executed for XRPUSDT due to signal: HOLD
[2026-03-22T18:24:08.419Z] Mapping candle data...
[2026-03-22T18:24:08.423Z] Long-term ATR (4H): 0.00006112121212121212
[2026-03-22T18:24:08.428Z] Calling analyze function...
[2026-03-22T18:24:08.434Z] Analyze function returned: Signal=HOLD, RSI=47.67, EMA=0.006923925042367989, ATR=5.571372383156158e-7, Price=0.006924
[2026-03-22T18:24:08.436Z] Trend Direction: 15m=DOWN, 4h=DOWN
[2026-03-22T18:24:08.440Z] Starting multi-timeframe confirmation...
[2026-03-22T18:24:08.447Z] Adjusted position size with sentiment: 21.68722490
[2026-03-22T18:24:08.451Z] Type of dailyLossCheck: function
[2026-03-22T18:24:08.453Z] USDT available: 27.10903112
[2026-03-22T18:24:08.457Z] Calculated position size (USDT): 21.68722490
[2026-03-22T18:24:08.463Z] Last price: 0.006924
[2026-03-22T18:24:08.466Z] Calculated quantity: 3132.18152744
[2026-03-22T18:24:08.469Z] No trade executed for VETUSDT due to signal: HOLD
[2026-03-22T18:24:08.477Z] Mapping candle data...
[2026-03-22T18:24:08.482Z] Long-term ATR (4H): 0.0013993939393939397
[2026-03-22T18:24:08.485Z] Calling analyze function...
[2026-03-22T18:24:08.497Z] Analyze function returned: Signal=HOLD, RSI=38.18, EMA=0.15728665363972846, ATR=0.0000621016158842728, Price=0.1572
[2026-03-22T18:24:08.501Z] Trend Direction: 15m=DOWN, 4h=DOWN
[2026-03-22T18:24:08.506Z] Starting multi-timeframe confirmation...
[2026-03-22T18:24:08.514Z] Adjusted position size with sentiment: 21.68722490
[2026-03-22T18:24:08.518Z] Type of dailyLossCheck: function
[2026-03-22T18:24:08.520Z] USDT available: 27.10903112
[2026-03-22T18:24:08.523Z] Calculated position size (USDT): 21.68722490
[2026-03-22T18:24:08.534Z] Last price: 0.1572
[2026-03-22T18:24:08.548Z] Calculated quantity: 137.95944590
[2026-03-22T18:24:08.595Z] No trade executed for XLMUSDT due to signal: HOLD
[2026-03-22T18:24:08.619Z] Mapping candle data...
[2026-03-22T18:24:08.633Z] Long-term ATR (4H): 3.549090909090902
[2026-03-22T18:24:08.635Z] Calling analyze function...
[2026-03-22T18:24:08.643Z] Analyze function returned: Signal=HOLD, RSI=38.22, EMA=629.9234900020494, ATR=0.13787777031496218, Price=629.64
[2026-03-22T18:24:08.649Z] Trend Direction: 15m=DOWN, 4h=DOWN
[2026-03-22T18:24:08.653Z] Starting multi-timeframe confirmation...
[2026-03-22T18:24:08.662Z] Adjusted position size with sentiment: 21.68722490
[2026-03-22T18:24:08.666Z] Type of dailyLossCheck: function
[2026-03-22T18:24:08.670Z] USDT available: 27.10903112
[2026-03-22T18:24:08.673Z] Calculated position size (USDT): 21.68722490
[2026-03-22T18:24:08.679Z] Last price: 629.64
[2026-03-22T18:24:08.681Z] Calculated quantity: 0.03444385
[2026-03-22T18:24:08.685Z] No trade executed for BNBUSDT due to signal: HOLD
[2026-03-22T18:24:08.693Z] Mapping candle data...
[2026-03-22T18:24:08.696Z] Long-term ATR (4H): 0.029111111111111112
[2026-03-22T18:24:08.699Z] Calling analyze function...
[2026-03-22T18:24:08.710Z] Analyze function returned: Signal=HOLD, RSI=38.53, EMA=2.380447803253879, ATR=0.0015248065649407028, Price=2.378
[2026-03-22T18:24:08.713Z] Trend Direction: 15m=DOWN, 4h=DOWN
[2026-03-22T18:24:08.716Z] Starting multi-timeframe confirmation...
[2026-03-22T18:24:08.722Z] Adjusted position size with sentiment: 21.68722490
[2026-03-22T18:24:08.728Z] Type of dailyLossCheck: function
[2026-03-22T18:24:08.731Z] USDT available: 27.10903112
[2026-03-22T18:24:08.734Z] Calculated position size (USDT): 21.68722490
[2026-03-22T18:24:08.742Z] Last price: 2.378
[2026-03-22T18:24:08.745Z] Calculated quantity: 9.11994319
[2026-03-22T18:24:08.747Z] No trade executed for ICPUSDT due to signal: HOLD
[2026-03-22T18:24:08.751Z] Mapping candle data...
[2026-03-22T18:24:08.756Z] Long-term ATR (4H): 0.01083939393939394
[2026-03-22T18:24:08.763Z] Calling analyze function...
[2026-03-22T18:24:08.767Z] Analyze function returned: Signal=HOLD, RSI=39.77, EMA=0.8717585786132953, ATR=0.00036758738757571057, Price=0.8713
[2026-03-22T18:24:08.772Z] Trend Direction: 15m=DOWN, 4h=DOWN
[2026-03-22T18:24:08.775Z] Starting multi-timeframe confirmation...
[2026-03-22T18:24:08.776Z] Adjusted position size with sentiment: 21.68722490
[2026-03-22T18:24:08.778Z] Type of dailyLossCheck: function
[2026-03-22T18:24:08.779Z] USDT available: 27.10903112
[2026-03-22T18:24:08.781Z] Calculated position size (USDT): 21.68722490
[2026-03-22T18:24:08.784Z] Last price: 0.8713
[2026-03-22T18:24:08.787Z] Calculated quantity: 24.89065178
[2026-03-22T18:24:08.790Z] No trade executed for FILUSDT due to signal: HOLD
[2026-03-22T18:24:08.794Z] Mapping candle data...
[2026-03-22T18:24:08.796Z] Long-term ATR (4H): 0.001144545454545452
[2026-03-22T18:24:08.798Z] Calling analyze function...
[2026-03-22T18:24:08.804Z] Analyze function returned: Signal=HOLD, RSI=47.7, EMA=0.317774262353769, ATR=0.0001552912849409308, Price=0.31769
[2026-03-22T18:24:08.806Z] Trend Direction: 15m=UP, 4h=UP
[2026-03-22T18:24:08.812Z] Starting multi-timeframe confirmation...
[2026-03-22T18:24:08.813Z] Adjusted position size with sentiment: 21.68722490
[2026-03-22T18:24:08.815Z] Type of dailyLossCheck: function
[2026-03-22T18:24:08.817Z] USDT available: 27.10903112
[2026-03-22T18:24:08.822Z] Calculated position size (USDT): 21.68722490
[2026-03-22T18:24:08.825Z] Last price: 0.31769
[2026-03-22T18:24:08.826Z] Calculated quantity: 68.26536843
[2026-03-22T18:24:08.828Z] No trade executed for TRXUSDT due to signal: HOLD
[2026-03-22T18:24:08.831Z] Mapping candle data...
[2026-03-22T18:24:08.834Z] Long-term ATR (4H): 0.8125555555555561
[2026-03-22T18:24:08.838Z] Calling analyze function...
[2026-03-22T18:24:08.843Z] Analyze function returned: Signal=HOLD, RSI=42.67, EMA=87.20679527479732, ATR=0.03618815141424134, Price=87.168
[2026-03-22T18:24:08.845Z] Trend Direction: 15m=DOWN, 4h=DOWN
[2026-03-22T18:24:08.850Z] Starting multi-timeframe confirmation...
[2026-03-22T18:24:08.852Z] Adjusted position size with sentiment: 21.68722490
[2026-03-22T18:24:08.854Z] Type of dailyLossCheck: function
[2026-03-22T18:24:08.856Z] USDT available: 27.10903112
[2026-03-22T18:24:08.858Z] Calculated position size (USDT): 21.68722490
[2026-03-22T18:24:08.859Z] Last price: 87.168
[2026-03-22T18:24:08.861Z] Calculated quantity: 0.24879801
[2026-03-22T18:24:08.864Z] No trade executed for SOLUSDT due to signal: HOLD
[2026-03-22T18:24:08.867Z] Mapping candle data...
[2026-03-22T18:24:08.874Z] Long-term ATR (4H): 18.462727272727296
[2026-03-22T18:24:08.877Z] Calling analyze function...
[2026-03-22T18:24:08.881Z] Analyze function returned: Signal=HOLD, RSI=43.32, EMA=2077.657928408776, ATR=0.8226124603572005, Price=2076.89
[2026-03-22T18:24:08.924Z] Trend Direction: 15m=DOWN, 4h=DOWN
[2026-03-22T18:24:08.970Z] Starting multi-timeframe confirmation...
[2026-03-22T18:24:09.068Z] Adjusted position size with sentiment: 21.68722490
[2026-03-22T18:24:09.168Z] Type of dailyLossCheck: function
[2026-03-22T18:24:09.198Z] USDT available: 27.10903112
[2026-03-22T18:24:09.202Z] Calculated position size (USDT): 21.68722490
[2026-03-22T18:24:09.209Z] Last price: 2076.89
[2026-03-22T18:24:09.213Z] Calculated quantity: 0.01044216
[2026-03-22T18:24:09.215Z] No trade executed for ETHUSDT due to signal: HOLD
[2026-03-22T18:24:09.219Z] Mapping candle data...
[2026-03-22T18:24:09.221Z] Long-term ATR (4H): 0.0009124242424242414
[2026-03-22T18:24:09.225Z] Calling analyze function...
[2026-03-22T18:24:09.230Z] Analyze function returned: Signal=HOLD, RSI=30.75, EMA=0.09119240952857091, ATR=0.000046176340940339735, Price=0.09107
[2026-03-22T18:24:09.234Z] Trend Direction: 15m=DOWN, 4h=DOWN
[2026-03-22T18:24:09.237Z] Starting multi-timeframe confirmation...
[2026-03-22T18:24:09.242Z] Adjusted position size with sentiment: 21.68722490
[2026-03-22T18:24:09.245Z] Type of dailyLossCheck: function
[2026-03-22T18:24:09.247Z] USDT available: 27.10903112
[2026-03-22T18:24:09.249Z] Calculated position size (USDT): 21.68722490
[2026-03-22T18:24:09.251Z] Last price: 0.09107
[2026-03-22T18:24:09.258Z] Calculated quantity: 238.13796965
[2026-03-22T18:24:09.261Z] No trade executed for DOGEUSDT due to signal: HOLD
[2026-03-22T18:25:13.466Z] runBot function started.
[2026-03-22T18:25:14.708Z] Connected to Deriv WebSocket API
[2026-03-22T18:25:15.289Z] Deriv API Authorized: VRTC6531638
[2026-03-22T18:25:15.291Z] Connected to Deriv API successfully.
[2026-03-22T18:25:16.522Z] Fetched Bitget contract configurations.
[2026-03-22T18:25:16.831Z] Fetched Deriv contract configurations.
[2026-03-22T18:25:16.834Z] Deriv Contract Configurations: {
  "WLDAUD": {
    "minTradeNum": 0.01,
    "pricePlace": 5
  },
  "frxAUDCAD": {
    "minTradeNum": 0.01,
    "pricePlace": 5
  },
  "frxAUDCHF": {
    "minTradeNum": 0.01,
    "pricePlace": 5
  },
  "frxAUDJPY": {
    "minTradeNum": 0.01,
    "pricePlace": 5
  },
  "frxAUDNZD": {
    "minTradeNum": 0.01,
    "pricePlace": 5
  },
  "frxAUDUSD": {
    "minTradeNum": 0.01,
    "pricePlace": 5
  },
  "OTC_AS51": {
    "minTradeNum": 0.01,
    "pricePlace": 5
  },
  "cryBTCUSD": {
    "minTradeNum": 0.01,
    "pricePlace": 5
  },
  "RDBEAR": {
    "minTradeNum": 0.01,
    "pricePlace": 5
  },
  "BOOM50": {
    "minTradeNum": 0.01,
    "pricePlace": 5
  },
  "BOOM150N": {
    "minTradeNum": 0.01,
    "pricePlace": 5
  },
  "BOOM300N": {
    "minTradeNum": 0.01,
    "pricePlace": 5
  },
  "BOOM500": {
    "minTradeNum": 0.01,
    "pricePlace": 5
  },
  "BOOM600": {
    "minTradeNum": 0.01,
    "pricePlace": 5
  },
  "BOOM900": {
    "minTradeNum": 0.01,
    "pricePlace": 5
  },
  "BOOM1000": {
    "minTradeNum": 0.01,
    "pricePlace": 5
  },
  "RDBULL": {
    "minTradeNum": 0.01,
    "pricePlace": 5
  },
  "CRASH50": {
    "minTradeNum": 0.01,
    "pricePlace": 5
  },
  "CRASH150N": {
    "minTradeNum": 0.01,
    "pricePlace": 5
  },
  "CRASH300N": {
    "minTradeNum": 0.01,
    "pricePlace": 5
  },
  "CRASH500": {
    "minTradeNum": 0.01,
    "pricePlace": 5
  },
  "CRASH600": {
    "minTradeNum": 0.01,
    "pricePlace": 5
  },
  "CRASH900": {
    "minTradeNum": 0.01,
    "pricePlace": 5
  },
  "CRASH1000": {
    "minTradeNum": 0.01,
    "pricePlace": 5
  },
  "cryETHUSD": {
    "minTradeNum": 0.01,
    "pricePlace": 5
  },
  "WLDEUR": {
    "minTradeNum": 0.01,
    "pricePlace": 5
  },
  "frxEURAUD": {
    "minTradeNum": 0.01,
    "pricePlace": 5
  },
  "frxEURCAD": {
    "minTradeNum": 0.01,
    "pricePlace": 5
  },
  "frxEURCHF": {
    "minTradeNum": 0.01,
    "pricePlace": 5
  },
  "frxEURGBP": {
    "minTradeNum": 0.01,
    "pricePlace": 5
  },
  "frxEURJPY": {
    "minTradeNum": 0.01,
    "pricePlace": 5
  },
  "frxEURNZD": {
    "minTradeNum": 0.01,
    "pricePlace": 5
  },
  "frxEURUSD": {
    "minTradeNum": 0.01,
    "pricePlace": 5
  },
  "OTC_SX5E": {
    "minTradeNum": 0.01,
    "pricePlace": 5
  },
  "OTC_FCHI": {
    "minTradeNum": 0.01,
    "pricePlace": 5
  },
  "WLDGBP": {
    "minTradeNum": 0.01,
    "pricePlace": 5
  },
  "frxGBPAUD": {
    "minTradeNum": 0.01,
    "pricePlace": 5
  },
  "frxGBPCAD": {
    "minTradeNum": 0.01,
    "pricePlace": 5
  },
  "frxGBPCHF": {
    "minTradeNum": 0.01,
    "pricePlace": 5
  },
  "frxGBPJPY": {
    "minTradeNum": 0.01,
    "pricePlace": 5
  },
  "frxGBPNOK": {
    "minTradeNum": 0.01,
    "pricePlace": 5
  },
  "frxGBPNZD": {
    "minTradeNum": 0.01,
    "pricePlace": 5
  },
  "frxGBPUSD": {
    "minTradeNum": 0.01,
    "pricePlace": 5
  },
  "OTC_GDAXI": {
    "minTradeNum": 0.01,
    "pricePlace": 5
  },
  "WLDXAU": {
    "minTradeNum": 0.01,
    "pricePlace": 5
  },
  "frxXAUUSD": {
    "minTradeNum": 0.01,
    "pricePlace": 5
  },
  "OTC_HSI": {
    "minTradeNum": 0.01,
    "pricePlace": 5
  },
  "OTC_N225": {
    "minTradeNum": 0.01,
    "pricePlace": 5
  },
  "JD10": {
    "minTradeNum": 0.01,
    "pricePlace": 5
  },
  "JD25": {
    "minTradeNum": 0.01,
    "pricePlace": 5
  },
  "JD50": {
    "minTradeNum": 0.01,
    "pricePlace": 5
  },
  "JD75": {
    "minTradeNum": 0.01,
    "pricePlace": 5
  },
  "JD100": {
    "minTradeNum": 0.01,
    "pricePlace": 5
  },
  "frxNZDJPY": {
    "minTradeNum": 0.01,
    "pricePlace": 5
  },
  "frxNZDUSD": {
    "minTradeNum": 0.01,
    "pricePlace": 5
  },
  "OTC_AEX": {
    "minTradeNum": 0.01,
    "pricePlace": 5
  },
  "frxXPDUSD": {
    "minTradeNum": 0.01,
    "pricePlace": 5
  },
  "frxXPTUSD": {
    "minTradeNum": 0.01,
    "pricePlace": 5
  },
  "RB100": {
    "minTradeNum": 0.01,
    "pricePlace": 5
  },
  "RB200": {
    "minTradeNum": 0.01,
    "pricePlace": 5
  },
  "frxXAGUSD": {
    "minTradeNum": 0.01,
    "pricePlace": 5
  },
  "stpRNG": {
    "minTradeNum": 0.01,
    "pricePlace": 5
  },
  "stpRNG2": {
    "minTradeNum": 0.01,
    "pricePlace": 5
  },
  "stpRNG3": {
    "minTradeNum": 0.01,
    "pricePlace": 5
  },
  "stpRNG4": {
    "minTradeNum": 0.01,
    "pricePlace": 5
  },
  "stpRNG5": {
    "minTradeNum": 0.01,
    "pricePlace": 5
  },
  "OTC_SSMI": {
    "minTradeNum": 0.01,
    "pricePlace": 5
  },
  "OTC_FTSE": {
    "minTradeNum": 0.01,
    "pricePlace": 5
  },
  "OTC_SPC": {
    "minTradeNum": 0.01,
    "pricePlace": 5
  },
  "OTC_NDX": {
    "minTradeNum": 0.01,
    "pricePlace": 5
  },
  "WLDUSD": {
    "minTradeNum": 0.01,
    "pricePlace": 5
  },
  "frxUSDCAD": {
    "minTradeNum": 0.01,
    "pricePlace": 5
  },
  "frxUSDCHF": {
    "minTradeNum": 0.01,
    "pricePlace": 5
  },
  "frxUSDJPY": {
    "minTradeNum": 0.01,
    "pricePlace": 5
  },
  "frxUSDMXN": {
    "minTradeNum": 0.01,
    "pricePlace": 5
  },
  "frxUSDNOK": {
    "minTradeNum": 0.01,
    "pricePlace": 5
  },
  "frxUSDPLN": {
    "minTradeNum": 0.01,
    "pricePlace": 5
  },
  "frxUSDSEK": {
    "minTradeNum": 0.01,
    "pricePlace": 5
  },
  "1HZ10V": {
    "minTradeNum": 0.01,
    "pricePlace": 5
  },
  "R_10": {
    "minTradeNum": 0.01,
    "pricePlace": 5
  },
  "1HZ15V": {
    "minTradeNum": 0.01,
    "pricePlace": 5
  },
  "1HZ25V": {
    "minTradeNum": 0.01,
    "pricePlace": 5
  },
  "R_25": {
    "minTradeNum": 0.01,
    "pricePlace": 5
  },
  "1HZ30V": {
    "minTradeNum": 0.01,
    "pricePlace": 5
  },
  "1HZ50V": {
    "minTradeNum": 0.01,
    "pricePlace": 5
  },
  "R_50": {
    "minTradeNum": 0.01,
    "pricePlace": 5
  },
  "1HZ75V": {
    "minTradeNum": 0.01,
    "pricePlace": 5
  },
  "R_75": {
    "minTradeNum": 0.01,
    "pricePlace": 5
  },
  "1HZ90V": {
    "minTradeNum": 0.01,
    "pricePlace": 5
  },
  "1HZ100V": {
    "minTradeNum": 0.01,
    "pricePlace": 5
  },
  "R_100": {
    "minTradeNum": 0.01,
    "pricePlace": 5
  },
  "OTC_DJI": {
    "minTradeNum": 0.01,
    "pricePlace": 5
  }
}
[2026-03-22T18:25:17.129Z] Skipping news sentiment fetch. Next fetch in approximately 3 minutes.
[2026-03-22T18:25:17.140Z] Entering symbol loop.
[2026-03-22T18:25:17.587Z] Fetched Bitget balances successfully.
[2026-03-22T18:25:17.868Z] Fetched Deriv balances successfully.
[2026-03-22T18:25:17.872Z] Initial balance set to: 27.11 USDT
[2026-03-22T18:25:17.897Z] Current Balance: 27.11 USDT, Initial Balance: 27.11 USDT, Peak Balance: 27.11 USDT
[2026-03-22T18:25:17.907Z] Daily Loss Percent: 0.00%, Total Drawdown Percent: 0.00%
[2026-03-22T18:25:17.926Z] Processing symbol: BTCUSDT
[2026-03-22T18:25:18.063Z] Fetching 1m candles for BTCUSDT
[2026-03-22T18:25:18.166Z] Processing symbol: ETHUSDT
[2026-03-22T18:25:18.196Z] Fetching 1m candles for ETHUSDT
[2026-03-22T18:25:18.220Z] Processing symbol: XRPUSDT
[2026-03-22T18:25:18.239Z] Fetching 1m candles for XRPUSDT
[2026-03-22T18:25:18.273Z] Processing symbol: ADAUSDT
[2026-03-22T18:25:18.286Z] Fetching 1m candles for ADAUSDT
[2026-03-22T18:25:18.299Z] Processing symbol: SOLUSDT
[2026-03-22T18:25:18.320Z] Fetching 1m candles for SOLUSDT
[2026-03-22T18:25:18.334Z] Processing symbol: DOGEUSDT
[2026-03-22T18:25:18.347Z] Fetching 1m candles for DOGEUSDT
[2026-03-22T18:25:18.365Z] Processing symbol: DOTUSDT
[2026-03-22T18:25:18.375Z] Fetching 1m candles for DOTUSDT
[2026-03-22T18:25:18.391Z] Processing symbol: LTCUSDT
[2026-03-22T18:25:18.408Z] Fetching 1m candles for LTCUSDT
[2026-03-22T18:25:18.448Z] Processing symbol: BCHUSDT
[2026-03-22T18:25:18.468Z] Fetching 1m candles for BCHUSDT
[2026-03-22T18:25:18.488Z] Processing symbol: LINKUSDT
[2026-03-22T18:25:18.648Z] Fetching 1m candles for LINKUSDT
[2026-03-22T18:25:18.676Z] Processing symbol: TRXUSDT
[2026-03-22T18:25:18.721Z] Fetching 1m candles for TRXUSDT
[2026-03-22T18:25:18.740Z] Processing symbol: UNIUSDT
[2026-03-22T18:25:18.783Z] Fetching 1m candles for UNIUSDT
[2026-03-22T18:25:18.805Z] Processing symbol: AVAXUSDT
[2026-03-22T18:25:18.813Z] Fetching 1m candles for AVAXUSDT
[2026-03-22T18:25:18.822Z] Processing symbol: ETCUSDT
[2026-03-22T18:25:18.826Z] Fetching 1m candles for ETCUSDT
[2026-03-22T18:25:18.829Z] Processing symbol: XLMUSDT
[2026-03-22T18:25:18.833Z] Fetching 1m candles for XLMUSDT
[2026-03-22T18:25:18.834Z] Processing symbol: FILUSDT
[2026-03-22T18:25:18.837Z] Fetching 1m candles for FILUSDT
[2026-03-22T18:25:18.841Z] Processing symbol: ICPUSDT
[2026-03-22T18:25:18.846Z] Fetching 1m candles for ICPUSDT
[2026-03-22T18:25:18.861Z] Processing symbol: VETUSDT
[2026-03-22T18:25:18.866Z] Fetching 1m candles for VETUSDT
[2026-03-22T18:25:18.872Z] Processing symbol: BNBUSDT
[2026-03-22T18:25:18.877Z] Fetching 1m candles for BNBUSDT
[2026-03-22T18:25:18.882Z] Processing symbol: OPUSDT
[2026-03-22T18:25:18.887Z] Fetching 1m candles for OPUSDT
[2026-03-22T18:25:18.890Z] Processing symbol: frxXAUUSD
[2026-03-22T18:25:18.892Z] Fetching 1m candles for frxXAUUSD
[2026-03-22T18:25:18.896Z] DEBUG: getCandles called for symbol: frxXAUUSD, timeframe: 1m
[2026-03-22T18:25:18.901Z] Processing symbol: frxXAGUSD
[2026-03-22T18:25:18.905Z] Fetching 1m candles for frxXAGUSD
[2026-03-22T18:25:18.909Z] DEBUG: getCandles called for symbol: frxXAGUSD, timeframe: 1m
[2026-03-22T18:25:18.915Z] Processing symbol: frxXPTUSD
[2026-03-22T18:25:18.920Z] Fetching 1m candles for frxXPTUSD
[2026-03-22T18:25:18.927Z] DEBUG: getCandles called for symbol: frxXPTUSD, timeframe: 1m
[2026-03-22T18:25:18.932Z] Processing symbol: frxXPDUSD
[2026-03-22T18:25:18.938Z] Fetching 1m candles for frxXPDUSD
[2026-03-22T18:25:18.947Z] DEBUG: getCandles called for symbol: frxXPDUSD, timeframe: 1m
[2026-03-22T18:25:18.957Z] Processing symbol: frxAUDUSD
[2026-03-22T18:25:18.964Z] Fetching 1m candles for frxAUDUSD
[2026-03-22T18:25:18.967Z] DEBUG: getCandles called for symbol: frxAUDUSD, timeframe: 1m
[2026-03-22T18:25:18.971Z] Processing symbol: frxEURUSD
[2026-03-22T18:25:18.977Z] Fetching 1m candles for frxEURUSD
[2026-03-22T18:25:18.982Z] DEBUG: getCandles called for symbol: frxEURUSD, timeframe: 1m
[2026-03-22T18:25:18.987Z] Processing symbol: frxGBPUSD
[2026-03-22T18:25:18.993Z] Fetching 1m candles for frxGBPUSD
[2026-03-22T18:25:18.997Z] DEBUG: getCandles called for symbol: frxGBPUSD, timeframe: 1m
[2026-03-22T18:25:19.008Z] Processing symbol: frxUSDJPY
[2026-03-22T18:25:19.043Z] Fetching 1m candles for frxUSDJPY
[2026-03-22T18:25:19.050Z] DEBUG: getCandles called for symbol: frxUSDJPY, timeframe: 1m
[2026-03-22T18:25:19.053Z] Processing symbol: frxUSDCAD
[2026-03-22T18:25:19.054Z] Fetching 1m candles for frxUSDCAD
[2026-03-22T18:25:19.057Z] DEBUG: getCandles called for symbol: frxUSDCAD, timeframe: 1m
[2026-03-22T18:25:19.059Z] Processing symbol: frxUSDCHF
[2026-03-22T18:25:19.061Z] Fetching 1m candles for frxUSDCHF
[2026-03-22T18:25:19.062Z] DEBUG: getCandles called for symbol: frxUSDCHF, timeframe: 1m
[2026-03-22T18:25:19.064Z] Processing symbol: frxAUDCAD
[2026-03-22T18:25:19.067Z] Fetching 1m candles for frxAUDCAD
[2026-03-22T18:25:19.068Z] DEBUG: getCandles called for symbol: frxAUDCAD, timeframe: 1m
[2026-03-22T18:25:19.070Z] Processing symbol: frxAUDCHF
[2026-03-22T18:25:19.071Z] Fetching 1m candles for frxAUDCHF
[2026-03-22T18:25:19.073Z] DEBUG: getCandles called for symbol: frxAUDCHF, timeframe: 1m
[2026-03-22T18:25:19.076Z] Processing symbol: frxAUDJPY
[2026-03-22T18:25:19.078Z] Fetching 1m candles for frxAUDJPY
[2026-03-22T18:25:19.080Z] DEBUG: getCandles called for symbol: frxAUDJPY, timeframe: 1m
[2026-03-22T18:25:19.082Z] Processing symbol: frxAUDNZD
[2026-03-22T18:25:19.083Z] Fetching 1m candles for frxAUDNZD
[2026-03-22T18:25:19.085Z] DEBUG: getCandles called for symbol: frxAUDNZD, timeframe: 1m
[2026-03-22T18:25:19.090Z] Processing symbol: frxEURAUD
[2026-03-22T18:25:19.092Z] Fetching 1m candles for frxEURAUD
[2026-03-22T18:25:19.094Z] DEBUG: getCandles called for symbol: frxEURAUD, timeframe: 1m
[2026-03-22T18:25:19.096Z] Processing symbol: frxEURCAD
[2026-03-22T18:25:19.097Z] Fetching 1m candles for frxEURCAD
[2026-03-22T18:25:19.100Z] DEBUG: getCandles called for symbol: frxEURCAD, timeframe: 1m
[2026-03-22T18:25:19.103Z] Processing symbol: frxEURCHF
[2026-03-22T18:25:19.105Z] Fetching 1m candles for frxEURCHF
[2026-03-22T18:25:19.107Z] DEBUG: getCandles called for symbol: frxEURCHF, timeframe: 1m
[2026-03-22T18:25:19.109Z] Processing symbol: frxEURGBP
[2026-03-22T18:25:19.110Z] Fetching 1m candles for frxEURGBP
[2026-03-22T18:25:19.112Z] DEBUG: getCandles called for symbol: frxEURGBP, timeframe: 1m
[2026-03-22T18:25:19.115Z] Processing symbol: frxEURJPY
[2026-03-22T18:25:19.117Z] Fetching 1m candles for frxEURJPY
[2026-03-22T18:25:19.118Z] DEBUG: getCandles called for symbol: frxEURJPY, timeframe: 1m
[2026-03-22T18:25:19.120Z] Processing symbol: frxEURNZD
[2026-03-22T18:25:19.124Z] Fetching 1m candles for frxEURNZD
[2026-03-22T18:25:19.128Z] DEBUG: getCandles called for symbol: frxEURNZD, timeframe: 1m
[2026-03-22T18:25:19.137Z] Processing symbol: frxGBPAUD
[2026-03-22T18:25:19.147Z] Fetching 1m candles for frxGBPAUD
[2026-03-22T18:25:19.158Z] DEBUG: getCandles called for symbol: frxGBPAUD, timeframe: 1m
[2026-03-22T18:25:19.169Z] Processing symbol: frxGBPCAD
[2026-03-22T18:25:19.172Z] Fetching 1m candles for frxGBPCAD
[2026-03-22T18:25:19.177Z] DEBUG: getCandles called for symbol: frxGBPCAD, timeframe: 1m
[2026-03-22T18:25:19.180Z] Processing symbol: frxGBPCHF
[2026-03-22T18:25:19.183Z] Fetching 1m candles for frxGBPCHF
[2026-03-22T18:25:19.186Z] DEBUG: getCandles called for symbol: frxGBPCHF, timeframe: 1m
[2026-03-22T18:25:19.188Z] Processing symbol: frxGBPJPY
[2026-03-22T18:25:19.192Z] Fetching 1m candles for frxGBPJPY
[2026-03-22T18:25:19.195Z] DEBUG: getCandles called for symbol: frxGBPJPY, timeframe: 1m
[2026-03-22T18:25:19.198Z] Processing symbol: frxGBPNOK
[2026-03-22T18:25:19.202Z] Fetching 1m candles for frxGBPNOK
[2026-03-22T18:25:19.205Z] DEBUG: getCandles called for symbol: frxGBPNOK, timeframe: 1m
[2026-03-22T18:25:19.208Z] Processing symbol: frxGBPNZD
[2026-03-22T18:25:19.211Z] Fetching 1m candles for frxGBPNZD
[2026-03-22T18:25:19.213Z] DEBUG: getCandles called for symbol: frxGBPNZD, timeframe: 1m
[2026-03-22T18:25:19.217Z] Processing symbol: frxNZDJPY
[2026-03-22T18:25:19.229Z] Fetching 1m candles for frxNZDJPY
[2026-03-22T18:25:19.235Z] DEBUG: getCandles called for symbol: frxNZDJPY, timeframe: 1m
[2026-03-22T18:25:19.257Z] Processing symbol: frxNZDUSD
[2026-03-22T18:25:19.298Z] Fetching 1m candles for frxNZDUSD
[2026-03-22T18:25:19.365Z] DEBUG: getCandles called for symbol: frxNZDUSD, timeframe: 1m
[2026-03-22T18:25:19.441Z] Processing symbol: frxUSDMXN
[2026-03-22T18:25:19.514Z] Fetching 1m candles for frxUSDMXN
[2026-03-22T18:25:19.549Z] DEBUG: getCandles called for symbol: frxUSDMXN, timeframe: 1m
[2026-03-22T18:25:19.596Z] Processing symbol: frxUSDNOK
[2026-03-22T18:25:19.605Z] Fetching 1m candles for frxUSDNOK
[2026-03-22T18:25:19.623Z] DEBUG: getCandles called for symbol: frxUSDNOK, timeframe: 1m
[2026-03-22T18:25:19.654Z] Processing symbol: frxUSDPLN
[2026-03-22T18:25:19.665Z] Fetching 1m candles for frxUSDPLN
[2026-03-22T18:25:19.675Z] DEBUG: getCandles called for symbol: frxUSDPLN, timeframe: 1m
[2026-03-22T18:25:19.695Z] Processing symbol: frxUSDSEK
[2026-03-22T18:25:19.709Z] Fetching 1m candles for frxUSDSEK
[2026-03-22T18:25:19.717Z] DEBUG: getCandles called for symbol: frxUSDSEK, timeframe: 1m
[2026-03-22T18:25:20.146Z] Fetched 1m candles for BTCUSDT. Sample: [["1774197960000","68699","68726.3","68699","68726.3","3.8981","267853.10188"],["1774198020000","68726.3","68764.1","68726.3","68746","9.7929","673277.29965"]]
[2026-03-22T18:25:20.149Z] Fetching 15m candles for BTCUSDT
[2026-03-22T18:25:20.454Z] Fetched 1m candles for frxXAUUSD. Sample: [[1774034160000,4507.11,4507.11,4500.65,4501.53],[1774034220000,4501.79,4502.89,4493.47,4499.96]]
[2026-03-22T18:25:20.459Z] Fetching 15m candles for frxXAUUSD
[2026-03-22T18:25:20.461Z] DEBUG: getCandles called for symbol: frxXAUUSD, timeframe: 15m
[2026-03-22T18:25:20.467Z] Fetched 1m candles for frxXPDUSD. Sample: [[1774034160000,1412.38,1413.97,1412.06,1412.16],[1774034220000,1412.16,1412.93,1411.53,1412.58]]
[2026-03-22T18:25:20.479Z] Fetching 15m candles for frxXPDUSD
[2026-03-22T18:25:20.482Z] DEBUG: getCandles called for symbol: frxXPDUSD, timeframe: 15m
[2026-03-22T18:25:20.497Z] Fetched 1m candles for frxEURUSD. Sample: [[1774034160000,1.15545,1.15549,1.15527,1.15529],[1774034220000,1.1553,1.15559,1.15526,1.15555]]
[2026-03-22T18:25:20.524Z] Fetching 15m candles for frxEURUSD
[2026-03-22T18:25:20.542Z] DEBUG: getCandles called for symbol: frxEURUSD, timeframe: 15m
[2026-03-22T18:25:20.570Z] Fetched 1m candles for frxEURJPY. Sample: [[1774034160000,184.063,184.066,184.048,184.05],[1774034220000,184.049,184.086,184.048,184.082]]
[2026-03-22T18:25:20.580Z] Fetching 15m candles for frxEURJPY
[2026-03-22T18:25:20.587Z] DEBUG: getCandles called for symbol: frxEURJPY, timeframe: 15m
[2026-03-22T18:25:20.595Z] Fetched 1m candles for frxEURCAD. Sample: [[1774034160000,1.58511,1.58523,1.58497,1.58499],[1774034220000,1.58498,1.58519,1.58498,1.58514]]
[2026-03-22T18:25:20.604Z] Fetching 15m candles for frxEURCAD
[2026-03-22T18:25:20.611Z] DEBUG: getCandles called for symbol: frxEURCAD, timeframe: 15m
[2026-03-22T18:25:20.626Z] Fetched 1m candles for frxGBPAUD. Sample: [[1774034160000,1.90102,1.90122,1.90101,1.90116],[1774034220000,1.90114,1.90146,1.90106,1.90115]]
[2026-03-22T18:25:20.654Z] Fetching 15m candles for frxGBPAUD
[2026-03-22T18:25:20.661Z] DEBUG: getCandles called for symbol: frxGBPAUD, timeframe: 15m
[2026-03-22T18:25:20.678Z] Fetched 1m candles for frxXAGUSD. Sample: [[1774034160000,68.1775,68.1827,68.062,68.072],[1774034220000,68.0877,68.1249,67.958,68.0762]]
[2026-03-22T18:25:20.694Z] Fetching 15m candles for frxXAGUSD
[2026-03-22T18:25:20.707Z] DEBUG: getCandles called for symbol: frxXAGUSD, timeframe: 15m
[2026-03-22T18:25:20.719Z] Fetched 1m candles for LTCUSDT. Sample: [["1774197960000","54.05","54.09","54.05","54.09","77.6","4196.095"],["1774198020000","54.09","54.12","54.08","54.09","33.4","1806.765"]]
[2026-03-22T18:25:20.765Z] Fetching 15m candles for LTCUSDT
[2026-03-22T18:25:20.845Z] Fetched 1m candles for frxAUDJPY. Sample: [[1774034160000,111.735,111.735,111.716,111.72],[1774034220000,111.721,111.731,111.698,111.723]]
[2026-03-22T18:25:20.848Z] Fetching 15m candles for frxAUDJPY
[2026-03-22T18:25:20.850Z] DEBUG: getCandles called for symbol: frxAUDJPY, timeframe: 15m
[2026-03-22T18:25:20.874Z] Fetched 1m candles for FILUSDT. Sample: [["1774197960000","0.8756","0.8765","0.8756","0.8765","784.3","687.21473"],["1774198020000","0.8765","0.8777","0.8765","0.8771","7382.4","6477.44829"]]
[2026-03-22T18:25:20.876Z] Fetching 15m candles for FILUSDT
[2026-03-22T18:25:20.886Z] Fetched 1m candles for DOTUSDT. Sample: [["1774197960000","1.431","1.432","1.431","1.431","8927","12779.014"],["1774198020000","1.431","1.434","1.431","1.434","4115","5900.604"]]
[2026-03-22T18:25:20.890Z] Fetching 15m candles for DOTUSDT
[2026-03-22T18:25:20.896Z] Fetched 1m candles for ICPUSDT. Sample: [["1774197960000","2.384","2.385","2.384","2.385","335.4","799.929"],["1774198020000","2.385","2.388","2.385","2.388","1357.61","3240.83995"]]
[2026-03-22T18:25:20.899Z] Fetching 15m candles for ICPUSDT
[2026-03-22T18:25:20.903Z] Fetched 1m candles for ETCUSDT. Sample: [["1774197960000","8.112","8.112","8.112","8.112","0","0"],["1774198020000","8.112","8.125","8.112","8.117","26","211.162"]]
[2026-03-22T18:25:20.909Z] Fetching 15m candles for ETCUSDT
[2026-03-22T18:25:20.914Z] Fetched 1m candles for UNIUSDT. Sample: [["1774197960000","3.479","3.483","3.479","3.483","36","125.313"],["1774198020000","3.483","3.486","3.483","3.486","2","6.972"]]
[2026-03-22T18:25:20.917Z] Fetching 15m candles for UNIUSDT
[2026-03-22T18:25:20.920Z] Fetched 1m candles for frxXPTUSD. Sample: [[1774034160000,1924.14,1925.44,1923.24,1923.52],[1774034220000,1923.64,1926.4,1922.42,1924.01]]
[2026-03-22T18:25:20.961Z] Fetching 15m candles for frxXPTUSD
[2026-03-22T18:25:20.967Z] DEBUG: getCandles called for symbol: frxXPTUSD, timeframe: 15m
[2026-03-22T18:25:20.977Z] Fetched 1m candles for SOLUSDT. Sample: [["1774197960000","87.31","87.378","87.31","87.378","772.9","67510.327"],["1774198020000","87.378","87.449","87.378","87.382","910.5","79597.4246"]]
[2026-03-22T18:25:20.985Z] Fetching 15m candles for SOLUSDT
[2026-03-22T18:25:21.001Z] Fetched 1m candles for LINKUSDT. Sample: [["1774197960000","8.77","8.782","8.77","8.781","1549","13592.855"],["1774198020000","8.781","8.783","8.779","8.779","108","948.198"]]
[2026-03-22T18:25:21.005Z] Fetching 15m candles for LINKUSDT
[2026-03-22T18:25:21.009Z] Fetched 1m candles for TRXUSDT. Sample: [["1774197960000","0.31622","0.31622","0.31596","0.31609","32757","10350.4745"],["1774198020000","0.31609","0.31618","0.31609","0.31617","9241","2921.73009"]]
[2026-03-22T18:25:21.018Z] Fetching 15m candles for TRXUSDT
[2026-03-22T18:25:21.032Z] Fetched 1m candles for BNBUSDT. Sample: [["1774197960000","629.41","629.73","629.41","629.73","0.57","358.8657"],["1774198020000","629.73","630.07","629.73","629.88","1.3","818.8969"]]
[2026-03-22T18:25:21.043Z] Fetching 15m candles for BNBUSDT
[2026-03-22T18:25:21.053Z] Fetched 1m candles for DOGEUSDT. Sample: [["1774197960000","0.0915","0.09162","0.0915","0.09162","161570","14794.48803"],["1774198020000","0.09162","0.09171","0.09158","0.09158","86520","7929.53543"]]
[2026-03-22T18:25:21.057Z] Fetching 15m candles for DOGEUSDT
[2026-03-22T18:25:21.064Z] Fetched 1m candles for BCHUSDT. Sample: [["1774197960000","468.34","468.65","468.34","468.65","15.03","7040.7527"],["1774198020000","468.65","468.93","468.52","468.52","6.85","3210.7246"]]
[2026-03-22T18:25:21.069Z] Fetching 15m candles for BCHUSDT
[2026-03-22T18:25:21.078Z] Fetched 1m candles for ETHUSDT. Sample: [["1774197960000","2079.16","2080.45","2079.16","2080.45","169.28","352030.9119"],["1774198020000","2080.45","2081.55","2080.26","2080.69","55.68","115872.4907"]]
[2026-03-22T18:25:21.082Z] Fetching 15m candles for ETHUSDT
[2026-03-22T18:25:21.085Z] Fetched 1m candles for XLMUSDT. Sample: [["1774197960000","0.15887","0.15906","0.15887","0.15906","5945","945.33381"],["1774198020000","0.15906","0.15919","0.15628","0.1575","4445589","701731.32951"]]
[2026-03-22T18:25:21.090Z] Fetching 15m candles for XLMUSDT
[2026-03-22T18:25:21.094Z] Fetched 1m candles for AVAXUSDT. Sample: [["1774197960000","9.078","9.084","9.078","9.084","18.2","165.292"],["1774198020000","9.084","9.091","9.084","9.085","67.4","612.6074"]]
[2026-03-22T18:25:21.097Z] Fetching 15m candles for AVAXUSDT
[2026-03-22T18:25:21.100Z] Fetched 1m candles for ADAUSDT. Sample: [["1774197960000","0.2541","0.2546","0.2541","0.2544","376053","95642.118"],["1774198020000","0.2544","0.2547","0.2544","0.2545","96798","24648.083"]]
[2026-03-22T18:25:21.102Z] Fetching 15m candles for ADAUSDT
[2026-03-22T18:25:21.105Z] Fetched 1m candles for OPUSDT. Sample: [["1774197960000","0.1157","0.1159","0.1157","0.1159","10062.4","1165.58857"],["1774198020000","0.1159","0.116","0.1159","0.116","16752.1","1943.2436"]]
[2026-03-22T18:25:21.110Z] Fetching 15m candles for OPUSDT
[2026-03-22T18:25:21.117Z] Fetched 1m candles for VETUSDT. Sample: [["1774197960000","0.006941","0.006948","0.006941","0.006948","49432","343.325031"],["1774198020000","0.006948","0.006956","0.006948","0.006952","26177","182.02662"]]
[2026-03-22T18:25:21.119Z] Fetching 15m candles for VETUSDT
[2026-03-22T18:25:21.138Z] Fetching 4H candles for BTCUSDT
[2026-03-22T18:25:21.141Z] Fetched 1m candles for XRPUSDT. Sample: [["1774197960000","1.3931","1.394","1.3928","1.394","19635","27359.4548"],["1774198020000","1.394","1.3947","1.3933","1.3935","302954","422346.7263"]]
[2026-03-22T18:25:21.151Z] Fetching 15m candles for XRPUSDT
[2026-03-22T18:25:21.164Z] Fetched 1m candles for frxUSDCHF. Sample: [[1774034160000,0.78843,0.78856,0.78839,0.78855],[1774034220000,0.78855,0.7886,0.78837,0.78841]]
[2026-03-22T18:25:21.170Z] Fetching 15m candles for frxUSDCHF
[2026-03-22T18:25:21.175Z] DEBUG: getCandles called for symbol: frxUSDCHF, timeframe: 15m
[2026-03-22T18:25:21.183Z] Fetched 1m candles for frxAUDUSD. Sample: [[1774034160000,0.70142,0.70143,0.70125,0.70128],[1774034220000,0.70129,0.70139,0.70109,0.70133]]
[2026-03-22T18:25:21.186Z] Fetching 15m candles for frxAUDUSD
[2026-03-22T18:25:21.191Z] DEBUG: getCandles called for symbol: frxAUDUSD, timeframe: 15m
[2026-03-22T18:25:21.199Z] Fetched 1m candles for frxEURCHF. Sample: [[1774034160000,0.91098,0.911,0.91096,0.911],[1774034220000,0.91102,0.91107,0.91099,0.91105]]
[2026-03-22T18:25:21.205Z] Fetching 15m candles for frxEURCHF
[2026-03-22T18:25:21.208Z] DEBUG: getCandles called for symbol: frxEURCHF, timeframe: 15m
[2026-03-22T18:25:21.216Z] Fetched 1m candles for frxEURAUD. Sample: [[1774034160000,1.64731,1.64747,1.64731,1.64741],[1774034220000,1.6474,1.64785,1.6474,1.64766]]
[2026-03-22T18:25:21.222Z] Fetching 15m candles for frxEURAUD
[2026-03-22T18:25:21.224Z] DEBUG: getCandles called for symbol: frxEURAUD, timeframe: 15m
[2026-03-22T18:25:21.236Z] Fetched 1m candles for frxGBPJPY. Sample: [[1774034160000,212.412,212.419,212.39,212.397],[1774034220000,212.397,212.408,212.38,212.401]]
[2026-03-22T18:25:21.241Z] Fetching 15m candles for frxGBPJPY
[2026-03-22T18:25:21.243Z] DEBUG: getCandles called for symbol: frxGBPJPY, timeframe: 15m
[2026-03-22T18:25:21.249Z] Fetched 1m candles for frxUSDPLN. Sample: [[1774034160000,3.7022,3.7024,3.7014,3.7021],[1774034220000,3.7021,3.7025,3.7018,3.702]]
[2026-03-22T18:25:21.253Z] Fetching 15m candles for frxUSDPLN
[2026-03-22T18:25:21.258Z] DEBUG: getCandles called for symbol: frxUSDPLN, timeframe: 15m
[2026-03-22T18:25:21.268Z] Fetched 1m candles for frxEURGBP. Sample: [[1774034160000,0.86655,0.86655,0.86652,0.86653],[1774034220000,0.86654,0.86667,0.86654,0.86666]]
[2026-03-22T18:25:21.273Z] Fetching 15m candles for frxEURGBP
[2026-03-22T18:25:21.276Z] DEBUG: getCandles called for symbol: frxEURGBP, timeframe: 15m
[2026-03-22T18:25:21.290Z] Fetched 1m candles for frxGBPCAD. Sample: [[1774034160000,1.82922,1.82939,1.82903,1.8291],[1774034220000,1.8291,1.82913,1.82898,1.82901]]
[2026-03-22T18:25:21.296Z] Fetching 15m candles for frxGBPCAD
[2026-03-22T18:25:21.301Z] DEBUG: getCandles called for symbol: frxGBPCAD, timeframe: 15m
[2026-03-22T18:25:21.331Z] Fetched 1m candles for frxAUDCAD. Sample: [[1774034160000,0.96226,0.96231,0.96206,0.9621],[1774034220000,0.96212,0.96214,0.96193,0.96206]]
[2026-03-22T18:25:21.334Z] Fetching 15m candles for frxAUDCAD
[2026-03-22T18:25:21.337Z] DEBUG: getCandles called for symbol: frxAUDCAD, timeframe: 15m
[2026-03-22T18:25:21.347Z] Fetched 1m candles for frxUSDCAD. Sample: [[1774034160000,1.37194,1.372,1.37192,1.37198],[1774034220000,1.37199,1.3721,1.3718,1.37182]]
[2026-03-22T18:25:21.350Z] Fetching 15m candles for frxUSDCAD
[2026-03-22T18:25:21.351Z] DEBUG: getCandles called for symbol: frxUSDCAD, timeframe: 15m
[2026-03-22T18:25:21.358Z] Fetched 1m candles for frxGBPUSD. Sample: [[1774034160000,1.3334,1.33348,1.33319,1.33323],[1774034220000,1.33324,1.33339,1.33305,1.33335]]
[2026-03-22T18:25:21.363Z] Fetching 15m candles for frxGBPUSD
[2026-03-22T18:25:21.367Z] DEBUG: getCandles called for symbol: frxGBPUSD, timeframe: 15m
[2026-03-22T18:25:21.373Z] Fetched 1m candles for frxEURNZD. Sample: [[1774034160000,1.98414,1.9845,1.98414,1.98442],[1774034220000,1.98442,1.98472,1.98432,1.98447]]
[2026-03-22T18:25:21.381Z] Fetching 15m candles for frxEURNZD
[2026-03-22T18:25:21.384Z] DEBUG: getCandles called for symbol: frxEURNZD, timeframe: 15m
[2026-03-22T18:25:21.391Z] Fetched 1m candles for frxGBPCHF. Sample: [[1774034160000,1.05128,1.05131,1.05125,1.05131],[1774034220000,1.05133,1.05133,1.05119,1.05121]]
[2026-03-22T18:25:21.397Z] Fetching 15m candles for frxGBPCHF
[2026-03-22T18:25:21.399Z] DEBUG: getCandles called for symbol: frxGBPCHF, timeframe: 15m
[2026-03-22T18:25:21.403Z] Fetched 1m candles for frxGBPNZD. Sample: [[1774034160000,2.28974,2.29018,2.28974,2.29005],[1774034220000,2.29004,2.29015,2.28959,2.28975]]
[2026-03-22T18:25:21.405Z] Fetching 15m candles for frxGBPNZD
[2026-03-22T18:25:21.407Z] DEBUG: getCandles called for symbol: frxGBPNZD, timeframe: 15m
[2026-03-22T18:25:21.414Z] Fetched 1m candles for frxAUDNZD. Sample: [[1774034160000,1.20446,1.20464,1.20444,1.20457],[1774034220000,1.20458,1.20458,1.20436,1.20441]]
[2026-03-22T18:25:21.419Z] Fetching 15m candles for frxAUDNZD
[2026-03-22T18:25:21.424Z] DEBUG: getCandles called for symbol: frxAUDNZD, timeframe: 15m
[2026-03-22T18:25:21.446Z] Fetched 1m candles for frxNZDUSD. Sample: [[1774034160000,0.58234,0.58234,0.58216,0.58218],[1774034220000,0.58219,0.58236,0.5821,0.5823]]
[2026-03-22T18:25:21.580Z] Fetching 15m candles for frxNZDUSD
[2026-03-22T18:25:21.677Z] DEBUG: getCandles called for symbol: frxNZDUSD, timeframe: 15m
[2026-03-22T18:25:21.797Z] Fetched 1m candles for frxAUDCHF. Sample: [[1774034160000,0.55301,0.55301,0.55296,0.55299],[1774034220000,0.553,0.553,0.55288,0.55293]]
[2026-03-22T18:25:21.801Z] Fetching 15m candles for frxAUDCHF
[2026-03-22T18:25:21.806Z] DEBUG: getCandles called for symbol: frxAUDCHF, timeframe: 15m
[2026-03-22T18:25:21.819Z] Fetching 4H candles for DOTUSDT
[2026-03-22T18:25:21.842Z] Fetching 4H candles for LTCUSDT
[2026-03-22T18:25:21.851Z] Fetching 4H candles for UNIUSDT
[2026-03-22T18:25:21.865Z] Fetching 4H candles for ICPUSDT
[2026-03-22T18:25:21.880Z] Fetching 4H candles for FILUSDT
[2026-03-22T18:25:21.891Z] Fetching 4H candles for SOLUSDT
[2026-03-22T18:25:21.897Z] Fetching 4H candles for ETCUSDT
[2026-03-22T18:25:21.914Z] Fetching 4H candles for LINKUSDT
[2026-03-22T18:25:21.917Z] Fetching 4H candles for TRXUSDT
[2026-03-22T18:25:21.930Z] Fetching 4H candles for BNBUSDT
[2026-03-22T18:25:21.951Z] Fetching 4H candles for DOGEUSDT
[2026-03-22T18:25:21.999Z] Fetching 4H candles for BCHUSDT
[2026-03-22T18:25:22.012Z] Fetching 4H candles for ETHUSDT
[2026-03-22T18:25:22.020Z] Fetching 4H candles for OPUSDT
[2026-03-22T18:25:22.031Z] Fetching 4H candles for ADAUSDT
[2026-03-22T18:25:22.034Z] Fetching 4H candles for AVAXUSDT
[2026-03-22T18:25:22.043Z] Fetching 4H candles for VETUSDT
[2026-03-22T18:25:22.047Z] Fetching 4H candles for XLMUSDT
[2026-03-22T18:25:22.058Z] Fetching 4H candles for XRPUSDT
[2026-03-22T18:25:22.063Z] Fetched 1m candles for frxNZDJPY. Sample: [[1774034160000,92.767,92.767,92.744,92.747],[1774034220000,92.747,92.768,92.738,92.761]]
[2026-03-22T18:25:22.065Z] Fetching 15m candles for frxNZDJPY
[2026-03-22T18:25:22.072Z] DEBUG: getCandles called for symbol: frxNZDJPY, timeframe: 15m
[2026-03-22T18:25:22.082Z] Mapping candle data...
[2026-03-22T18:25:22.212Z] Long-term ATR (4H): 461.41919191919163
[2026-03-22T18:25:22.314Z] Calling analyze function...
[2026-03-22T18:25:22.389Z] Analyze function returned: Signal=HOLD, RSI=44.12, EMA=68656.76969695021, ATR=20.918386024301622, Price=68640.8
[2026-03-22T18:25:22.393Z] Trend Direction: 15m=DOWN, 4h=DOWN
[2026-03-22T18:25:22.402Z] Starting multi-timeframe confirmation...
[2026-03-22T18:25:22.450Z] Adjusted position size with sentiment: 21.68722490
[2026-03-22T18:25:22.460Z] Type of dailyLossCheck: function
[2026-03-22T18:25:22.489Z] USDT available: 27.10903112
[2026-03-22T18:25:22.518Z] Calculated position size (USDT): 21.68722490
[2026-03-22T18:25:22.535Z] Last price: 68640.8
[2026-03-22T18:25:22.594Z] Calculated quantity: 0.00031595
[2026-03-22T18:25:22.732Z] No trade executed for BTCUSDT due to signal: HOLD
[2026-03-22T18:25:22.798Z] Fetched 1m candles for frxUSDMXN. Sample: [[1774034160000,17.9575,17.961,17.9554,17.9603],[1774034220000,17.9604,17.9624,17.954,17.9556]]
[2026-03-22T18:25:22.807Z] Fetching 15m candles for frxUSDMXN
[2026-03-22T18:25:22.811Z] DEBUG: getCandles called for symbol: frxUSDMXN, timeframe: 15m
[2026-03-22T18:25:22.819Z] Mapping candle data...
[2026-03-22T18:25:22.822Z] Long-term ATR (4H): 0.01543434343434343
[2026-03-22T18:25:22.826Z] Calling analyze function...
[2026-03-22T18:25:22.831Z] Analyze function returned: Signal=HOLD, RSI=35.45, EMA=1.432838118444205, ATR=0.0006079170822855551, Price=1.431
[2026-03-22T18:25:22.836Z] Trend Direction: 15m=DOWN, 4h=DOWN
[2026-03-22T18:25:22.840Z] Starting multi-timeframe confirmation...
[2026-03-22T18:25:22.843Z] Adjusted position size with sentiment: 21.68722490
[2026-03-22T18:25:22.850Z] Type of dailyLossCheck: function
[2026-03-22T18:25:22.854Z] USDT available: 27.10903112
[2026-03-22T18:25:22.858Z] Calculated position size (USDT): 21.68722490
[2026-03-22T18:25:22.864Z] Last price: 1.431
[2026-03-22T18:25:22.866Z] Calculated quantity: 15.15529343
[2026-03-22T18:25:22.872Z] No trade executed for DOTUSDT due to signal: HOLD
[2026-03-22T18:25:22.881Z] Mapping candle data...
[2026-03-22T18:25:22.889Z] Long-term ATR (4H): 0.35080808080808057
[2026-03-22T18:25:22.900Z] Calling analyze function...
[2026-03-22T18:25:22.930Z] Analyze function returned: Signal=HOLD, RSI=43.97, EMA=54.07301244196276, ATR=0.009278406014040164, Price=54.06
[2026-03-22T18:25:22.934Z] Trend Direction: 15m=DOWN, 4h=DOWN
[2026-03-22T18:25:22.939Z] Starting multi-timeframe confirmation...
[2026-03-22T18:25:22.948Z] Adjusted position size with sentiment: 21.68722490
[2026-03-22T18:25:22.952Z] Type of dailyLossCheck: function
[2026-03-22T18:25:22.959Z] USDT available: 27.10903112
[2026-03-22T18:25:22.967Z] Calculated position size (USDT): 21.68722490
[2026-03-22T18:25:22.972Z] Last price: 54.06
[2026-03-22T18:25:22.975Z] Calculated quantity: 0.40116953
[2026-03-22T18:25:22.978Z] No trade executed for LTCUSDT due to signal: HOLD
[2026-03-22T18:25:22.996Z] Fetched 1m candles for frxUSDSEK. Sample: [[1774034160000,9.36208,9.36386,9.36175,9.36376],[1774034220000,9.36371,9.36422,9.36147,9.36177]]
[2026-03-22T18:25:23.002Z] Fetching 15m candles for frxUSDSEK
[2026-03-22T18:25:23.004Z] DEBUG: getCandles called for symbol: frxUSDSEK, timeframe: 15m
[2026-03-22T18:25:23.008Z] Fetched 1m candles for frxUSDJPY. Sample: [[1774034160000,159.3,159.311,159.292,159.31],[1774034220000,159.308,159.321,159.297,159.301]]
[2026-03-22T18:25:23.011Z] Fetching 15m candles for frxUSDJPY
[2026-03-22T18:25:23.017Z] DEBUG: getCandles called for symbol: frxUSDJPY, timeframe: 15m
[2026-03-22T18:25:23.024Z] Fetched 1m candles for frxUSDNOK. Sample: [[1774034160000,9.57679,9.57841,9.57645,9.5783],[1774034220000,9.57828,9.57857,9.57675,9.57734]]
[2026-03-22T18:25:23.027Z] Fetching 15m candles for frxUSDNOK
[2026-03-22T18:25:23.033Z] DEBUG: getCandles called for symbol: frxUSDNOK, timeframe: 15m
[2026-03-22T18:25:23.041Z] Fetched 1m candles for frxGBPNOK. Sample: [[1774033920000,12.76802,12.76802,12.76633,12.76765],[1774033980000,12.76782,12.76797,12.76711,12.76763]]
[2026-03-22T18:25:23.052Z] Fetching 15m candles for frxGBPNOK
[2026-03-22T18:25:23.055Z] DEBUG: getCandles called for symbol: frxGBPNOK, timeframe: 15m
[2026-03-22T18:25:23.065Z] Fetching 4H candles for frxXAUUSD
[2026-03-22T18:25:23.069Z] DEBUG: getCandles called for symbol: frxXAUUSD, timeframe: 4H
[2026-03-22T18:25:23.073Z] Fetching 4H candles for frxXPDUSD
[2026-03-22T18:25:23.074Z] DEBUG: getCandles called for symbol: frxXPDUSD, timeframe: 4H
[2026-03-22T18:25:23.081Z] Fetching 4H candles for frxEURUSD
[2026-03-22T18:25:23.083Z] DEBUG: getCandles called for symbol: frxEURUSD, timeframe: 4H
[2026-03-22T18:25:23.088Z] Fetching 4H candles for frxEURJPY
[2026-03-22T18:25:23.090Z] DEBUG: getCandles called for symbol: frxEURJPY, timeframe: 4H
[2026-03-22T18:25:23.096Z] Fetching 4H candles for frxEURCAD
[2026-03-22T18:25:23.097Z] DEBUG: getCandles called for symbol: frxEURCAD, timeframe: 4H
[2026-03-22T18:25:23.102Z] Fetching 4H candles for frxGBPAUD
[2026-03-22T18:25:23.104Z] DEBUG: getCandles called for symbol: frxGBPAUD, timeframe: 4H
[2026-03-22T18:25:23.108Z] Fetching 4H candles for frxXAGUSD
[2026-03-22T18:25:23.112Z] DEBUG: getCandles called for symbol: frxXAGUSD, timeframe: 4H
[2026-03-22T18:25:23.117Z] Fetching 4H candles for frxAUDJPY
[2026-03-22T18:25:23.120Z] DEBUG: getCandles called for symbol: frxAUDJPY, timeframe: 4H
[2026-03-22T18:25:23.123Z] Fetching 4H candles for frxUSDCHF
[2026-03-22T18:25:23.129Z] DEBUG: getCandles called for symbol: frxUSDCHF, timeframe: 4H
[2026-03-22T18:25:23.136Z] Fetching 4H candles for frxXPTUSD
[2026-03-22T18:25:23.138Z] DEBUG: getCandles called for symbol: frxXPTUSD, timeframe: 4H
[2026-03-22T18:25:23.148Z] Fetching 4H candles for frxAUDUSD
[2026-03-22T18:25:23.153Z] DEBUG: getCandles called for symbol: frxAUDUSD, timeframe: 4H
[2026-03-22T18:25:23.181Z] Fetching 4H candles for frxEURCHF
[2026-03-22T18:25:23.185Z] DEBUG: getCandles called for symbol: frxEURCHF, timeframe: 4H
[2026-03-22T18:25:23.193Z] Mapping candle data...
[2026-03-22T18:25:23.196Z] Long-term ATR (4H): 0.07033333333333328
[2026-03-22T18:25:23.199Z] Calling analyze function...
[2026-03-22T18:25:23.207Z] Analyze function returned: Signal=HOLD, RSI=32.01, EMA=8.096641884691842, ATR=0.0018542563101352442, Price=8.09
[2026-03-22T18:25:23.213Z] Trend Direction: 15m=DOWN, 4h=DOWN
[2026-03-22T18:25:23.217Z] Starting multi-timeframe confirmation...
[2026-03-22T18:25:23.219Z] Adjusted position size with sentiment: 21.68722490
[2026-03-22T18:25:23.222Z] Type of dailyLossCheck: function
[2026-03-22T18:25:23.223Z] USDT available: 27.10903112
[2026-03-22T18:25:23.226Z] Calculated position size (USDT): 21.68722490
[2026-03-22T18:25:23.230Z] Last price: 8.09
[2026-03-22T18:25:23.232Z] Calculated quantity: 2.68074473
[2026-03-22T18:25:23.239Z] No trade executed for ETCUSDT due to signal: HOLD
[2026-03-22T18:25:23.247Z] Mapping candle data...
[2026-03-22T18:25:23.252Z] Long-term ATR (4H): 0.010841414141414143
[2026-03-22T18:25:23.257Z] Calling analyze function...
[2026-03-22T18:25:23.263Z] Analyze function returned: Signal=HOLD, RSI=37.94, EMA=0.8716725014432892, ATR=0.0003958667226821061, Price=0.8711
[2026-03-22T18:25:23.267Z] Trend Direction: 15m=DOWN, 4h=DOWN
[2026-03-22T18:25:23.273Z] Starting multi-timeframe confirmation...
[2026-03-22T18:25:23.274Z] Adjusted position size with sentiment: 21.68722490
[2026-03-22T18:25:23.276Z] Type of dailyLossCheck: function
[2026-03-22T18:25:23.279Z] USDT available: 27.10903112
[2026-03-22T18:25:23.281Z] Calculated position size (USDT): 21.68722490
[2026-03-22T18:25:23.288Z] Last price: 0.8711
[2026-03-22T18:25:23.291Z] Calculated quantity: 24.89636654
[2026-03-22T18:25:23.292Z] No trade executed for FILUSDT due to signal: HOLD
[2026-03-22T18:25:23.296Z] Mapping candle data...
[2026-03-22T18:25:23.299Z] Long-term ATR (4H): 0.03448484848484845
[2026-03-22T18:25:23.304Z] Calling analyze function...
[2026-03-22T18:25:23.311Z] Analyze function returned: Signal=HOLD, RSI=44.55, EMA=3.4843909187973097, ATR=0.0009619089475112422, Price=3.483
[2026-03-22T18:25:23.313Z] Trend Direction: 15m=DOWN, 4h=DOWN
[2026-03-22T18:25:23.314Z] Starting multi-timeframe confirmation...
[2026-03-22T18:25:23.316Z] Adjusted position size with sentiment: 21.68722490
[2026-03-22T18:25:23.322Z] Type of dailyLossCheck: function
[2026-03-22T18:25:23.325Z] USDT available: 27.10903112
[2026-03-22T18:25:23.328Z] Calculated position size (USDT): 21.68722490
[2026-03-22T18:25:23.330Z] Last price: 3.483
[2026-03-22T18:25:23.337Z] Calculated quantity: 6.22659342
[2026-03-22T18:25:23.340Z] No trade executed for UNIUSDT due to signal: HOLD
[2026-03-22T18:25:23.358Z] Mapping candle data...
[2026-03-22T18:25:23.361Z] Long-term ATR (4H): 2.7477777777777774
[2026-03-22T18:25:23.364Z] Calling analyze function...
[2026-03-22T18:25:23.375Z] Analyze function returned: Signal=HOLD, RSI=45.69, EMA=467.2645139216203, ATR=0.1277025775433552, Price=467.16
[2026-03-22T18:25:23.378Z] Trend Direction: 15m=UP, 4h=UP
[2026-03-22T18:25:23.379Z] Starting multi-timeframe confirmation...
[2026-03-22T18:25:23.381Z] Adjusted position size with sentiment: 21.68722490
[2026-03-22T18:25:23.388Z] Type of dailyLossCheck: function
[2026-03-22T18:25:23.392Z] USDT available: 27.10903112
[2026-03-22T18:25:23.394Z] Calculated position size (USDT): 21.68722490
[2026-03-22T18:25:23.397Z] Last price: 467.16
[2026-03-22T18:25:23.404Z] Calculated quantity: 0.04642355
[2026-03-22T18:25:23.407Z] No trade executed for BCHUSDT due to signal: HOLD
[2026-03-22T18:25:23.416Z] Fetching 4H candles for frxGBPJPY
[2026-03-22T18:25:23.419Z] DEBUG: getCandles called for symbol: frxGBPJPY, timeframe: 4H
[2026-03-22T18:25:23.422Z] Mapping candle data...
[2026-03-22T18:25:23.430Z] Long-term ATR (4H): 0.8124747474747481
[2026-03-22T18:25:23.439Z] Calling analyze function...
[2026-03-22T18:25:23.452Z] Analyze function returned: Signal=HOLD, RSI=44.57, EMA=87.20300294770865, ATR=0.03733455487106787, Price=87.176
[2026-03-22T18:25:23.456Z] Trend Direction: 15m=DOWN, 4h=DOWN
[2026-03-22T18:25:23.459Z] Starting multi-timeframe confirmation...
[2026-03-22T18:25:23.462Z] Adjusted position size with sentiment: 21.68722490
[2026-03-22T18:25:23.467Z] Type of dailyLossCheck: function
[2026-03-22T18:25:23.472Z] USDT available: 27.10903112
[2026-03-22T18:25:23.474Z] Calculated position size (USDT): 21.68722490
[2026-03-22T18:25:23.475Z] Last price: 87.176
[2026-03-22T18:25:23.478Z] Calculated quantity: 0.24877518
[2026-03-22T18:25:23.480Z] No trade executed for SOLUSDT due to signal: HOLD
[2026-03-22T18:25:23.487Z] Mapping candle data...
[2026-03-22T18:25:23.490Z] Long-term ATR (4H): 18.468686868686888
[2026-03-22T18:25:23.492Z] Calling analyze function...
[2026-03-22T18:25:23.503Z] Analyze function returned: Signal=HOLD, RSI=40.01, EMA=2077.513989205704, ATR=0.8629254762095818, Price=2076.3
[2026-03-22T18:25:23.506Z] Trend Direction: 15m=DOWN, 4h=DOWN
[2026-03-22T18:25:23.508Z] Starting multi-timeframe confirmation...
[2026-03-22T18:25:23.513Z] Adjusted position size with sentiment: 21.68722490
[2026-03-22T18:25:23.520Z] Type of dailyLossCheck: function
[2026-03-22T18:25:23.528Z] USDT available: 27.10903112
[2026-03-22T18:25:23.538Z] Calculated position size (USDT): 21.68722490
[2026-03-22T18:25:23.542Z] Last price: 2076.3
[2026-03-22T18:25:23.544Z] Calculated quantity: 0.01044513
[2026-03-22T18:25:23.547Z] No trade executed for ETHUSDT due to signal: HOLD
[2026-03-22T18:25:23.556Z] Mapping candle data...
[2026-03-22T18:25:23.558Z] Long-term ATR (4H): 3.549393939393932
[2026-03-22T18:25:23.562Z] Calling analyze function...
[2026-03-22T18:25:23.572Z] Analyze function returned: Signal=HOLD, RSI=39.46, EMA=629.8993531193493, ATR=0.13014858623584846, Price=629.67
[2026-03-22T18:25:23.574Z] Trend Direction: 15m=DOWN, 4h=DOWN
[2026-03-22T18:25:23.578Z] Starting multi-timeframe confirmation...
[2026-03-22T18:25:23.580Z] Adjusted position size with sentiment: 21.68722490
[2026-03-22T18:25:23.586Z] Type of dailyLossCheck: function
[2026-03-22T18:25:23.589Z] USDT available: 27.10903112
[2026-03-22T18:25:23.592Z] Calculated position size (USDT): 21.68722490
[2026-03-22T18:25:23.595Z] Last price: 629.67
[2026-03-22T18:25:23.598Z] Calculated quantity: 0.03444221
[2026-03-22T18:25:23.604Z] No trade executed for BNBUSDT due to signal: HOLD
[2026-03-22T18:25:23.611Z] Mapping candle data...
[2026-03-22T18:25:23.618Z] Long-term ATR (4H): 0.00006112121212121212
[2026-03-22T18:25:23.623Z] Calling analyze function...
[2026-03-22T18:25:23.627Z] Analyze function returned: Signal=HOLD, RSI=47.57, EMA=0.0069239323755744325, ATR=5.166572287800326e-7, Price=0.006924
[2026-03-22T18:25:23.633Z] Trend Direction: 15m=DOWN, 4h=DOWN
[2026-03-22T18:25:23.637Z] Starting multi-timeframe confirmation...
[2026-03-22T18:25:23.640Z] Adjusted position size with sentiment: 21.68722490
[2026-03-22T18:25:23.643Z] Type of dailyLossCheck: function
[2026-03-22T18:25:23.646Z] USDT available: 27.10903112
[2026-03-22T18:25:23.649Z] Calculated position size (USDT): 21.68722490
[2026-03-22T18:25:23.654Z] Last price: 0.006924
[2026-03-22T18:25:23.656Z] Calculated quantity: 3132.18152744
[2026-03-22T18:25:23.660Z] No trade executed for VETUSDT due to signal: HOLD
[2026-03-22T18:25:23.663Z] Mapping candle data...
[2026-03-22T18:25:23.670Z] Long-term ATR (4H): 0.002517171717171716
[2026-03-22T18:25:23.680Z] Calling analyze function...
[2026-03-22T18:25:23.700Z] Analyze function returned: Signal=HOLD, RSI=45.49, EMA=0.253971650632203, ATR=0.00009852667697026016, Price=0.2539
[2026-03-22T18:25:23.705Z] Trend Direction: 15m=DOWN, 4h=DOWN
[2026-03-22T18:25:23.707Z] Starting multi-timeframe confirmation...
[2026-03-22T18:25:23.711Z] Adjusted position size with sentiment: 21.68722490
[2026-03-22T18:25:23.715Z] Type of dailyLossCheck: function
[2026-03-22T18:25:23.826Z] USDT available: 27.10903112
[2026-03-22T18:25:23.929Z] Calculated position size (USDT): 21.68722490
[2026-03-22T18:25:23.939Z] Last price: 0.2539
[2026-03-22T18:25:23.944Z] Calculated quantity: 85.41640369
[2026-03-22T18:25:23.959Z] No trade executed for ADAUSDT due to signal: HOLD
[2026-03-22T18:25:24.006Z] Mapping candle data...
[2026-03-22T18:25:24.009Z] Long-term ATR (4H): 0.07342424242424248
[2026-03-22T18:25:24.011Z] Calling analyze function...
[2026-03-22T18:25:24.019Z] Analyze function returned: Signal=HOLD, RSI=42.48, EMA=8.762678614414023, ATR=0.003314463876533584, Price=8.759
[2026-03-22T18:25:24.021Z] Trend Direction: 15m=DOWN, 4h=DOWN
[2026-03-22T18:25:24.023Z] Starting multi-timeframe confirmation...
[2026-03-22T18:25:24.024Z] Adjusted position size with sentiment: 21.68722490
[2026-03-22T18:25:24.027Z] Type of dailyLossCheck: function
[2026-03-22T18:25:24.030Z] USDT available: 27.10903112
[2026-03-22T18:25:24.036Z] Calculated position size (USDT): 21.68722490
[2026-03-22T18:25:24.038Z] Last price: 8.759
[2026-03-22T18:25:24.042Z] Calculated quantity: 2.47599325
[2026-03-22T18:25:24.045Z] No trade executed for LINKUSDT due to signal: HOLD
[2026-03-22T18:25:24.054Z] Mapping candle data...
[2026-03-22T18:25:24.056Z] Long-term ATR (4H): 0.0014000000000000002
[2026-03-22T18:25:24.057Z] Calling analyze function...
[2026-03-22T18:25:24.064Z] Analyze function returned: Signal=HOLD, RSI=34.39, EMA=0.15727266921910432, ATR=0.00006196322122617752, Price=0.15714
[2026-03-22T18:25:24.069Z] Trend Direction: 15m=DOWN, 4h=DOWN
[2026-03-22T18:25:24.070Z] Starting multi-timeframe confirmation...
[2026-03-22T18:25:24.072Z] Adjusted position size with sentiment: 21.68722490
[2026-03-22T18:25:24.074Z] Type of dailyLossCheck: function
[2026-03-22T18:25:24.075Z] USDT available: 27.10903112
[2026-03-22T18:25:24.077Z] Calculated position size (USDT): 21.68722490
[2026-03-22T18:25:24.082Z] Last price: 0.15714
[2026-03-22T18:25:24.086Z] Calculated quantity: 138.01212229
[2026-03-22T18:25:24.089Z] No trade executed for XLMUSDT due to signal: HOLD
[2026-03-22T18:25:24.093Z] Mapping candle data...
[2026-03-22T18:25:24.096Z] Long-term ATR (4H): 0.0012747474747474739
[2026-03-22T18:25:24.101Z] Calling analyze function...
[2026-03-22T18:25:24.105Z] Analyze function returned: Signal=HOLD, RSI=48.03, EMA=0.11511448389331133, ATR=0.000046338902814321575, Price=0.1151
[2026-03-22T18:25:24.108Z] Trend Direction: 15m=DOWN, 4h=DOWN
[2026-03-22T18:25:24.109Z] Starting multi-timeframe confirmation...
[2026-03-22T18:25:24.116Z] Adjusted position size with sentiment: 21.68722490
[2026-03-22T18:25:24.119Z] Type of dailyLossCheck: function
[2026-03-22T18:25:24.121Z] USDT available: 27.10903112
[2026-03-22T18:25:24.125Z] Calculated position size (USDT): 21.68722490
[2026-03-22T18:25:24.129Z] Last price: 0.1151
[2026-03-22T18:25:24.136Z] Calculated quantity: 188.42072021
[2026-03-22T18:25:24.139Z] No trade executed for OPUSDT due to signal: HOLD
[2026-03-22T18:25:24.144Z] Mapping candle data...
[2026-03-22T18:25:24.153Z] Long-term ATR (4H): 0.08832323232323235
[2026-03-22T18:25:24.159Z] Calling analyze function...
[2026-03-22T18:25:24.168Z] Analyze function returned: Signal=HOLD, RSI=43.22, EMA=9.059007904767828, ATR=0.003241308598488943, Price=9.056
[2026-03-22T18:25:24.171Z] Trend Direction: 15m=DOWN, 4h=DOWN
[2026-03-22T18:25:24.173Z] Starting multi-timeframe confirmation...
[2026-03-22T18:25:24.175Z] Adjusted position size with sentiment: 21.68722490
[2026-03-22T18:25:24.177Z] Type of dailyLossCheck: function
[2026-03-22T18:25:24.189Z] USDT available: 27.10903112
[2026-03-22T18:25:24.192Z] Calculated position size (USDT): 21.68722490
[2026-03-22T18:25:24.197Z] Last price: 9.056
[2026-03-22T18:25:24.200Z] Calculated quantity: 2.39479073
[2026-03-22T18:25:24.203Z] No trade executed for AVAXUSDT due to signal: HOLD
[2026-03-22T18:25:24.206Z] Mapping candle data...
[2026-03-22T18:25:24.208Z] Long-term ATR (4H): 0.0011429292929292904
[2026-03-22T18:25:24.210Z] Calling analyze function...
[2026-03-22T18:25:24.221Z] Analyze function returned: Signal=HOLD, RSI=44.47, EMA=0.3177557753633099, ATR=0.0001556240586191521, Price=0.31758
[2026-03-22T18:25:24.224Z] Trend Direction: 15m=UP, 4h=UP
[2026-03-22T18:25:24.230Z] Starting multi-timeframe confirmation...
[2026-03-22T18:25:24.235Z] Adjusted position size with sentiment: 21.68722490
[2026-03-22T18:25:24.237Z] Type of dailyLossCheck: function
[2026-03-22T18:25:24.238Z] USDT available: 27.10903112
[2026-03-22T18:25:24.239Z] Calculated position size (USDT): 21.68722490
[2026-03-22T18:25:24.242Z] Last price: 0.31758
[2026-03-22T18:25:24.243Z] Calculated quantity: 68.28901346
[2026-03-22T18:25:24.248Z] No trade executed for TRXUSDT due to signal: HOLD
[2026-03-22T18:25:24.251Z] Mapping candle data...
[2026-03-22T18:25:24.253Z] Long-term ATR (4H): 0.010830303030303029
[2026-03-22T18:25:24.255Z] Calling analyze function...
[2026-03-22T18:25:24.258Z] Analyze function returned: Signal=HOLD, RSI=42.34, EMA=1.3894409050042134, ATR=0.0005909672393201002, Price=1.389
[2026-03-22T18:25:24.261Z] Trend Direction: 15m=DOWN, 4h=DOWN
[2026-03-22T18:25:24.264Z] Starting multi-timeframe confirmation...
[2026-03-22T18:25:24.268Z] Adjusted position size with sentiment: 21.68722490
[2026-03-22T18:25:24.270Z] Type of dailyLossCheck: function
[2026-03-22T18:25:24.271Z] USDT available: 27.10903112
[2026-03-22T18:25:24.273Z] Calculated position size (USDT): 21.68722490
[2026-03-22T18:25:24.276Z] Last price: 1.389
[2026-03-22T18:25:24.282Z] Calculated quantity: 15.61355284
[2026-03-22T18:25:24.284Z] No trade executed for XRPUSDT due to signal: HOLD
[2026-03-22T18:25:24.293Z] Fetching 4H candles for frxEURAUD
[2026-03-22T18:25:24.295Z] DEBUG: getCandles called for symbol: frxEURAUD, timeframe: 4H
[2026-03-22T18:25:24.301Z] Fetching 4H candles for frxUSDPLN
[2026-03-22T18:25:24.303Z] DEBUG: getCandles called for symbol: frxUSDPLN, timeframe: 4H
[2026-03-22T18:25:24.307Z] Fetching 4H candles for frxEURGBP
[2026-03-22T18:25:24.310Z] DEBUG: getCandles called for symbol: frxEURGBP, timeframe: 4H
[2026-03-22T18:25:24.318Z] Fetching 4H candles for frxGBPCAD
[2026-03-22T18:25:24.320Z] DEBUG: getCandles called for symbol: frxGBPCAD, timeframe: 4H
[2026-03-22T18:25:24.323Z] Fetching 4H candles for frxUSDCAD
[2026-03-22T18:25:24.326Z] DEBUG: getCandles called for symbol: frxUSDCAD, timeframe: 4H
[2026-03-22T18:25:24.332Z] Fetching 4H candles for frxAUDCAD
[2026-03-22T18:25:24.335Z] DEBUG: getCandles called for symbol: frxAUDCAD, timeframe: 4H
[2026-03-22T18:25:24.340Z] Fetching 4H candles for frxEURNZD
[2026-03-22T18:25:24.342Z] DEBUG: getCandles called for symbol: frxEURNZD, timeframe: 4H
[2026-03-22T18:25:24.348Z] Fetching 4H candles for frxGBPUSD
[2026-03-22T18:25:24.351Z] DEBUG: getCandles called for symbol: frxGBPUSD, timeframe: 4H
[2026-03-22T18:25:24.354Z] Fetching 4H candles for frxGBPCHF
[2026-03-22T18:25:24.355Z] DEBUG: getCandles called for symbol: frxGBPCHF, timeframe: 4H
[2026-03-22T18:25:24.360Z] Fetching 4H candles for frxGBPNZD
[2026-03-22T18:25:24.363Z] DEBUG: getCandles called for symbol: frxGBPNZD, timeframe: 4H
[2026-03-22T18:25:24.368Z] Fetching 4H candles for frxAUDNZD
[2026-03-22T18:25:24.369Z] DEBUG: getCandles called for symbol: frxAUDNZD, timeframe: 4H
[2026-03-22T18:25:24.373Z] Fetching 4H candles for frxNZDUSD
[2026-03-22T18:25:24.382Z] DEBUG: getCandles called for symbol: frxNZDUSD, timeframe: 4H
[2026-03-22T18:25:24.386Z] Fetching 4H candles for frxAUDCHF
[2026-03-22T18:25:24.388Z] DEBUG: getCandles called for symbol: frxAUDCHF, timeframe: 4H
[2026-03-22T18:25:24.393Z] Fetching 4H candles for frxNZDJPY
[2026-03-22T18:25:24.398Z] DEBUG: getCandles called for symbol: frxNZDJPY, timeframe: 4H
[2026-03-22T18:25:24.403Z] Fetching 4H candles for frxUSDJPY
[2026-03-22T18:25:24.407Z] DEBUG: getCandles called for symbol: frxUSDJPY, timeframe: 4H
[2026-03-22T18:25:24.419Z] Fetching 4H candles for frxUSDMXN
[2026-03-22T18:25:24.421Z] DEBUG: getCandles called for symbol: frxUSDMXN, timeframe: 4H
[2026-03-22T18:25:24.425Z] Fetching 4H candles for frxUSDNOK
[2026-03-22T18:25:24.433Z] DEBUG: getCandles called for symbol: frxUSDNOK, timeframe: 4H
[2026-03-22T18:25:24.441Z] Fetching 4H candles for frxUSDSEK
[2026-03-22T18:25:24.445Z] DEBUG: getCandles called for symbol: frxUSDSEK, timeframe: 4H
[2026-03-22T18:25:24.454Z] Mapping candle data...
[2026-03-22T18:25:24.456Z] Long-term ATR (4H): 27.17039473684208
[2026-03-22T18:25:24.461Z] Calling analyze function...
[2026-03-22T18:25:24.473Z] Analyze function returned: Signal=HOLD, RSI=43.04, EMA=4500.529119332874, ATR=3.034370902174315, Price=4498.01
[2026-03-22T18:25:24.486Z] Trend Direction: 15m=DOWN, 4h=DOWN
[2026-03-22T18:25:24.490Z] Starting multi-timeframe confirmation...
[2026-03-22T18:25:24.492Z] Adjusted position size with sentiment: 44.98010000
[2026-03-22T18:25:24.515Z] Type of dailyLossCheck: function
[2026-03-22T18:25:24.522Z] USDT available: 27.10903112
[2026-03-22T18:25:24.526Z] Calculated position size (USDT): 44.98010000
[2026-03-22T18:25:24.533Z] Last price: 4498.01
[2026-03-22T18:25:24.536Z] Calculated quantity: 0.01000000
[2026-03-22T18:25:24.539Z] No trade executed for frxXAUUSD due to signal: HOLD
[2026-03-22T18:25:24.546Z] Mapping candle data...
[2026-03-22T18:25:24.553Z] Long-term ATR (4H): 15.547105263157906
[2026-03-22T18:25:24.556Z] Calling analyze function...
[2026-03-22T18:25:24.565Z] Analyze function returned: Signal=HOLD, RSI=49.91, EMA=1411.5673268919945, ATR=0.9771874040865356, Price=1411.69
[2026-03-22T18:25:24.569Z] Trend Direction: 15m=DOWN, 4h=DOWN
[2026-03-22T18:25:24.572Z] Starting multi-timeframe confirmation...
[2026-03-22T18:25:24.577Z] Adjusted position size with sentiment: 21.68722490
[2026-03-22T18:25:24.579Z] Type of dailyLossCheck: function
[2026-03-22T18:25:24.583Z] USDT available: 27.10903112
[2026-03-22T18:25:24.586Z] Calculated position size (USDT): 21.68722490
[2026-03-22T18:25:24.592Z] Last price: 1411.69
[2026-03-22T18:25:24.595Z] Calculated quantity: 0.01536260
[2026-03-22T18:25:24.597Z] No trade executed for frxXPDUSD due to signal: HOLD
[2026-03-22T18:25:24.603Z] Mapping candle data...
[2026-03-22T18:25:24.606Z] Long-term ATR (4H): 0.001967236842105275
[2026-03-22T18:25:24.610Z] Calling analyze function...
[2026-03-22T18:25:24.619Z] Analyze function returned: Signal=HOLD, RSI=73.91, EMA=1.1565639740430431, ATR=0.00013766439267700063, Price=1.15708
[2026-03-22T18:25:24.622Z] Trend Direction: 15m=DOWN, 4h=DOWN
[2026-03-22T18:25:24.623Z] Starting multi-timeframe confirmation...
[2026-03-22T18:25:24.626Z] Adjusted position size with sentiment: 21.68722490
[2026-03-22T18:25:24.631Z] Type of dailyLossCheck: function
[2026-03-22T18:25:24.634Z] USDT available: 27.10903112
[2026-03-22T18:25:24.638Z] Calculated position size (USDT): 21.68722490
[2026-03-22T18:25:24.640Z] Last price: 1.15708
[2026-03-22T18:25:24.641Z] Calculated quantity: 18.74306435
[2026-03-22T18:25:24.645Z] No trade executed for frxEURUSD due to signal: HOLD
[2026-03-22T18:25:24.650Z] Mapping candle data...
[2026-03-22T18:25:24.653Z] Long-term ATR (4H): 0.1998947368421061
[2026-03-22T18:25:24.655Z] Calling analyze function...
[2026-03-22T18:25:24.664Z] Analyze function returned: Signal=HOLD, RSI=60.31, EMA=184.22501537635213, ATR=0.01742600916040626, Price=184.25
[2026-03-22T18:25:24.666Z] Trend Direction: 15m=UP, 4h=UP
[2026-03-22T18:25:24.670Z] Starting multi-timeframe confirmation...
[2026-03-22T18:25:24.679Z] Adjusted position size with sentiment: 21.68722490
[2026-03-22T18:25:24.693Z] Type of dailyLossCheck: function
[2026-03-22T18:25:24.698Z] USDT available: 27.10903112
[2026-03-22T18:25:24.701Z] Calculated position size (USDT): 21.68722490
[2026-03-22T18:25:24.710Z] Last price: 184.25
[2026-03-22T18:25:24.718Z] Calculated quantity: 0.11770543
[2026-03-22T18:25:24.725Z] No trade executed for frxEURJPY due to signal: HOLD
[2026-03-22T18:25:24.729Z] Fetching 4H candles for frxGBPNOK
[2026-03-22T18:25:24.735Z] DEBUG: getCandles called for symbol: frxGBPNOK, timeframe: 4H
[2026-03-22T18:25:24.744Z] Mapping candle data...
[2026-03-22T18:25:24.751Z] Long-term ATR (4H): 0.0022593421052631408
[2026-03-22T18:25:24.755Z] Calling analyze function...
[2026-03-22T18:25:24.760Z] Analyze function returned: Signal=HOLD, RSI=69.68, EMA=1.5870165746402547, ATR=0.00024039447241472545, Price=1.58775
[2026-03-22T18:25:24.763Z] Trend Direction: 15m=DOWN, 4h=UP
[2026-03-22T18:25:24.765Z] Starting multi-timeframe confirmation...
[2026-03-22T18:25:24.766Z] Adjusted position size with sentiment: 21.68722490
[2026-03-22T18:25:24.769Z] Type of dailyLossCheck: function
[2026-03-22T18:25:24.771Z] USDT available: 27.10903112
[2026-03-22T18:25:24.775Z] Calculated position size (USDT): 21.68722490
[2026-03-22T18:25:24.777Z] Last price: 1.58775
[2026-03-22T18:25:24.779Z] Calculated quantity: 13.65909299
[2026-03-22T18:25:24.781Z] No trade executed for frxEURCAD due to signal: HOLD
[2026-03-22T18:25:24.785Z] Mapping candle data...
[2026-03-22T18:25:24.787Z] Long-term ATR (4H): 0.21768421052631576
[2026-03-22T18:25:24.792Z] Calling analyze function...
[2026-03-22T18:25:24.795Z] Analyze function returned: Signal=HOLD, RSI=51.13, EMA=111.8300316748268, ATR=0.02178300751901507, Price=111.826
[2026-03-22T18:25:24.797Z] Trend Direction: 15m=DOWN, 4h=UP
[2026-03-22T18:25:24.799Z] Starting multi-timeframe confirmation...
[2026-03-22T18:25:24.801Z] Adjusted position size with sentiment: 21.68722490
[2026-03-22T18:25:24.802Z] Type of dailyLossCheck: function
[2026-03-22T18:25:24.806Z] USDT available: 27.10903112
[2026-03-22T18:25:24.808Z] Calculated position size (USDT): 21.68722490
[2026-03-22T18:25:24.810Z] Last price: 111.826
[2026-03-22T18:25:24.812Z] Calculated quantity: 0.19393723
[2026-03-22T18:25:24.813Z] No trade executed for frxAUDJPY due to signal: HOLD
[2026-03-22T18:25:24.817Z] Mapping candle data...
[2026-03-22T18:25:24.819Z] Long-term ATR (4H): 1.0104684210526313
[2026-03-22T18:25:24.829Z] Calling analyze function...
[2026-03-22T18:25:24.833Z] Analyze function returned: Signal=HOLD, RSI=43.63, EMA=68.00021295690647, ATR=0.08321189429656936, Price=67.917
[2026-03-22T18:25:24.835Z] Trend Direction: 15m=DOWN, 4h=DOWN
[2026-03-22T18:25:24.838Z] Starting multi-timeframe confirmation...
[2026-03-22T18:25:24.839Z] Adjusted position size with sentiment: 21.68722490
[2026-03-22T18:25:24.841Z] Type of dailyLossCheck: function
[2026-03-22T18:25:24.843Z] USDT available: 27.10903112
[2026-03-22T18:25:24.848Z] Calculated position size (USDT): 21.68722490
[2026-03-22T18:25:24.849Z] Last price: 67.917
[2026-03-22T18:25:24.851Z] Calculated quantity: 0.31931954
[2026-03-22T18:25:24.853Z] No trade executed for frxXAGUSD due to signal: HOLD
[2026-03-22T18:25:24.856Z] Mapping candle data...
[2026-03-22T18:25:24.869Z] Long-term ATR (4H): 0.0028085526315789464
[2026-03-22T18:25:24.887Z] Calling analyze function...
[2026-03-22T18:25:24.902Z] Analyze function returned: Signal=HOLD, RSI=50.33, EMA=1.8999092272732307, ATR=0.0003430260899591939, Price=1.90005
[2026-03-22T18:25:24.904Z] Trend Direction: 15m=UP, 4h=UP
[2026-03-22T18:25:24.910Z] Starting multi-timeframe confirmation...
[2026-03-22T18:25:24.915Z] Adjusted position size with sentiment: 21.68722490
[2026-03-22T18:25:24.916Z] Type of dailyLossCheck: function
[2026-03-22T18:25:24.918Z] USDT available: 27.10903112
[2026-03-22T18:25:24.919Z] Calculated position size (USDT): 21.68722490
[2026-03-22T18:25:24.921Z] Last price: 1.90005
[2026-03-22T18:25:24.923Z] Calculated quantity: 11.41402852
[2026-03-22T18:25:24.929Z] No trade executed for frxGBPAUD due to signal: HOLD
[2026-03-22T18:25:24.933Z] Mapping candle data...
[2026-03-22T18:25:24.934Z] Long-term ATR (4H): 0.0013171052631578914
[2026-03-22T18:25:24.936Z] Calling analyze function...
[2026-03-22T18:25:24.941Z] Analyze function returned: Signal=HOLD, RSI=33.47, EMA=0.788145818729009, ATR=0.00008168061214412084, Price=0.78792
[2026-03-22T18:25:24.944Z] Trend Direction: 15m=DOWN, 4h=UP
[2026-03-22T18:25:24.946Z] Starting multi-timeframe confirmation...
[2026-03-22T18:25:24.947Z] Adjusted position size with sentiment: 21.68722490
[2026-03-22T18:25:24.949Z] Type of dailyLossCheck: function
[2026-03-22T18:25:24.952Z] USDT available: 27.10903112
[2026-03-22T18:25:24.953Z] Calculated position size (USDT): 21.68722490
[2026-03-22T18:25:24.954Z] Last price: 0.78792
[2026-03-22T18:25:24.956Z] Calculated quantity: 27.52465339
[2026-03-22T18:25:24.959Z] No trade executed for frxUSDCHF due to signal: HOLD
[2026-03-22T18:25:24.962Z] Mapping candle data...
[2026-03-22T18:25:24.967Z] Long-term ATR (4H): 18.84250000000002
[2026-03-22T18:25:24.969Z] Calling analyze function...
[2026-03-22T18:25:24.972Z] Analyze function returned: Signal=HOLD, RSI=44.91, EMA=1928.9927477665697, ATR=1.3364621669630878, Price=1927.76
[2026-03-22T18:25:24.976Z] Trend Direction: 15m=DOWN, 4h=DOWN
[2026-03-22T18:25:24.977Z] Starting multi-timeframe confirmation...
[2026-03-22T18:25:24.978Z] Adjusted position size with sentiment: 21.68722490
[2026-03-22T18:25:24.981Z] Type of dailyLossCheck: function
[2026-03-22T18:25:24.982Z] USDT available: 27.10903112
[2026-03-22T18:25:24.984Z] Calculated position size (USDT): 21.68722490
[2026-03-22T18:25:24.985Z] Last price: 1927.76
[2026-03-22T18:25:24.987Z] Calculated quantity: 0.01124996
[2026-03-22T18:25:24.994Z] No trade executed for frxXPTUSD due to signal: HOLD
[2026-03-22T18:25:24.998Z] Mapping candle data...
[2026-03-22T18:25:25.000Z] Long-term ATR (4H): 0.0017528947368420922
[2026-03-22T18:25:25.001Z] Calling analyze function...
[2026-03-22T18:25:25.007Z] Analyze function returned: Signal=HOLD, RSI=63.49, EMA=0.7020623389389212, ATR=0.0001221026971157213, Price=0.70225
[2026-03-22T18:25:25.010Z] Trend Direction: 15m=DOWN, 4h=DOWN
[2026-03-22T18:25:25.011Z] Starting multi-timeframe confirmation...
[2026-03-22T18:25:25.013Z] Adjusted position size with sentiment: 21.68722490
[2026-03-22T18:25:25.016Z] Type of dailyLossCheck: function
[2026-03-22T18:25:25.017Z] USDT available: 27.10903112
[2026-03-22T18:25:25.023Z] Calculated position size (USDT): 21.68722490
[2026-03-22T18:25:25.026Z] Last price: 0.70225
[2026-03-22T18:25:25.029Z] Calculated quantity: 30.88248472
[2026-03-22T18:25:25.031Z] No trade executed for frxAUDUSD due to signal: HOLD
[2026-03-22T18:25:25.034Z] Mapping candle data...
[2026-03-22T18:25:25.039Z] Long-term ATR (4H): 0.0007406578947368502
[2026-03-22T18:25:25.044Z] Calling analyze function...
[2026-03-22T18:25:25.047Z] Analyze function returned: Signal=HOLD, RSI=66.66, EMA=0.9115412845754698, ATR=0.00006559095226684298, Price=0.91169
[2026-03-22T18:25:25.054Z] Trend Direction: 15m=DOWN, 4h=UP
[2026-03-22T18:25:25.057Z] Starting multi-timeframe confirmation...
[2026-03-22T18:25:25.061Z] Adjusted position size with sentiment: 21.68722490
[2026-03-22T18:25:25.065Z] Type of dailyLossCheck: function
[2026-03-22T18:25:25.071Z] USDT available: 27.10903112
[2026-03-22T18:25:25.074Z] Calculated position size (USDT): 21.68722490
[2026-03-22T18:25:25.076Z] Last price: 0.91169
[2026-03-22T18:25:25.078Z] Calculated quantity: 23.78793767
[2026-03-22T18:25:25.079Z] No trade executed for frxEURCHF due to signal: HOLD
[2026-03-22T18:25:25.082Z] Mapping candle data...
[2026-03-22T18:25:25.088Z] Long-term ATR (4H): 0.23835526315789335
[2026-03-22T18:25:25.092Z] Calling analyze function...
[2026-03-22T18:25:25.098Z] Analyze function returned: Signal=HOLD, RSI=52.38, EMA=212.46872878664334, ATR=0.02385922434458518, Price=212.476
[2026-03-22T18:25:25.105Z] Trend Direction: 15m=UP, 4h=UP
[2026-03-22T18:25:25.108Z] Starting multi-timeframe confirmation...
[2026-03-22T18:25:25.111Z] Adjusted position size with sentiment: 21.68722490
[2026-03-22T18:25:25.113Z] Type of dailyLossCheck: function
[2026-03-22T18:25:25.115Z] USDT available: 27.10903112
[2026-03-22T18:25:25.119Z] Calculated position size (USDT): 21.68722490
[2026-03-22T18:25:25.121Z] Last price: 212.476
[2026-03-22T18:25:25.124Z] Calculated quantity: 0.10206906
[2026-03-22T18:25:25.125Z] No trade executed for frxGBPJPY due to signal: HOLD
[2026-03-22T18:25:25.129Z] Mapping candle data...
[2026-03-22T18:25:25.133Z] Long-term ATR (4H): 0.0024089473684210487
[2026-03-22T18:25:25.136Z] Calling analyze function...
[2026-03-22T18:25:25.141Z] Analyze function returned: Signal=HOLD, RSI=55.51, EMA=1.6473936135412843, ATR=0.0002971193285008095, Price=1.64773
[2026-03-22T18:25:25.143Z] Trend Direction: 15m=UP, 4h=UP
[2026-03-22T18:25:25.145Z] Starting multi-timeframe confirmation...
[2026-03-22T18:25:25.146Z] Adjusted position size with sentiment: 21.68722490
[2026-03-22T18:25:25.151Z] Type of dailyLossCheck: function
[2026-03-22T18:25:25.152Z] USDT available: 27.10903112
[2026-03-22T18:25:25.153Z] Calculated position size (USDT): 21.68722490
[2026-03-22T18:25:25.158Z] Last price: 1.64773
[2026-03-22T18:25:25.162Z] Calculated quantity: 13.16188022
[2026-03-22T18:25:25.170Z] No trade executed for frxEURAUD due to signal: HOLD
[2026-03-22T18:25:25.178Z] Mapping candle data...
[2026-03-22T18:25:25.182Z] Long-term ATR (4H): 0.0005438157894736956
[2026-03-22T18:25:25.203Z] Calling analyze function...
[2026-03-22T18:25:25.218Z] Analyze function returned: Signal=HOLD, RSI=65.35, EMA=0.8670794969664791, ATR=0.00007069512980029764, Price=0.86719
[2026-03-22T18:25:25.226Z] Trend Direction: 15m=UP, 4h=DOWN
[2026-03-22T18:25:25.229Z] Starting multi-timeframe confirmation...
[2026-03-22T18:25:25.233Z] Adjusted position size with sentiment: 21.68722490
[2026-03-22T18:25:25.237Z] Type of dailyLossCheck: function
[2026-03-22T18:25:25.245Z] USDT available: 27.10903112
[2026-03-22T18:25:25.248Z] Calculated position size (USDT): 21.68722490
[2026-03-22T18:25:25.256Z] Last price: 0.86719
[2026-03-22T18:25:25.259Z] Calculated quantity: 25.00861968
[2026-03-22T18:25:25.262Z] No trade executed for frxEURGBP due to signal: HOLD
[2026-03-22T18:25:25.265Z] Mapping candle data...
[2026-03-22T18:25:25.271Z] Long-term ATR (4H): 0.0027544736842105245
[2026-03-22T18:25:25.275Z] Calling analyze function...
[2026-03-22T18:25:25.280Z] Analyze function returned: Signal=HOLD, RSI=68.03, EMA=1.8303284609351014, ATR=0.00026545827137731216, Price=1.83099
[2026-03-22T18:25:25.283Z] Trend Direction: 15m=DOWN, 4h=UP
[2026-03-22T18:25:25.286Z] Starting multi-timeframe confirmation...
[2026-03-22T18:25:25.290Z] Adjusted position size with sentiment: 21.68722490
[2026-03-22T18:25:25.294Z] Type of dailyLossCheck: function
[2026-03-22T18:25:25.296Z] USDT available: 27.10903112
[2026-03-22T18:25:25.301Z] Calculated position size (USDT): 21.68722490
[2026-03-22T18:25:25.304Z] Last price: 1.83099
[2026-03-22T18:25:25.308Z] Calculated quantity: 11.84453487
[2026-03-22T18:25:25.311Z] No trade executed for frxGBPCAD due to signal: HOLD
[2026-03-22T18:25:25.319Z] Mapping candle data...
[2026-03-22T18:25:25.321Z] Long-term ATR (4H): 0.009977631578947382
[2026-03-22T18:25:25.324Z] Calling analyze function...
[2026-03-22T18:25:25.338Z] Analyze function returned: Signal=HOLD, RSI=24.15, EMA=3.6986631719150638, ATR=0.0006986194988003168, Price=3.6965
[2026-03-22T18:25:25.340Z] Trend Direction: 15m=UP, 4h=UP
[2026-03-22T18:25:25.343Z] Starting multi-timeframe confirmation...
[2026-03-22T18:25:25.344Z] Adjusted position size with sentiment: 21.68722490
[2026-03-22T18:25:25.350Z] Type of dailyLossCheck: function
[2026-03-22T18:25:25.440Z] USDT available: 27.10903112
[2026-03-22T18:25:25.509Z] Calculated position size (USDT): 21.68722490
[2026-03-22T18:25:25.564Z] Last price: 3.6965
[2026-03-22T18:25:25.572Z] Calculated quantity: 5.86696196
[2026-03-22T18:25:25.574Z] No trade executed for frxUSDPLN due to signal: HOLD
[2026-03-22T18:25:25.584Z] Mapping candle data...
[2026-03-22T18:25:25.627Z] Long-term ATR (4H): 0.0013417105263157881
[2026-03-22T18:25:25.630Z] Calling analyze function...
[2026-03-22T18:25:25.634Z] Analyze function returned: Signal=HOLD, RSI=51.47, EMA=1.3722478654873451, ATR=0.00012922538775760013, Price=1.37226
[2026-03-22T18:25:25.639Z] Trend Direction: 15m=DOWN, 4h=UP
[2026-03-22T18:25:25.642Z] Starting multi-timeframe confirmation...
[2026-03-22T18:25:25.655Z] Adjusted position size with sentiment: 21.68722490
[2026-03-22T18:25:25.658Z] Type of dailyLossCheck: function
[2026-03-22T18:25:25.662Z] USDT available: 27.10903112
[2026-03-22T18:25:25.666Z] Calculated position size (USDT): 21.68722490
[2026-03-22T18:25:25.667Z] Last price: 1.37226
[2026-03-22T18:25:25.670Z] Calculated quantity: 15.80402030
[2026-03-22T18:25:25.674Z] No trade executed for frxUSDCAD due to signal: HOLD
[2026-03-22T18:25:25.720Z] Mapping candle data...
[2026-03-22T18:25:25.732Z] Long-term ATR (4H): 0.00201184210526316
[2026-03-22T18:25:25.738Z] Calling analyze function...
[2026-03-22T18:25:25.745Z] Analyze function returned: Signal=HOLD, RSI=64.89, EMA=0.9633638135833719, ATR=0.0001720674354108004, Price=0.96369
[2026-03-22T18:25:25.748Z] Trend Direction: 15m=DOWN, 4h=UP
[2026-03-22T18:25:25.750Z] Starting multi-timeframe confirmation...
[2026-03-22T18:25:25.758Z] Adjusted position size with sentiment: 21.68722490
[2026-03-22T18:25:25.763Z] Type of dailyLossCheck: function
[2026-03-22T18:25:25.764Z] USDT available: 27.10903112
[2026-03-22T18:25:25.766Z] Calculated position size (USDT): 21.68722490
[2026-03-22T18:25:25.770Z] Last price: 0.96369
[2026-03-22T18:25:25.774Z] Calculated quantity: 22.50435814
[2026-03-22T18:25:25.776Z] No trade executed for frxAUDCAD due to signal: HOLD
[2026-03-22T18:25:25.780Z] Mapping candle data...
[2026-03-22T18:25:25.782Z] Long-term ATR (4H): 0.0009122222222222211
[2026-03-22T18:25:25.784Z] Calling analyze function...
[2026-03-22T18:25:25.792Z] Analyze function returned: Signal=HOLD, RSI=35.49, EMA=0.09118860837321845, ATR=0.000049756596897642264, Price=0.09109
[2026-03-22T18:25:25.794Z] Trend Direction: 15m=DOWN, 4h=DOWN
[2026-03-22T18:25:25.796Z] Starting multi-timeframe confirmation...
[2026-03-22T18:25:25.801Z] Adjusted position size with sentiment: 21.68722490
[2026-03-22T18:25:25.805Z] Type of dailyLossCheck: function
[2026-03-22T18:25:25.811Z] USDT available: 27.10903112
[2026-03-22T18:25:25.813Z] Calculated position size (USDT): 21.68722490
[2026-03-22T18:25:25.815Z] Last price: 0.09109
[2026-03-22T18:25:25.816Z] Calculated quantity: 238.08568335
[2026-03-22T18:25:25.819Z] No trade executed for DOGEUSDT due to signal: HOLD
[2026-03-22T18:25:25.828Z] Mapping candle data...
[2026-03-22T18:25:25.830Z] Long-term ATR (4H): 0.029121212121212124
[2026-03-22T18:25:25.833Z] Calling analyze function...
[2026-03-22T18:25:25.840Z] Analyze function returned: Signal=HOLD, RSI=36.21, EMA=2.3801195013380414, ATR=0.0014873016285111413, Price=2.377
[2026-03-22T18:25:25.843Z] Trend Direction: 15m=DOWN, 4h=DOWN
[2026-03-22T18:25:25.845Z] Starting multi-timeframe confirmation...
[2026-03-22T18:25:25.849Z] Adjusted position size with sentiment: 21.68722490
[2026-03-22T18:25:25.862Z] Type of dailyLossCheck: function
[2026-03-22T18:25:25.863Z] USDT available: 27.10903112
[2026-03-22T18:25:25.865Z] Calculated position size (USDT): 21.68722490
[2026-03-22T18:25:25.869Z] Last price: 2.377
[2026-03-22T18:25:25.871Z] Calculated quantity: 9.12377993
[2026-03-22T18:25:25.878Z] No trade executed for ICPUSDT due to signal: HOLD
[2026-03-22T18:25:25.881Z] Mapping candle data...
[2026-03-22T18:25:25.882Z] Long-term ATR (4H): 0.002662763157894736
[2026-03-22T18:25:25.886Z] Calling analyze function...
[2026-03-22T18:25:25.896Z] Analyze function returned: Signal=HOLD, RSI=68.51, EMA=1.9841558422647145, ATR=0.0002935921174633473, Price=1.98498
[2026-03-22T18:25:25.899Z] Trend Direction: 15m=UP, 4h=UP
[2026-03-22T18:25:25.902Z] Starting multi-timeframe confirmation...
[2026-03-22T18:25:25.907Z] Adjusted position size with sentiment: 21.68722490
[2026-03-22T18:25:25.910Z] Type of dailyLossCheck: function
[2026-03-22T18:25:25.916Z] USDT available: 27.10903112
[2026-03-22T18:25:25.922Z] Calculated position size (USDT): 21.68722490
[2026-03-22T18:25:25.927Z] Last price: 1.98498
[2026-03-22T18:25:25.929Z] Calculated quantity: 10.92566419
[2026-03-22T18:25:25.930Z] No trade executed for frxEURNZD due to signal: HOLD
[2026-03-22T18:25:25.937Z] Mapping candle data...
[2026-03-22T18:25:25.941Z] Long-term ATR (4H): 0.0011801315789473545
[2026-03-22T18:25:25.944Z] Calling analyze function...
[2026-03-22T18:25:25.948Z] Analyze function returned: Signal=HOLD, RSI=55.33, EMA=1.0512848462650703, ATR=0.000112326995366551, Price=1.05136
[2026-03-22T18:25:25.950Z] Trend Direction: 15m=DOWN, 4h=UP
[2026-03-22T18:25:25.953Z] Starting multi-timeframe confirmation...
[2026-03-22T18:25:25.957Z] Adjusted position size with sentiment: 21.68722490
[2026-03-22T18:25:25.960Z] Type of dailyLossCheck: function
[2026-03-22T18:25:25.961Z] USDT available: 27.10903112
[2026-03-22T18:25:25.963Z] Calculated position size (USDT): 21.68722490
[2026-03-22T18:25:25.965Z] Last price: 1.05136
[2026-03-22T18:25:25.967Z] Calculated quantity: 20.62778201
[2026-03-22T18:25:25.974Z] No trade executed for frxGBPCHF due to signal: HOLD
[2026-03-22T18:25:25.978Z] Mapping candle data...
[2026-03-22T18:25:25.980Z] Long-term ATR (4H): 0.0023874999999999925
[2026-03-22T18:25:25.981Z] Calling analyze function...
[2026-03-22T18:25:25.990Z] Analyze function returned: Signal=HOLD, RSI=67.64, EMA=1.3338678327523712, ATR=0.000165396705569508, Price=1.33432
[2026-03-22T18:25:25.993Z] Trend Direction: 15m=DOWN, 4h=DOWN
[2026-03-22T18:25:25.994Z] Starting multi-timeframe confirmation...
[2026-03-22T18:25:25.996Z] Adjusted position size with sentiment: 21.68722490
[2026-03-22T18:25:25.997Z] Type of dailyLossCheck: function
[2026-03-22T18:25:25.998Z] USDT available: 27.10903112
[2026-03-22T18:25:26.001Z] Calculated position size (USDT): 21.68722490
[2026-03-22T18:25:26.007Z] Last price: 1.33432
[2026-03-22T18:25:26.010Z] Calculated quantity: 16.25339116
[2026-03-22T18:25:26.012Z] No trade executed for frxGBPUSD due to signal: HOLD
[2026-03-22T18:25:26.014Z] Mapping candle data...
[2026-03-22T18:25:26.016Z] Long-term ATR (4H): 0.0012149999999999865
[2026-03-22T18:25:26.020Z] Calling analyze function...
[2026-03-22T18:25:26.027Z] Analyze function returned: Signal=HOLD, RSI=67.65, EMA=1.2044157361033847, ATR=0.00015085975559953358, Price=1.20469
[2026-03-22T18:25:26.030Z] Trend Direction: 15m=DOWN, 4h=UP
[2026-03-22T18:25:26.032Z] Starting multi-timeframe confirmation...
[2026-03-22T18:25:26.034Z] Adjusted position size with sentiment: 21.68722490
[2026-03-22T18:25:26.039Z] Type of dailyLossCheck: function
[2026-03-22T18:25:26.041Z] USDT available: 27.10903112
[2026-03-22T18:25:26.043Z] Calculated position size (USDT): 21.68722490
[2026-03-22T18:25:26.044Z] Last price: 1.20469
[2026-03-22T18:25:26.046Z] Calculated quantity: 18.00232831
[2026-03-22T18:25:26.048Z] No trade executed for frxAUDNZD due to signal: HOLD
[2026-03-22T18:25:26.053Z] Mapping candle data...
[2026-03-22T18:25:26.055Z] Long-term ATR (4H): 0.0014439473684210579
[2026-03-22T18:25:26.058Z] Calling analyze function...
[2026-03-22T18:25:26.064Z] Analyze function returned: Signal=HOLD, RSI=53.74, EMA=0.582905029874913, ATR=0.00008642877521857425, Price=0.58293
[2026-03-22T18:25:26.069Z] Trend Direction: 15m=DOWN, 4h=DOWN
[2026-03-22T18:25:26.074Z] Starting multi-timeframe confirmation...
[2026-03-22T18:25:26.075Z] Adjusted position size with sentiment: 21.68722490
[2026-03-22T18:25:26.077Z] Type of dailyLossCheck: function
[2026-03-22T18:25:26.079Z] USDT available: 27.10903112
[2026-03-22T18:25:26.081Z] Calculated position size (USDT): 21.68722490
[2026-03-22T18:25:26.083Z] Last price: 0.58293
[2026-03-22T18:25:26.087Z] Calculated quantity: 37.20382361
[2026-03-22T18:25:26.091Z] No trade executed for frxNZDUSD due to signal: HOLD
[2026-03-22T18:25:26.094Z] Mapping candle data...
[2026-03-22T18:25:26.096Z] Long-term ATR (4H): 0.003263026315789464
[2026-03-22T18:25:26.099Z] Calling analyze function...
[2026-03-22T18:25:26.103Z] Analyze function returned: Signal=HOLD, RSI=62.34, EMA=2.2883275097966895, ATR=0.00037395549819568174, Price=2.28897
[2026-03-22T18:25:26.109Z] Trend Direction: 15m=UP, 4h=UP
[2026-03-22T18:25:26.110Z] Starting multi-timeframe confirmation...
[2026-03-22T18:25:26.113Z] Adjusted position size with sentiment: 21.68722490
[2026-03-22T18:25:26.115Z] Type of dailyLossCheck: function
[2026-03-22T18:25:26.120Z] USDT available: 27.10903112
[2026-03-22T18:25:26.126Z] Calculated position size (USDT): 21.68722490
[2026-03-22T18:25:26.128Z] Last price: 2.28897
[2026-03-22T18:25:26.129Z] Calculated quantity: 9.47466542
[2026-03-22T18:25:26.130Z] No trade executed for frxGBPNZD due to signal: HOLD
[2026-03-22T18:25:26.134Z] Mapping candle data...
[2026-03-22T18:25:26.141Z] Long-term ATR (4H): 0.0009110526315789426
[2026-03-22T18:25:26.144Z] Calling analyze function...
[2026-03-22T18:25:26.149Z] Analyze function returned: Signal=HOLD, RSI=53.44, EMA=0.5533267274037208, ATR=0.00009522785202610143, Price=0.55333
[2026-03-22T18:25:26.152Z] Trend Direction: 15m=DOWN, 4h=UP
[2026-03-22T18:25:26.159Z] Starting multi-timeframe confirmation...
[2026-03-22T18:25:26.160Z] Adjusted position size with sentiment: 21.68722490
[2026-03-22T18:25:26.162Z] Type of dailyLossCheck: function
[2026-03-22T18:25:26.165Z] USDT available: 27.10903112
[2026-03-22T18:25:26.169Z] Calculated position size (USDT): 21.68722490
[2026-03-22T18:25:26.174Z] Last price: 0.55333
[2026-03-22T18:25:26.175Z] Calculated quantity: 39.19401604
[2026-03-22T18:25:26.177Z] No trade executed for frxAUDCHF due to signal: HOLD
[2026-03-22T18:25:26.180Z] Mapping candle data...
[2026-03-22T18:25:26.181Z] Long-term ATR (4H): 0.16836842105263186
[2026-03-22T18:25:26.183Z] Calling analyze function...
[2026-03-22T18:25:26.189Z] Analyze function returned: Signal=HOLD, RSI=40.73, EMA=92.84951141123031, ATR=0.01492950662299718, Price=92.827
[2026-03-22T18:25:26.191Z] Trend Direction: 15m=DOWN, 4h=DOWN
[2026-03-22T18:25:26.193Z] Starting multi-timeframe confirmation...
[2026-03-22T18:25:26.194Z] Adjusted position size with sentiment: 21.68722490
[2026-03-22T18:25:26.197Z] Type of dailyLossCheck: function
[2026-03-22T18:25:26.199Z] USDT available: 27.10903112
[2026-03-22T18:25:26.202Z] Calculated position size (USDT): 21.68722490
[2026-03-22T18:25:26.208Z] Last price: 92.827
[2026-03-22T18:25:26.210Z] Calculated quantity: 0.23363057
[2026-03-22T18:25:26.212Z] No trade executed for frxNZDJPY due to signal: HOLD
[2026-03-22T18:25:26.226Z] Mapping candle data...
[2026-03-22T18:25:26.230Z] Long-term ATR (4H): 0.21769736842105358
[2026-03-22T18:25:26.231Z] Calling analyze function...
[2026-03-22T18:25:26.238Z] Analyze function returned: Signal=HOLD, RSI=27.62, EMA=159.28885631293846, ATR=0.013069059057638024, Price=159.242
[2026-03-22T18:25:26.241Z] Trend Direction: 15m=UP, 4h=UP
[2026-03-22T18:25:26.243Z] Starting multi-timeframe confirmation...
[2026-03-22T18:25:26.244Z] Adjusted position size with sentiment: 21.68722490
[2026-03-22T18:25:26.247Z] Type of dailyLossCheck: function
[2026-03-22T18:25:26.248Z] USDT available: 27.10903112
[2026-03-22T18:25:26.250Z] Calculated position size (USDT): 21.68722490
[2026-03-22T18:25:26.255Z] Last price: 159.242
[2026-03-22T18:25:26.258Z] Calculated quantity: 0.13619036
[2026-03-22T18:25:26.261Z] No trade executed for frxUSDJPY due to signal: HOLD
[2026-03-22T18:25:26.264Z] Mapping candle data...
[2026-03-22T18:25:26.266Z] Long-term ATR (4H): 0.05173026315789473
[2026-03-22T18:25:26.269Z] Calling analyze function...
[2026-03-22T18:25:26.276Z] Analyze function returned: Signal=HOLD, RSI=36.04, EMA=17.920155012576025, ATR=0.003201092502371834, Price=17.9171
[2026-03-22T18:25:26.277Z] Trend Direction: 15m=UP, 4h=UP
[2026-03-22T18:25:26.279Z] Starting multi-timeframe confirmation...
[2026-03-22T18:25:26.281Z] Adjusted position size with sentiment: 21.68722490
[2026-03-22T18:25:26.284Z] Type of dailyLossCheck: function
[2026-03-22T18:25:26.288Z] USDT available: 27.10903112
[2026-03-22T18:25:26.292Z] Calculated position size (USDT): 21.68722490
[2026-03-22T18:25:26.293Z] Last price: 17.9171
[2026-03-22T18:25:26.295Z] Calculated quantity: 1.21042049
[2026-03-22T18:25:26.298Z] No trade executed for frxUSDMXN due to signal: HOLD
[2026-03-22T18:25:26.306Z] Mapping candle data...
[2026-03-22T18:25:26.309Z] Long-term ATR (4H): 0.017794210526315826
[2026-03-22T18:25:26.311Z] Calling analyze function...
[2026-03-22T18:25:26.321Z] Analyze function returned: Signal=HOLD, RSI=44.35, EMA=9.566624400603146, ATR=0.0011776474819125758, Price=9.56577
[2026-03-22T18:25:26.325Z] Trend Direction: 15m=UP, 4h=DOWN
[2026-03-22T18:25:26.326Z] Starting multi-timeframe confirmation...
[2026-03-22T18:25:26.328Z] Adjusted position size with sentiment: 21.68722490
[2026-03-22T18:25:26.330Z] Type of dailyLossCheck: function
[2026-03-22T18:25:26.331Z] USDT available: 27.10903112
[2026-03-22T18:25:26.335Z] Calculated position size (USDT): 21.68722490
[2026-03-22T18:25:26.340Z] Last price: 9.56577
[2026-03-22T18:25:26.342Z] Calculated quantity: 2.26716980
[2026-03-22T18:25:26.344Z] No trade executed for frxUSDNOK due to signal: HOLD
[2026-03-22T18:25:26.347Z] Mapping candle data...
[2026-03-22T18:25:26.351Z] Long-term ATR (4H): 0.02706000000000006
[2026-03-22T18:25:26.354Z] Calling analyze function...
[2026-03-22T18:25:26.361Z] Analyze function returned: Signal=HOLD, RSI=29.92, EMA=9.348677588201673, ATR=0.001352764130313392, Price=9.34486
[2026-03-22T18:25:26.363Z] Trend Direction: 15m=UP, 4h=UP
[2026-03-22T18:25:26.365Z] Starting multi-timeframe confirmation...
[2026-03-22T18:25:26.371Z] Adjusted position size with sentiment: 21.68722490
[2026-03-22T18:25:26.374Z] Type of dailyLossCheck: function
[2026-03-22T18:25:26.375Z] USDT available: 27.10903112
[2026-03-22T18:25:26.379Z] Calculated position size (USDT): 21.68722490
[2026-03-22T18:25:26.381Z] Last price: 9.34486
[2026-03-22T18:25:26.387Z] Calculated quantity: 2.32076509
[2026-03-22T18:25:26.390Z] No trade executed for frxUSDSEK due to signal: HOLD
[2026-03-22T18:25:26.392Z] Mapping candle data...
[2026-03-22T18:25:26.394Z] Long-term ATR (4H): 0.016657236842105242
[2026-03-22T18:25:26.398Z] Calling analyze function...
[2026-03-22T18:25:26.407Z] Analyze function returned: Signal=HOLD, RSI=68.31, EMA=12.761989407397023, ATR=0.0025167504540889465, Price=12.76649
[2026-03-22T18:25:26.408Z] Trend Direction: 15m=UP, 4h=DOWN
[2026-03-22T18:25:26.410Z] Starting multi-timeframe confirmation...
[2026-03-22T18:25:26.412Z] Adjusted position size with sentiment: 21.68722490
[2026-03-22T18:25:26.414Z] Type of dailyLossCheck: function
[2026-03-22T18:25:26.416Z] USDT available: 27.10903112
[2026-03-22T18:25:26.421Z] Calculated position size (USDT): 21.68722490
[2026-03-22T18:25:26.425Z] Last price: 12.76649
[2026-03-22T18:25:26.426Z] Calculated quantity: 1.69876175
[2026-03-22T18:25:26.428Z] No trade executed for frxGBPNOK due to signal: HOLD
[2026-03-22T18:26:26.451Z] Skipping news sentiment fetch. Next fetch in approximately 2 minutes.
[2026-03-22T18:26:26.501Z] Entering symbol loop.
[2026-03-22T18:26:27.499Z] Fetched Bitget balances successfully.
[2026-03-22T18:26:27.769Z] Fetched Deriv balances successfully.
[2026-03-22T18:26:27.770Z] Current Balance: 27.11 USDT, Initial Balance: 27.11 USDT, Peak Balance: 27.11 USDT
[2026-03-22T18:26:27.773Z] Daily Loss Percent: 0.00%, Total Drawdown Percent: 0.00%
[2026-03-22T18:26:27.776Z] Processing symbol: BTCUSDT
[2026-03-22T18:26:27.779Z] Fetching 1m candles for BTCUSDT
[2026-03-22T18:26:27.783Z] Processing symbol: ETHUSDT
[2026-03-22T18:26:27.791Z] Fetching 1m candles for ETHUSDT
[2026-03-22T18:26:27.794Z] Processing symbol: XRPUSDT
[2026-03-22T18:26:27.797Z] Fetching 1m candles for XRPUSDT
[2026-03-22T18:26:27.802Z] Processing symbol: ADAUSDT
[2026-03-22T18:26:27.806Z] Fetching 1m candles for ADAUSDT
[2026-03-22T18:26:27.811Z] Processing symbol: SOLUSDT
[2026-03-22T18:26:27.816Z] Fetching 1m candles for SOLUSDT
[2026-03-22T18:26:27.818Z] Processing symbol: DOGEUSDT
[2026-03-22T18:26:27.820Z] Fetching 1m candles for DOGEUSDT
[2026-03-22T18:26:27.822Z] Processing symbol: DOTUSDT
[2026-03-22T18:26:27.826Z] Fetching 1m candles for DOTUSDT
[2026-03-22T18:26:27.828Z] Processing symbol: LTCUSDT
[2026-03-22T18:26:27.831Z] Fetching 1m candles for LTCUSDT
[2026-03-22T18:26:27.835Z] Processing symbol: BCHUSDT
[2026-03-22T18:26:27.837Z] Fetching 1m candles for BCHUSDT
[2026-03-22T18:26:27.842Z] Processing symbol: LINKUSDT
[2026-03-22T18:26:27.846Z] Fetching 1m candles for LINKUSDT
[2026-03-22T18:26:27.849Z] Processing symbol: TRXUSDT
[2026-03-22T18:26:27.852Z] Fetching 1m candles for TRXUSDT
[2026-03-22T18:26:27.855Z] Processing symbol: UNIUSDT
[2026-03-22T18:26:27.860Z] Fetching 1m candles for UNIUSDT
[2026-03-22T18:26:27.862Z] Processing symbol: AVAXUSDT
[2026-03-22T18:26:27.867Z] Fetching 1m candles for AVAXUSDT
[2026-03-22T18:26:27.870Z] Processing symbol: ETCUSDT
[2026-03-22T18:26:27.872Z] Fetching 1m candles for ETCUSDT
[2026-03-22T18:26:27.877Z] Processing symbol: XLMUSDT
[2026-03-22T18:26:27.878Z] Fetching 1m candles for XLMUSDT
[2026-03-22T18:26:27.924Z] Processing symbol: FILUSDT
[2026-03-22T18:26:27.990Z] Fetching 1m candles for FILUSDT
[2026-03-22T18:26:28.034Z] Processing symbol: ICPUSDT
[2026-03-22T18:26:28.080Z] Fetching 1m candles for ICPUSDT
[2026-03-22T18:26:28.086Z] Processing symbol: VETUSDT
[2026-03-22T18:26:28.090Z] Fetching 1m candles for VETUSDT
[2026-03-22T18:26:28.093Z] Processing symbol: BNBUSDT
[2026-03-22T18:26:28.095Z] Fetching 1m candles for BNBUSDT
[2026-03-22T18:26:28.099Z] Processing symbol: OPUSDT
[2026-03-22T18:26:28.114Z] Fetching 1m candles for OPUSDT
[2026-03-22T18:26:28.141Z] Processing symbol: frxXAUUSD
[2026-03-22T18:26:28.144Z] Fetching 1m candles for frxXAUUSD
[2026-03-22T18:26:28.148Z] DEBUG: getCandles called for symbol: frxXAUUSD, timeframe: 1m
[2026-03-22T18:26:28.152Z] Processing symbol: frxXAGUSD
[2026-03-22T18:26:28.154Z] Fetching 1m candles for frxXAGUSD
[2026-03-22T18:26:28.155Z] DEBUG: getCandles called for symbol: frxXAGUSD, timeframe: 1m
[2026-03-22T18:26:28.157Z] Processing symbol: frxXPTUSD
[2026-03-22T18:26:28.159Z] Fetching 1m candles for frxXPTUSD
[2026-03-22T18:26:28.160Z] DEBUG: getCandles called for symbol: frxXPTUSD, timeframe: 1m
[2026-03-22T18:26:28.162Z] Processing symbol: frxXPDUSD
[2026-03-22T18:26:28.164Z] Fetching 1m candles for frxXPDUSD
[2026-03-22T18:26:28.167Z] DEBUG: getCandles called for symbol: frxXPDUSD, timeframe: 1m
[2026-03-22T18:26:28.170Z] Processing symbol: frxAUDUSD
[2026-03-22T18:26:28.176Z] Fetching 1m candles for frxAUDUSD
[2026-03-22T18:26:28.177Z] DEBUG: getCandles called for symbol: frxAUDUSD, timeframe: 1m
[2026-03-22T18:26:28.179Z] Processing symbol: frxEURUSD
[2026-03-22T18:26:28.182Z] Fetching 1m candles for frxEURUSD
[2026-03-22T18:26:28.184Z] DEBUG: getCandles called for symbol: frxEURUSD, timeframe: 1m
[2026-03-22T18:26:28.186Z] Processing symbol: frxGBPUSD
[2026-03-22T18:26:28.190Z] Fetching 1m candles for frxGBPUSD
[2026-03-22T18:26:28.193Z] DEBUG: getCandles called for symbol: frxGBPUSD, timeframe: 1m
[2026-03-22T18:26:28.195Z] Processing symbol: frxUSDJPY
[2026-03-22T18:26:28.198Z] Fetching 1m candles for frxUSDJPY
[2026-03-22T18:26:28.201Z] DEBUG: getCandles called for symbol: frxUSDJPY, timeframe: 1m
[2026-03-22T18:26:28.202Z] Processing symbol: frxUSDCAD
[2026-03-22T18:26:28.205Z] Fetching 1m candles for frxUSDCAD
[2026-03-22T18:26:28.209Z] DEBUG: getCandles called for symbol: frxUSDCAD, timeframe: 1m
[2026-03-22T18:26:28.213Z] Processing symbol: frxUSDCHF
[2026-03-22T18:26:28.214Z] Fetching 1m candles for frxUSDCHF
[2026-03-22T18:26:28.219Z] DEBUG: getCandles called for symbol: frxUSDCHF, timeframe: 1m
[2026-03-22T18:26:28.221Z] Processing symbol: frxAUDCAD
[2026-03-22T18:26:28.224Z] Fetching 1m candles for frxAUDCAD
[2026-03-22T18:26:28.227Z] DEBUG: getCandles called for symbol: frxAUDCAD, timeframe: 1m
[2026-03-22T18:26:28.229Z] Processing symbol: frxAUDCHF
[2026-03-22T18:26:28.232Z] Fetching 1m candles for frxAUDCHF
[2026-03-22T18:26:28.233Z] DEBUG: getCandles called for symbol: frxAUDCHF, timeframe: 1m
[2026-03-22T18:26:28.236Z] Processing symbol: frxAUDJPY
[2026-03-22T18:26:28.241Z] Fetching 1m candles for frxAUDJPY
[2026-03-22T18:26:28.242Z] DEBUG: getCandles called for symbol: frxAUDJPY, timeframe: 1m
[2026-03-22T18:26:28.244Z] Processing symbol: frxAUDNZD
[2026-03-22T18:26:28.247Z] Fetching 1m candles for frxAUDNZD
[2026-03-22T18:26:28.249Z] DEBUG: getCandles called for symbol: frxAUDNZD, timeframe: 1m
[2026-03-22T18:26:28.251Z] Processing symbol: frxEURAUD
[2026-03-22T18:26:28.254Z] Fetching 1m candles for frxEURAUD
[2026-03-22T18:26:28.259Z] DEBUG: getCandles called for symbol: frxEURAUD, timeframe: 1m
[2026-03-22T18:26:28.261Z] Processing symbol: frxEURCAD
[2026-03-22T18:26:28.264Z] Fetching 1m candles for frxEURCAD
[2026-03-22T18:26:28.265Z] DEBUG: getCandles called for symbol: frxEURCAD, timeframe: 1m
[2026-03-22T18:26:28.268Z] Processing symbol: frxEURCHF
[2026-03-22T18:26:28.270Z] Fetching 1m candles for frxEURCHF
[2026-03-22T18:26:28.276Z] DEBUG: getCandles called for symbol: frxEURCHF, timeframe: 1m
[2026-03-22T18:26:28.278Z] Processing symbol: frxEURGBP
[2026-03-22T18:26:28.280Z] Fetching 1m candles for frxEURGBP
[2026-03-22T18:26:28.284Z] DEBUG: getCandles called for symbol: frxEURGBP, timeframe: 1m
[2026-03-22T18:26:28.287Z] Processing symbol: frxEURJPY
[2026-03-22T18:26:28.292Z] Fetching 1m candles for frxEURJPY
[2026-03-22T18:26:28.295Z] DEBUG: getCandles called for symbol: frxEURJPY, timeframe: 1m
[2026-03-22T18:26:28.298Z] Processing symbol: frxEURNZD
[2026-03-22T18:26:28.300Z] Fetching 1m candles for frxEURNZD
[2026-03-22T18:26:28.302Z] DEBUG: getCandles called for symbol: frxEURNZD, timeframe: 1m
[2026-03-22T18:26:28.308Z] Processing symbol: frxGBPAUD
[2026-03-22T18:26:28.309Z] Fetching 1m candles for frxGBPAUD
[2026-03-22T18:26:28.311Z] DEBUG: getCandles called for symbol: frxGBPAUD, timeframe: 1m
[2026-03-22T18:26:28.314Z] Processing symbol: frxGBPCAD
[2026-03-22T18:26:28.315Z] Fetching 1m candles for frxGBPCAD
[2026-03-22T18:26:28.317Z] DEBUG: getCandles called for symbol: frxGBPCAD, timeframe: 1m
[2026-03-22T18:26:28.322Z] Processing symbol: frxGBPCHF
[2026-03-22T18:26:28.325Z] Fetching 1m candles for frxGBPCHF
[2026-03-22T18:26:28.327Z] DEBUG: getCandles called for symbol: frxGBPCHF, timeframe: 1m
[2026-03-22T18:26:28.330Z] Processing symbol: frxGBPJPY
[2026-03-22T18:26:28.331Z] Fetching 1m candles for frxGBPJPY
[2026-03-22T18:26:28.333Z] DEBUG: getCandles called for symbol: frxGBPJPY, timeframe: 1m
[2026-03-22T18:26:28.336Z] Processing symbol: frxGBPNOK
[2026-03-22T18:26:28.337Z] Fetching 1m candles for frxGBPNOK
[2026-03-22T18:26:28.342Z] DEBUG: getCandles called for symbol: frxGBPNOK, timeframe: 1m
[2026-03-22T18:26:28.344Z] Processing symbol: frxGBPNZD
[2026-03-22T18:26:28.348Z] Fetching 1m candles for frxGBPNZD
[2026-03-22T18:26:28.350Z] DEBUG: getCandles called for symbol: frxGBPNZD, timeframe: 1m
[2026-03-22T18:26:28.355Z] Processing symbol: frxNZDJPY
[2026-03-22T18:26:28.358Z] Fetching 1m candles for frxNZDJPY
[2026-03-22T18:26:28.360Z] DEBUG: getCandles called for symbol: frxNZDJPY, timeframe: 1m
[2026-03-22T18:26:28.363Z] Processing symbol: frxNZDUSD
[2026-03-22T18:26:28.368Z] Fetching 1m candles for frxNZDUSD
[2026-03-22T18:26:28.372Z] DEBUG: getCandles called for symbol: frxNZDUSD, timeframe: 1m
[2026-03-22T18:26:28.376Z] Processing symbol: frxUSDMXN
[2026-03-22T18:26:28.378Z] Fetching 1m candles for frxUSDMXN
[2026-03-22T18:26:28.383Z] DEBUG: getCandles called for symbol: frxUSDMXN, timeframe: 1m
[2026-03-22T18:26:28.386Z] Processing symbol: frxUSDNOK
[2026-03-22T18:26:28.392Z] Fetching 1m candles for frxUSDNOK
[2026-03-22T18:26:28.394Z] DEBUG: getCandles called for symbol: frxUSDNOK, timeframe: 1m
[2026-03-22T18:26:28.399Z] Processing symbol: frxUSDPLN
[2026-03-22T18:26:28.401Z] Fetching 1m candles for frxUSDPLN
[2026-03-22T18:26:28.407Z] DEBUG: getCandles called for symbol: frxUSDPLN, timeframe: 1m
[2026-03-22T18:26:28.409Z] Processing symbol: frxUSDSEK
[2026-03-22T18:26:28.411Z] Fetching 1m candles for frxUSDSEK
[2026-03-22T18:26:28.413Z] DEBUG: getCandles called for symbol: frxUSDSEK, timeframe: 1m
[2026-03-22T18:26:28.807Z] Fetched 1m candles for BTCUSDT. Sample: [["1774198020000","68726.3","68764.1","68726.3","68746","9.7929","673277.29965"],["1774198080000","68746","68761","68744.2","68761","3.4024","233939.278"]]
[2026-03-22T18:26:28.818Z] Fetching 15m candles for BTCUSDT
[2026-03-22T18:26:28.962Z] Fetched 1m candles for frxXPTUSD. Sample: [[1774034160000,1924.14,1925.44,1923.24,1923.52],[1774034220000,1923.64,1926.4,1922.42,1924.01]]
[2026-03-22T18:26:28.965Z] Fetching 15m candles for frxXPTUSD
[2026-03-22T18:26:28.968Z] DEBUG: getCandles called for symbol: frxXPTUSD, timeframe: 15m
[2026-03-22T18:26:28.974Z] Fetched 1m candles for frxXAGUSD. Sample: [[1774034160000,68.1775,68.1827,68.062,68.072],[1774034220000,68.0877,68.1249,67.958,68.0762]]
[2026-03-22T18:26:28.978Z] Fetching 15m candles for frxXAGUSD
[2026-03-22T18:26:28.981Z] DEBUG: getCandles called for symbol: frxXAGUSD, timeframe: 15m
[2026-03-22T18:26:28.986Z] Fetched 1m candles for frxXPDUSD. Sample: [[1774034160000,1412.38,1413.97,1412.06,1412.16],[1774034220000,1412.16,1412.93,1411.53,1412.58]]
[2026-03-22T18:26:28.990Z] Fetching 15m candles for frxXPDUSD
[2026-03-22T18:26:28.992Z] DEBUG: getCandles called for symbol: frxXPDUSD, timeframe: 15m
[2026-03-22T18:26:28.996Z] Fetched 1m candles for frxXAUUSD. Sample: [[1774034160000,4507.11,4507.11,4500.65,4501.53],[1774034220000,4501.79,4502.89,4493.47,4499.96]]
[2026-03-22T18:26:28.998Z] Fetching 15m candles for frxXAUUSD
[2026-03-22T18:26:29.001Z] DEBUG: getCandles called for symbol: frxXAUUSD, timeframe: 15m
[2026-03-22T18:26:29.006Z] Fetched 1m candles for frxUSDCHF. Sample: [[1774034160000,0.78843,0.78856,0.78839,0.78855],[1774034220000,0.78855,0.7886,0.78837,0.78841]]
[2026-03-22T18:26:29.010Z] Fetching 15m candles for frxUSDCHF
[2026-03-22T18:26:29.013Z] DEBUG: getCandles called for symbol: frxUSDCHF, timeframe: 15m
[2026-03-22T18:26:29.017Z] Fetched 1m candles for frxAUDUSD. Sample: [[1774034160000,0.70142,0.70143,0.70125,0.70128],[1774034220000,0.70129,0.70139,0.70109,0.70133]]
[2026-03-22T18:26:29.019Z] Fetching 15m candles for frxAUDUSD
[2026-03-22T18:26:29.021Z] DEBUG: getCandles called for symbol: frxAUDUSD, timeframe: 15m
[2026-03-22T18:26:29.028Z] Fetched 1m candles for frxAUDCHF. Sample: [[1774034160000,0.55301,0.55301,0.55296,0.55299],[1774034220000,0.553,0.553,0.55288,0.55293]]
[2026-03-22T18:26:29.031Z] Fetching 15m candles for frxAUDCHF
[2026-03-22T18:26:29.034Z] DEBUG: getCandles called for symbol: frxAUDCHF, timeframe: 15m
[2026-03-22T18:26:29.235Z] Fetched 1m candles for frxEURCHF. Sample: [[1774034160000,0.91098,0.911,0.91096,0.911],[1774034220000,0.91102,0.91107,0.91099,0.91105]]
[2026-03-22T18:26:29.247Z] Fetching 15m candles for frxEURCHF
[2026-03-22T18:26:29.252Z] DEBUG: getCandles called for symbol: frxEURCHF, timeframe: 15m
[2026-03-22T18:26:29.255Z] Fetched 1m candles for frxEURGBP. Sample: [[1774034160000,0.86655,0.86655,0.86652,0.86653],[1774034220000,0.86654,0.86667,0.86654,0.86666]]
[2026-03-22T18:26:29.262Z] Fetching 15m candles for frxEURGBP
[2026-03-22T18:26:29.264Z] DEBUG: getCandles called for symbol: frxEURGBP, timeframe: 15m
[2026-03-22T18:26:29.269Z] Fetched 1m candles for frxAUDJPY. Sample: [[1774034160000,111.735,111.735,111.716,111.72],[1774034220000,111.721,111.731,111.698,111.723]]
[2026-03-22T18:26:29.271Z] Fetching 15m candles for frxAUDJPY
[2026-03-22T18:26:29.276Z] DEBUG: getCandles called for symbol: frxAUDJPY, timeframe: 15m
[2026-03-22T18:26:29.282Z] Fetched 1m candles for frxEURCAD. Sample: [[1774034160000,1.58511,1.58523,1.58497,1.58499],[1774034220000,1.58498,1.58519,1.58498,1.58514]]
[2026-03-22T18:26:29.287Z] Fetching 15m candles for frxEURCAD
[2026-03-22T18:26:29.288Z] DEBUG: getCandles called for symbol: frxEURCAD, timeframe: 15m
[2026-03-22T18:26:29.327Z] Fetched 1m candles for frxEURAUD. Sample: [[1774034160000,1.64731,1.64747,1.64731,1.64741],[1774034220000,1.6474,1.64785,1.6474,1.64766]]
[2026-03-22T18:26:29.330Z] Fetching 15m candles for frxEURAUD
[2026-03-22T18:26:29.335Z] DEBUG: getCandles called for symbol: frxEURAUD, timeframe: 15m
[2026-03-22T18:26:29.339Z] Fetched 1m candles for frxEURNZD. Sample: [[1774034160000,1.98414,1.9845,1.98414,1.98442],[1774034220000,1.98442,1.98472,1.98432,1.98447]]
[2026-03-22T18:26:29.345Z] Fetching 15m candles for frxEURNZD
[2026-03-22T18:26:29.347Z] DEBUG: getCandles called for symbol: frxEURNZD, timeframe: 15m
[2026-03-22T18:26:29.350Z] Fetched 1m candles for frxNZDUSD. Sample: [[1774034160000,0.58234,0.58234,0.58216,0.58218],[1774034220000,0.58219,0.58236,0.5821,0.5823]]
[2026-03-22T18:26:29.353Z] Fetching 15m candles for frxNZDUSD
[2026-03-22T18:26:29.355Z] DEBUG: getCandles called for symbol: frxNZDUSD, timeframe: 15m
[2026-03-22T18:26:29.367Z] Fetched 1m candles for frxAUDNZD. Sample: [[1774034160000,1.20446,1.20464,1.20444,1.20457],[1774034220000,1.20458,1.20458,1.20436,1.20441]]
[2026-03-22T18:26:29.369Z] Fetching 15m candles for frxAUDNZD
[2026-03-22T18:26:29.370Z] DEBUG: getCandles called for symbol: frxAUDNZD, timeframe: 15m
[2026-03-22T18:26:29.376Z] Fetched 1m candles for frxUSDSEK. Sample: [[1774034160000,9.36208,9.36386,9.36175,9.36376],[1774034220000,9.36371,9.36422,9.36147,9.36177]]
[2026-03-22T18:26:29.378Z] Fetching 15m candles for frxUSDSEK
[2026-03-22T18:26:29.380Z] DEBUG: getCandles called for symbol: frxUSDSEK, timeframe: 15m
[2026-03-22T18:26:29.385Z] Fetched 1m candles for frxEURJPY. Sample: [[1774034160000,184.063,184.066,184.048,184.05],[1774034220000,184.049,184.086,184.048,184.082]]
[2026-03-22T18:26:29.387Z] Fetching 15m candles for frxEURJPY
[2026-03-22T18:26:29.388Z] DEBUG: getCandles called for symbol: frxEURJPY, timeframe: 15m
[2026-03-22T18:26:29.395Z] Fetched 1m candles for frxGBPCAD. Sample: [[1774034160000,1.82922,1.82939,1.82903,1.8291],[1774034220000,1.8291,1.82913,1.82898,1.82901]]
[2026-03-22T18:26:29.398Z] Fetching 15m candles for frxGBPCAD
[2026-03-22T18:26:29.402Z] DEBUG: getCandles called for symbol: frxGBPCAD, timeframe: 15m
[2026-03-22T18:26:29.408Z] Fetched 1m candles for frxGBPJPY. Sample: [[1774034160000,212.412,212.419,212.39,212.397],[1774034220000,212.397,212.408,212.38,212.401]]
[2026-03-22T18:26:29.412Z] Fetching 15m candles for frxGBPJPY
[2026-03-22T18:26:29.413Z] DEBUG: getCandles called for symbol: frxGBPJPY, timeframe: 15m
[2026-03-22T18:26:29.417Z] Fetched 1m candles for frxUSDJPY. Sample: [[1774034160000,159.3,159.311,159.292,159.31],[1774034220000,159.308,159.321,159.297,159.301]]
[2026-03-22T18:26:29.424Z] Fetching 15m candles for frxUSDJPY
[2026-03-22T18:26:29.427Z] DEBUG: getCandles called for symbol: frxUSDJPY, timeframe: 15m
[2026-03-22T18:26:29.433Z] Fetched 1m candles for frxEURUSD. Sample: [[1774034160000,1.15545,1.15549,1.15527,1.15529],[1774034220000,1.1553,1.15559,1.15526,1.15555]]
[2026-03-22T18:26:29.436Z] Fetching 15m candles for frxEURUSD
[2026-03-22T18:26:29.438Z] DEBUG: getCandles called for symbol: frxEURUSD, timeframe: 15m
[2026-03-22T18:26:29.444Z] Fetched 1m candles for frxGBPAUD. Sample: [[1774034160000,1.90102,1.90122,1.90101,1.90116],[1774034220000,1.90114,1.90146,1.90106,1.90115]]
[2026-03-22T18:26:29.450Z] Fetching 15m candles for frxGBPAUD
[2026-03-22T18:26:29.453Z] DEBUG: getCandles called for symbol: frxGBPAUD, timeframe: 15m
[2026-03-22T18:26:29.464Z] Fetched 1m candles for frxUSDCAD. Sample: [[1774034160000,1.37194,1.372,1.37192,1.37198],[1774034220000,1.37199,1.3721,1.3718,1.37182]]
[2026-03-22T18:26:29.469Z] Fetching 15m candles for frxUSDCAD
[2026-03-22T18:26:29.474Z] DEBUG: getCandles called for symbol: frxUSDCAD, timeframe: 15m
[2026-03-22T18:26:29.481Z] Fetched 1m candles for frxGBPUSD. Sample: [[1774034160000,1.3334,1.33348,1.33319,1.33323],[1774034220000,1.33324,1.33339,1.33305,1.33335]]
[2026-03-22T18:26:29.485Z] Fetching 15m candles for frxGBPUSD
[2026-03-22T18:26:29.487Z] DEBUG: getCandles called for symbol: frxGBPUSD, timeframe: 15m
[2026-03-22T18:26:29.496Z] Fetched 1m candles for frxGBPCHF. Sample: [[1774034160000,1.05128,1.05131,1.05125,1.05131],[1774034220000,1.05133,1.05133,1.05119,1.05121]]
[2026-03-22T18:26:29.500Z] Fetching 15m candles for frxGBPCHF
[2026-03-22T18:26:29.504Z] DEBUG: getCandles called for symbol: frxGBPCHF, timeframe: 15m
[2026-03-22T18:26:29.511Z] Fetched 1m candles for frxAUDCAD. Sample: [[1774034160000,0.96226,0.96231,0.96206,0.9621],[1774034220000,0.96212,0.96214,0.96193,0.96206]]
[2026-03-22T18:26:29.512Z] Fetching 15m candles for frxAUDCAD
[2026-03-22T18:26:29.514Z] DEBUG: getCandles called for symbol: frxAUDCAD, timeframe: 15m
[2026-03-22T18:26:29.521Z] Fetched 1m candles for frxNZDJPY. Sample: [[1774034160000,92.767,92.767,92.744,92.747],[1774034220000,92.747,92.768,92.738,92.761]]
[2026-03-22T18:26:29.526Z] Fetching 15m candles for frxNZDJPY
[2026-03-22T18:26:29.529Z] DEBUG: getCandles called for symbol: frxNZDJPY, timeframe: 15m
[2026-03-22T18:26:29.534Z] Fetched 1m candles for frxUSDNOK. Sample: [[1774034160000,9.57679,9.57841,9.57645,9.5783],[1774034220000,9.57828,9.57857,9.57675,9.57734]]
[2026-03-22T18:26:29.537Z] Fetching 15m candles for frxUSDNOK
[2026-03-22T18:26:29.543Z] DEBUG: getCandles called for symbol: frxUSDNOK, timeframe: 15m
[2026-03-22T18:26:29.551Z] Fetched 1m candles for frxUSDPLN. Sample: [[1774034160000,3.7022,3.7024,3.7014,3.7021],[1774034220000,3.7021,3.7025,3.7018,3.702]]
[2026-03-22T18:26:29.553Z] Fetching 15m candles for frxUSDPLN
[2026-03-22T18:26:29.560Z] DEBUG: getCandles called for symbol: frxUSDPLN, timeframe: 15m
[2026-03-22T18:26:29.567Z] Fetched 1m candles for frxGBPNOK. Sample: [[1774033920000,12.76802,12.76802,12.76633,12.76765],[1774033980000,12.76782,12.76797,12.76711,12.76763]]
[2026-03-22T18:26:29.570Z] Fetching 15m candles for frxGBPNOK
[2026-03-22T18:26:29.575Z] DEBUG: getCandles called for symbol: frxGBPNOK, timeframe: 15m
[2026-03-22T18:26:29.580Z] Fetched 1m candles for frxUSDMXN. Sample: [[1774034160000,17.9575,17.961,17.9554,17.9603],[1774034220000,17.9604,17.9624,17.954,17.9556]]
[2026-03-22T18:26:29.586Z] Fetching 15m candles for frxUSDMXN
[2026-03-22T18:26:29.718Z] DEBUG: getCandles called for symbol: frxUSDMXN, timeframe: 15m
[2026-03-22T18:26:29.853Z] Fetched 1m candles for frxGBPNZD. Sample: [[1774034160000,2.28974,2.29018,2.28974,2.29005],[1774034220000,2.29004,2.29015,2.28959,2.28975]]
[2026-03-22T18:26:29.859Z] Fetching 15m candles for frxGBPNZD
[2026-03-22T18:26:29.862Z] DEBUG: getCandles called for symbol: frxGBPNZD, timeframe: 15m
[2026-03-22T18:26:29.870Z] Fetched 1m candles for ICPUSDT. Sample: [["1774198020000","2.385","2.388","2.385","2.388","1357.61","3240.83995"],["1774198080000","2.388","2.388","2.388","2.388","0","0"]]
[2026-03-22T18:26:29.876Z] Fetching 15m candles for ICPUSDT
[2026-03-22T18:26:29.880Z] Fetched 1m candles for VETUSDT. Sample: [["1774198020000","0.006948","0.006956","0.006948","0.006952","26177","182.02662"],["1774198080000","0.006952","0.006952","0.006952","0.006952","0","0"]]
[2026-03-22T18:26:29.882Z] Fetching 15m candles for VETUSDT
[2026-03-22T18:26:29.888Z] Fetched 1m candles for OPUSDT. Sample: [["1774198020000","0.1159","0.116","0.1159","0.116","16752.1","1943.2436"],["1774198080000","0.116","0.116","0.116","0.116","0","0"]]
[2026-03-22T18:26:29.892Z] Fetching 15m candles for OPUSDT
[2026-03-22T18:26:29.899Z] Fetched 1m candles for ETCUSDT. Sample: [["1774198020000","8.112","8.125","8.112","8.117","26","211.162"],["1774198080000","8.117","8.117","8.115","8.115","54","438.257"]]
[2026-03-22T18:26:29.902Z] Fetching 15m candles for ETCUSDT
[2026-03-22T18:26:29.909Z] Fetched 1m candles for LTCUSDT. Sample: [["1774198020000","54.09","54.12","54.08","54.09","33.4","1806.765"],["1774198080000","54.09","54.09","54.06","54.06","2.6","140.572"]]
[2026-03-22T18:26:29.916Z] Fetching 15m candles for LTCUSDT
[2026-03-22T18:26:29.921Z] Fetched 1m candles for UNIUSDT. Sample: [["1774198020000","3.483","3.486","3.483","3.486","2","6.972"],["1774198080000","3.486","3.486","3.483","3.483","300","1044.9"]]
[2026-03-22T18:26:29.925Z] Fetching 15m candles for UNIUSDT
[2026-03-22T18:26:29.937Z] Fetched 1m candles for AVAXUSDT. Sample: [["1774198020000","9.084","9.091","9.084","9.085","67.4","612.6074"],["1774198080000","9.085","9.085","9.083","9.083","1.6","14.5335"]]
[2026-03-22T18:26:29.941Z] Fetching 15m candles for AVAXUSDT
[2026-03-22T18:26:29.949Z] Fetched 1m candles for XRPUSDT. Sample: [["1774198020000","1.394","1.3947","1.3933","1.3935","302954","422346.7263"],["1774198080000","1.3935","1.3935","1.3929","1.3929","16229","22610.6136"]]
[2026-03-22T18:26:29.953Z] Fetching 15m candles for XRPUSDT
[2026-03-22T18:26:29.964Z] Fetched 1m candles for FILUSDT. Sample: [["1774198020000","0.8765","0.8777","0.8765","0.8771","7382.4","6477.44829"],["1774198080000","0.8771","0.8771","0.8768","0.8768","2754.8","2415.4456"]]
[2026-03-22T18:26:29.976Z] Fetching 15m candles for FILUSDT
[2026-03-22T18:26:29.982Z] Fetched 1m candles for SOLUSDT. Sample: [["1774198020000","87.378","87.449","87.378","87.382","910.5","79597.4246"],["1774198080000","87.382","87.416","87.376","87.402","975.2","85228.098"]]
[2026-03-22T18:26:29.984Z] Fetching 15m candles for SOLUSDT
[2026-03-22T18:26:29.996Z] Fetched 1m candles for DOGEUSDT. Sample: [["1774198020000","0.09162","0.09171","0.09158","0.09158","86520","7929.53543"],["1774198080000","0.09158","0.09158","0.09155","0.09155","12163","1113.81661"]]
[2026-03-22T18:26:30.000Z] Fetching 15m candles for DOGEUSDT
[2026-03-22T18:26:30.014Z] Fetched 1m candles for BNBUSDT. Sample: [["1774198020000","629.73","630.07","629.73","629.88","1.3","818.8969"],["1774198080000","629.88","629.88","629.68","629.68","70.42","44345.8928"]]
[2026-03-22T18:26:30.018Z] Fetching 15m candles for BNBUSDT
[2026-03-22T18:26:30.033Z] Fetched 1m candles for TRXUSDT. Sample: [["1774198020000","0.31609","0.31618","0.31609","0.31617","9241","2921.73009"],["1774198080000","0.31617","0.31634","0.31617","0.31634","26947","8521.59371"]]
[2026-03-22T18:26:30.077Z] Fetching 15m candles for TRXUSDT
[2026-03-22T18:26:30.126Z] Fetched 1m candles for XLMUSDT. Sample: [["1774198020000","0.15906","0.15919","0.15628","0.1575","4445589","701731.32951"],["1774198080000","0.1575","0.15753","0.15734","0.1575","383674","60414.88136"]]
[2026-03-22T18:26:30.147Z] Fetching 15m candles for XLMUSDT
[2026-03-22T18:26:30.172Z] Fetched 1m candles for LINKUSDT. Sample: [["1774198020000","8.781","8.783","8.779","8.779","108","948.198"],["1774198080000","8.779","8.779","8.776","8.777","62","544.236"]]
[2026-03-22T18:26:30.186Z] Fetching 15m candles for LINKUSDT
[2026-03-22T18:26:30.193Z] Fetched 1m candles for ETHUSDT. Sample: [["1774198020000","2080.45","2081.55","2080.26","2080.69","55.68","115872.4907"],["1774198080000","2080.69","2081.1","2080.69","2080.98","97.04","201936.61"]]
[2026-03-22T18:26:30.215Z] Fetching 15m candles for ETHUSDT
[2026-03-22T18:26:30.228Z] Fetched 1m candles for ADAUSDT. Sample: [["1774198020000","0.2544","0.2547","0.2544","0.2545","96798","24648.083"],["1774198080000","0.2545","0.2545","0.2545","0.2545","4305","1095.6225"]]
[2026-03-22T18:26:30.239Z] Fetching 15m candles for ADAUSDT
[2026-03-22T18:26:30.258Z] Fetched 1m candles for BCHUSDT. Sample: [["1774198020000","468.65","468.93","468.52","468.52","6.85","3210.7246"],["1774198080000","468.52","468.52","468.28","468.28","0.04","18.7312"]]
[2026-03-22T18:26:30.264Z] Fetching 15m candles for BCHUSDT
[2026-03-22T18:26:30.279Z] Fetching 4H candles for BTCUSDT
[2026-03-22T18:26:30.297Z] Fetching 4H candles for frxXAGUSD
[2026-03-22T18:26:30.300Z] DEBUG: getCandles called for symbol: frxXAGUSD, timeframe: 4H
[2026-03-22T18:26:30.307Z] Fetching 4H candles for frxXPDUSD
[2026-03-22T18:26:30.311Z] DEBUG: getCandles called for symbol: frxXPDUSD, timeframe: 4H
[2026-03-22T18:26:30.317Z] Fetched 1m candles for DOTUSDT. Sample: [["1774198020000","1.431","1.434","1.431","1.434","4115","5900.604"],["1774198080000","1.434","1.434","1.433","1.433","220","315.26"]]
[2026-03-22T18:26:30.320Z] Fetching 15m candles for DOTUSDT
[2026-03-22T18:26:30.325Z] Fetching 4H candles for frxUSDCHF
[2026-03-22T18:26:30.329Z] DEBUG: getCandles called for symbol: frxUSDCHF, timeframe: 4H
[2026-03-22T18:26:30.336Z] Fetching 4H candles for frxXPTUSD
[2026-03-22T18:26:30.339Z] DEBUG: getCandles called for symbol: frxXPTUSD, timeframe: 4H
[2026-03-22T18:26:30.346Z] Fetching 4H candles for frxEURGBP
[2026-03-22T18:26:30.348Z] DEBUG: getCandles called for symbol: frxEURGBP, timeframe: 4H
[2026-03-22T18:26:30.354Z] Fetching 4H candles for frxXAUUSD
[2026-03-22T18:26:30.356Z] DEBUG: getCandles called for symbol: frxXAUUSD, timeframe: 4H
[2026-03-22T18:26:30.368Z] Fetching 4H candles for frxAUDUSD
[2026-03-22T18:26:30.371Z] DEBUG: getCandles called for symbol: frxAUDUSD, timeframe: 4H
[2026-03-22T18:26:30.375Z] Fetching 4H candles for frxAUDCHF
[2026-03-22T18:26:30.380Z] DEBUG: getCandles called for symbol: frxAUDCHF, timeframe: 4H
[2026-03-22T18:26:30.386Z] Fetching 4H candles for frxEURCHF
[2026-03-22T18:26:30.388Z] DEBUG: getCandles called for symbol: frxEURCHF, timeframe: 4H
[2026-03-22T18:26:30.402Z] Fetching 4H candles for frxAUDJPY
[2026-03-22T18:26:30.408Z] DEBUG: getCandles called for symbol: frxAUDJPY, timeframe: 4H
[2026-03-22T18:26:30.419Z] Fetching 4H candles for frxEURCAD
[2026-03-22T18:26:30.424Z] DEBUG: getCandles called for symbol: frxEURCAD, timeframe: 4H
[2026-03-22T18:26:30.441Z] Fetching 4H candles for frxEURNZD
[2026-03-22T18:26:30.447Z] DEBUG: getCandles called for symbol: frxEURNZD, timeframe: 4H
[2026-03-22T18:26:30.462Z] Fetching 4H candles for frxEURAUD
[2026-03-22T18:26:30.465Z] DEBUG: getCandles called for symbol: frxEURAUD, timeframe: 4H
[2026-03-22T18:26:30.475Z] Fetching 4H candles for frxAUDNZD
[2026-03-22T18:26:30.478Z] DEBUG: getCandles called for symbol: frxAUDNZD, timeframe: 4H
[2026-03-22T18:26:30.494Z] Fetching 4H candles for frxNZDUSD
[2026-03-22T18:26:30.502Z] DEBUG: getCandles called for symbol: frxNZDUSD, timeframe: 4H
[2026-03-22T18:26:30.511Z] Fetching 4H candles for frxUSDSEK
[2026-03-22T18:26:30.521Z] DEBUG: getCandles called for symbol: frxUSDSEK, timeframe: 4H
[2026-03-22T18:26:30.534Z] Fetching 4H candles for frxEURJPY
[2026-03-22T18:26:30.536Z] DEBUG: getCandles called for symbol: frxEURJPY, timeframe: 4H
[2026-03-22T18:26:30.540Z] Fetching 4H candles for frxGBPJPY
[2026-03-22T18:26:30.541Z] DEBUG: getCandles called for symbol: frxGBPJPY, timeframe: 4H
[2026-03-22T18:26:30.547Z] Fetching 4H candles for frxGBPCAD
[2026-03-22T18:26:30.549Z] DEBUG: getCandles called for symbol: frxGBPCAD, timeframe: 4H
[2026-03-22T18:26:30.554Z] Fetching 4H candles for frxUSDJPY
[2026-03-22T18:26:30.556Z] DEBUG: getCandles called for symbol: frxUSDJPY, timeframe: 4H
[2026-03-22T18:26:30.560Z] Fetching 4H candles for frxEURUSD
[2026-03-22T18:26:30.564Z] DEBUG: getCandles called for symbol: frxEURUSD, timeframe: 4H
[2026-03-22T18:26:30.581Z] Fetching 4H candles for frxUSDCAD
[2026-03-22T18:26:30.584Z] DEBUG: getCandles called for symbol: frxUSDCAD, timeframe: 4H
[2026-03-22T18:26:30.600Z] Fetching 4H candles for OPUSDT
[2026-03-22T18:26:30.607Z] Fetching 4H candles for frxGBPAUD
[2026-03-22T18:26:30.612Z] DEBUG: getCandles called for symbol: frxGBPAUD, timeframe: 4H
[2026-03-22T18:26:30.645Z] Fetching 4H candles for UNIUSDT
[2026-03-22T18:26:30.652Z] Fetching 4H candles for LTCUSDT
[2026-03-22T18:26:30.657Z] Fetching 4H candles for VETUSDT
[2026-03-22T18:26:30.667Z] Fetching 4H candles for ETCUSDT
[2026-03-22T18:26:30.680Z] Fetching 4H candles for AVAXUSDT
[2026-03-22T18:26:30.687Z] Fetching 4H candles for frxAUDCAD
[2026-03-22T18:26:30.689Z] DEBUG: getCandles called for symbol: frxAUDCAD, timeframe: 4H
[2026-03-22T18:26:30.697Z] Fetching 4H candles for ICPUSDT
[2026-03-22T18:26:30.704Z] Fetching 4H candles for frxGBPCHF
[2026-03-22T18:26:30.816Z] DEBUG: getCandles called for symbol: frxGBPCHF, timeframe: 4H
[2026-03-22T18:26:30.955Z] Fetching 4H candles for XRPUSDT
[2026-03-22T18:26:31.032Z] Fetching 4H candles for DOGEUSDT
[2026-03-22T18:26:31.043Z] Fetching 4H candles for frxGBPUSD
[2026-03-22T18:26:31.049Z] DEBUG: getCandles called for symbol: frxGBPUSD, timeframe: 4H
[2026-03-22T18:26:31.054Z] Fetching 4H candles for BNBUSDT
[2026-03-22T18:26:31.057Z] Fetching 4H candles for FILUSDT
[2026-03-22T18:26:31.060Z] Fetching 4H candles for SOLUSDT
[2026-03-22T18:26:31.066Z] Fetching 4H candles for TRXUSDT
[2026-03-22T18:26:31.072Z] Fetching 4H candles for XLMUSDT
[2026-03-22T18:26:31.086Z] Fetching 4H candles for LINKUSDT
[2026-03-22T18:26:31.106Z] Fetching 4H candles for ETHUSDT
[2026-03-22T18:26:31.109Z] Fetching 4H candles for ADAUSDT
[2026-03-22T18:26:31.115Z] Fetching 4H candles for BCHUSDT
[2026-03-22T18:26:31.119Z] Fetching 4H candles for DOTUSDT
[2026-03-22T18:26:31.142Z] Mapping candle data...
[2026-03-22T18:26:31.145Z] Long-term ATR (4H): 461.2555555555553
[2026-03-22T18:26:31.159Z] Calling analyze function...
[2026-03-22T18:26:31.167Z] Analyze function returned: Signal=HOLD, RSI=49.18, EMA=68657.53341215974, ATR=21.068378776503266, Price=68657
[2026-03-22T18:26:31.170Z] Trend Direction: 15m=DOWN, 4h=DOWN
[2026-03-22T18:26:31.176Z] Starting multi-timeframe confirmation...
[2026-03-22T18:26:31.178Z] Adjusted position size with sentiment: 21.68722490
[2026-03-22T18:26:31.182Z] Type of dailyLossCheck: function
[2026-03-22T18:26:31.187Z] USDT available: 27.10903112
[2026-03-22T18:26:31.191Z] Calculated position size (USDT): 21.68722490
[2026-03-22T18:26:31.198Z] Last price: 68657
[2026-03-22T18:26:31.202Z] Calculated quantity: 0.00031588
[2026-03-22T18:26:31.207Z] No trade executed for BTCUSDT due to signal: HOLD
[2026-03-22T18:26:31.211Z] Fetching 4H candles for frxNZDJPY
[2026-03-22T18:26:31.220Z] DEBUG: getCandles called for symbol: frxNZDJPY, timeframe: 4H
[2026-03-22T18:26:31.232Z] Fetching 4H candles for frxUSDNOK
[2026-03-22T18:26:31.233Z] DEBUG: getCandles called for symbol: frxUSDNOK, timeframe: 4H
[2026-03-22T18:26:31.247Z] Fetching 4H candles for frxGBPNOK
[2026-03-22T18:26:31.251Z] DEBUG: getCandles called for symbol: frxGBPNOK, timeframe: 4H
[2026-03-22T18:26:31.268Z] Fetching 4H candles for frxUSDPLN
[2026-03-22T18:26:31.270Z] DEBUG: getCandles called for symbol: frxUSDPLN, timeframe: 4H
[2026-03-22T18:26:31.276Z] Fetching 4H candles for frxUSDMXN
[2026-03-22T18:26:31.280Z] DEBUG: getCandles called for symbol: frxUSDMXN, timeframe: 4H
[2026-03-22T18:26:31.284Z] Fetching 4H candles for frxGBPNZD
[2026-03-22T18:26:31.287Z] DEBUG: getCandles called for symbol: frxGBPNZD, timeframe: 4H
[2026-03-22T18:26:31.297Z] Mapping candle data...
[2026-03-22T18:26:31.300Z] Long-term ATR (4H): 15.547105263157906
[2026-03-22T18:26:31.303Z] Calling analyze function...
[2026-03-22T18:26:31.310Z] Analyze function returned: Signal=HOLD, RSI=49.91, EMA=1411.5673268919945, ATR=0.9771874040865356, Price=1411.69
[2026-03-22T18:26:31.315Z] Trend Direction: 15m=DOWN, 4h=DOWN
[2026-03-22T18:26:31.320Z] Starting multi-timeframe confirmation...
[2026-03-22T18:26:31.327Z] Adjusted position size with sentiment: 21.68722490
[2026-03-22T18:26:31.330Z] Type of dailyLossCheck: function
[2026-03-22T18:26:31.334Z] USDT available: 27.10903112
[2026-03-22T18:26:31.337Z] Calculated position size (USDT): 21.68722490
[2026-03-22T18:26:31.342Z] Last price: 1411.69
[2026-03-22T18:26:31.344Z] Calculated quantity: 0.01536260
[2026-03-22T18:26:31.348Z] No trade executed for frxXPDUSD due to signal: HOLD
[2026-03-22T18:26:31.382Z] Mapping candle data...
[2026-03-22T18:26:31.384Z] Long-term ATR (4H): 1.0104684210526313
[2026-03-22T18:26:31.386Z] Calling analyze function...
[2026-03-22T18:26:31.389Z] Analyze function returned: Signal=HOLD, RSI=43.63, EMA=68.00021295690647, ATR=0.08321189429656936, Price=67.917
[2026-03-22T18:26:31.392Z] Trend Direction: 15m=DOWN, 4h=DOWN
[2026-03-22T18:26:31.393Z] Starting multi-timeframe confirmation...
[2026-03-22T18:26:31.396Z] Adjusted position size with sentiment: 21.68722490
[2026-03-22T18:26:31.400Z] Type of dailyLossCheck: function
[2026-03-22T18:26:31.405Z] USDT available: 27.10903112
[2026-03-22T18:26:31.407Z] Calculated position size (USDT): 21.68722490
[2026-03-22T18:26:31.408Z] Last price: 67.917
[2026-03-22T18:26:31.411Z] Calculated quantity: 0.31931954
[2026-03-22T18:26:31.422Z] No trade executed for frxXAGUSD due to signal: HOLD
[2026-03-22T18:26:31.429Z] Mapping candle data...
[2026-03-22T18:26:31.432Z] Long-term ATR (4H): 0.0012747474747474739
[2026-03-22T18:26:31.435Z] Calling analyze function...
[2026-03-22T18:26:31.440Z] Analyze function returned: Signal=HOLD, RSI=48.01, EMA=0.1151131076485227, ATR=0.000043023355218866574, Price=0.1151
[2026-03-22T18:26:31.442Z] Trend Direction: 15m=DOWN, 4h=DOWN
[2026-03-22T18:26:31.445Z] Starting multi-timeframe confirmation...
[2026-03-22T18:26:31.451Z] Adjusted position size with sentiment: 21.68722490
[2026-03-22T18:26:31.453Z] Type of dailyLossCheck: function
[2026-03-22T18:26:31.454Z] USDT available: 27.10903112
[2026-03-22T18:26:31.456Z] Calculated position size (USDT): 21.68722490
[2026-03-22T18:26:31.458Z] Last price: 0.1151
[2026-03-22T18:26:31.460Z] Calculated quantity: 188.42072021
[2026-03-22T18:26:31.464Z] No trade executed for OPUSDT due to signal: HOLD
[2026-03-22T18:26:31.470Z] Mapping candle data...
[2026-03-22T18:26:31.472Z] Long-term ATR (4H): 0.03450505050505047
[2026-03-22T18:26:31.474Z] Calling analyze function...
[2026-03-22T18:26:31.492Z] Analyze function returned: Signal=HOLD, RSI=52.6, EMA=3.4844489217704666, ATR=0.0010358051399395535, Price=3.485
[2026-03-22T18:26:31.494Z] Trend Direction: 15m=DOWN, 4h=DOWN
[2026-03-22T18:26:31.498Z] Starting multi-timeframe confirmation...
[2026-03-22T18:26:31.502Z] Adjusted position size with sentiment: 21.68722490
[2026-03-22T18:26:31.504Z] Type of dailyLossCheck: function
[2026-03-22T18:26:31.505Z] USDT available: 27.10903112
[2026-03-22T18:26:31.508Z] Calculated position size (USDT): 21.68722490
[2026-03-22T18:26:31.510Z] Last price: 3.485
[2026-03-22T18:26:31.518Z] Calculated quantity: 6.22302006
[2026-03-22T18:26:31.520Z] No trade executed for UNIUSDT due to signal: HOLD
[2026-03-22T18:26:31.523Z] Mapping candle data...
[2026-03-22T18:26:31.525Z] Long-term ATR (4H): 0.07033333333333328
[2026-03-22T18:26:31.530Z] Calling analyze function...
[2026-03-22T18:26:31.537Z] Analyze function returned: Signal=HOLD, RSI=31.98, EMA=8.096009465471179, ATR=0.0017204029393747202, Price=8.09
[2026-03-22T18:26:31.540Z] Trend Direction: 15m=DOWN, 4h=DOWN
[2026-03-22T18:26:31.542Z] Starting multi-timeframe confirmation...
[2026-03-22T18:26:31.546Z] Adjusted position size with sentiment: 21.68722490
[2026-03-22T18:26:31.552Z] Type of dailyLossCheck: function
[2026-03-22T18:26:31.555Z] USDT available: 27.10903112
[2026-03-22T18:26:31.557Z] Calculated position size (USDT): 21.68722490
[2026-03-22T18:26:31.560Z] Last price: 8.09
[2026-03-22T18:26:31.566Z] Calculated quantity: 2.68074473
[2026-03-22T18:26:31.569Z] No trade executed for ETCUSDT due to signal: HOLD
[2026-03-22T18:26:31.572Z] Mapping candle data...
[2026-03-22T18:26:31.574Z] Long-term ATR (4H): 0.35080808080808057
[2026-03-22T18:26:31.577Z] Calling analyze function...
[2026-03-22T18:26:31.585Z] Analyze function returned: Signal=HOLD, RSI=43.97, EMA=54.07177252705143, ATR=0.008612380913904328, Price=54.06
[2026-03-22T18:26:31.588Z] Trend Direction: 15m=DOWN, 4h=DOWN
[2026-03-22T18:26:31.589Z] Starting multi-timeframe confirmation...
[2026-03-22T18:26:31.591Z] Adjusted position size with sentiment: 21.68722490
[2026-03-22T18:26:31.594Z] Type of dailyLossCheck: function
[2026-03-22T18:26:31.597Z] USDT available: 27.10903112
[2026-03-22T18:26:31.599Z] Calculated position size (USDT): 21.68722490
[2026-03-22T18:26:31.603Z] Last price: 54.06
[2026-03-22T18:26:31.605Z] Calculated quantity: 0.40116953
[2026-03-22T18:26:31.607Z] No trade executed for LTCUSDT due to signal: HOLD
[2026-03-22T18:26:31.611Z] Mapping candle data...
[2026-03-22T18:26:31.620Z] Long-term ATR (4H): 0.029121212121212124
[2026-03-22T18:26:31.623Z] Calling analyze function...
[2026-03-22T18:26:31.656Z] Analyze function returned: Signal=HOLD, RSI=36.19, EMA=2.3798224559570604, ATR=0.0013807844996101724, Price=2.377
[2026-03-22T18:26:31.665Z] Trend Direction: 15m=DOWN, 4h=DOWN
[2026-03-22T18:26:31.671Z] Starting multi-timeframe confirmation...
[2026-03-22T18:26:31.673Z] Adjusted position size with sentiment: 21.68722490
[2026-03-22T18:26:31.678Z] Type of dailyLossCheck: function
[2026-03-22T18:26:31.685Z] USDT available: 27.10903112
[2026-03-22T18:26:31.687Z] Calculated position size (USDT): 21.68722490
[2026-03-22T18:26:31.691Z] Last price: 2.377
[2026-03-22T18:26:31.694Z] Calculated quantity: 9.12377993
[2026-03-22T18:26:31.701Z] No trade executed for ICPUSDT due to signal: HOLD
[2026-03-22T18:26:31.704Z] Mapping candle data...
[2026-03-22T18:26:31.708Z] Long-term ATR (4H): 0.08828282828282828
[2026-03-22T18:26:31.714Z] Calling analyze function...
[2026-03-22T18:26:31.724Z] Analyze function returned: Signal=BUY, RSI=49.92, EMA=9.059102541568484, ATR=0.003295088270624336, Price=9.06
[2026-03-22T18:26:31.729Z] Trend Direction: 15m=DOWN, 4h=DOWN
[2026-03-22T18:26:31.733Z] Starting multi-timeframe confirmation...
[2026-03-22T18:26:31.736Z] BUY signal for AVAXUSDT skipped due to conflicting longer-term trends (15m: DOWN, 4h: DOWN).
[2026-03-22T18:26:31.740Z] Mapping candle data...
[2026-03-22T18:26:31.744Z] Long-term ATR (4H): 0.0013171052631578914
[2026-03-22T18:26:31.749Z] Calling analyze function...
[2026-03-22T18:26:31.768Z] Analyze function returned: Signal=HOLD, RSI=33.47, EMA=0.788145818729009, ATR=0.00008168061214412084, Price=0.78792
[2026-03-22T18:26:31.771Z] Trend Direction: 15m=DOWN, 4h=UP
[2026-03-22T18:26:31.774Z] Starting multi-timeframe confirmation...
[2026-03-22T18:26:31.781Z] Adjusted position size with sentiment: 21.68722490
[2026-03-22T18:26:31.786Z] Type of dailyLossCheck: function
[2026-03-22T18:26:31.797Z] USDT available: 27.10903112
[2026-03-22T18:26:31.801Z] Calculated position size (USDT): 21.68722490
[2026-03-22T18:26:31.805Z] Last price: 0.78792
[2026-03-22T18:26:31.813Z] Calculated quantity: 27.52465339
[2026-03-22T18:26:31.818Z] No trade executed for frxUSDCHF due to signal: HOLD
[2026-03-22T18:26:31.848Z] Mapping candle data...
[2026-03-22T18:26:31.851Z] Long-term ATR (4H): 0.00006112121212121212
[2026-03-22T18:26:31.853Z] Calling analyze function...
[2026-03-22T18:26:31.858Z] Analyze function returned: Signal=HOLD, RSI=47.49, EMA=0.006923938867567274, ATR=4.789748823993138e-7, Price=0.006924
[2026-03-22T18:26:31.865Z] Trend Direction: 15m=DOWN, 4h=DOWN
[2026-03-22T18:26:31.867Z] Starting multi-timeframe confirmation...
[2026-03-22T18:26:31.869Z] Adjusted position size with sentiment: 21.68722490
[2026-03-22T18:26:31.874Z] Type of dailyLossCheck: function
[2026-03-22T18:26:31.883Z] USDT available: 27.10903112
[2026-03-22T18:26:31.886Z] Calculated position size (USDT): 21.68722490
[2026-03-22T18:26:31.889Z] Last price: 0.006924
[2026-03-22T18:26:31.893Z] Calculated quantity: 3132.18152744
[2026-03-22T18:26:31.902Z] No trade executed for VETUSDT due to signal: HOLD
[2026-03-22T18:26:31.916Z] Mapping candle data...
[2026-03-22T18:26:31.919Z] Long-term ATR (4H): 18.84250000000002
[2026-03-22T18:26:31.922Z] Calling analyze function...
[2026-03-22T18:26:31.934Z] Analyze function returned: Signal=HOLD, RSI=44.91, EMA=1928.9927477665697, ATR=1.3364621669630878, Price=1927.76
[2026-03-22T18:26:31.937Z] Trend Direction: 15m=DOWN, 4h=DOWN
[2026-03-22T18:26:31.942Z] Starting multi-timeframe confirmation...
[2026-03-22T18:26:31.950Z] Adjusted position size with sentiment: 21.68722490
[2026-03-22T18:26:31.955Z] Type of dailyLossCheck: function
[2026-03-22T18:26:31.957Z] USDT available: 27.10903112
[2026-03-22T18:26:31.966Z] Calculated position size (USDT): 21.68722490
[2026-03-22T18:26:31.970Z] Last price: 1927.76
[2026-03-22T18:26:31.973Z] Calculated quantity: 0.01124996
[2026-03-22T18:26:31.979Z] No trade executed for frxXPTUSD due to signal: HOLD
[2026-03-22T18:26:31.988Z] Mapping candle data...
[2026-03-22T18:26:32.021Z] Long-term ATR (4H): 0.010824242424242424
[2026-03-22T18:26:32.023Z] Calling analyze function...
[2026-03-22T18:26:32.032Z] Analyze function returned: Signal=HOLD, RSI=48.29, EMA=1.3895077553673105, ATR=0.0005695667676499636, Price=1.3896
[2026-03-22T18:26:32.036Z] Trend Direction: 15m=DOWN, 4h=DOWN
[2026-03-22T18:26:32.038Z] Starting multi-timeframe confirmation...
[2026-03-22T18:26:32.042Z] Adjusted position size with sentiment: 21.68722490
[2026-03-22T18:26:32.048Z] Type of dailyLossCheck: function
[2026-03-22T18:26:32.050Z] USDT available: 27.10903112
[2026-03-22T18:26:32.055Z] Calculated position size (USDT): 21.68722490
[2026-03-22T18:26:32.057Z] Last price: 1.3896
[2026-03-22T18:26:32.065Z] Calculated quantity: 15.60681124
[2026-03-22T18:26:32.066Z] No trade executed for XRPUSDT due to signal: HOLD
[2026-03-22T18:26:32.076Z] Mapping candle data...
[2026-03-22T18:26:32.086Z] Long-term ATR (4H): 3.5539393939393875
[2026-03-22T18:26:32.087Z] Calling analyze function...
[2026-03-22T18:26:32.092Z] Analyze function returned: Signal=HOLD, RSI=53.95, EMA=629.9410424451094, ATR=0.15572405709000234, Price=630.12
[2026-03-22T18:26:32.097Z] Trend Direction: 15m=DOWN, 4h=DOWN
[2026-03-22T18:26:32.100Z] Starting multi-timeframe confirmation...
[2026-03-22T18:26:32.101Z] Adjusted position size with sentiment: 21.68722490
[2026-03-22T18:26:32.103Z] Type of dailyLossCheck: function
[2026-03-22T18:26:32.107Z] USDT available: 27.10903112
[2026-03-22T18:26:32.115Z] Calculated position size (USDT): 21.68722490
[2026-03-22T18:26:32.117Z] Last price: 630.12
[2026-03-22T18:26:32.119Z] Calculated quantity: 0.03441761
[2026-03-22T18:26:32.121Z] No trade executed for BNBUSDT due to signal: HOLD
[2026-03-22T18:26:32.124Z] Mapping candle data...
[2026-03-22T18:26:32.130Z] Long-term ATR (4H): 0.010840404040404043
[2026-03-22T18:26:32.132Z] Calling analyze function...
[2026-03-22T18:26:32.138Z] Analyze function returned: Signal=HOLD, RSI=38.96, EMA=0.8716361293522366, ATR=0.0003746405569109693, Price=0.8712
[2026-03-22T18:26:32.141Z] Trend Direction: 15m=DOWN, 4h=DOWN
[2026-03-22T18:26:32.146Z] Starting multi-timeframe confirmation...
[2026-03-22T18:26:32.148Z] Adjusted position size with sentiment: 21.68722490
[2026-03-22T18:26:32.149Z] Type of dailyLossCheck: function
[2026-03-22T18:26:32.152Z] USDT available: 27.10903112
[2026-03-22T18:26:32.155Z] Calculated position size (USDT): 21.68722490
[2026-03-22T18:26:32.163Z] Last price: 0.8712
[2026-03-22T18:26:32.164Z] Calculated quantity: 24.89350883
[2026-03-22T18:26:32.166Z] No trade executed for FILUSDT due to signal: HOLD
[2026-03-22T18:26:32.170Z] Mapping candle data...
[2026-03-22T18:26:32.172Z] Long-term ATR (4H): 0.001144343434343432
[2026-03-22T18:26:32.175Z] Calling analyze function...
[2026-03-22T18:26:32.181Z] Analyze function returned: Signal=HOLD, RSI=47.55, EMA=0.3177484829544584, ATR=0.00015024146843028332, Price=0.31767
[2026-03-22T18:26:32.183Z] Trend Direction: 15m=UP, 4h=UP
[2026-03-22T18:26:32.184Z] Starting multi-timeframe confirmation...
[2026-03-22T18:26:32.186Z] Adjusted position size with sentiment: 21.68722490
[2026-03-22T18:26:32.188Z] Type of dailyLossCheck: function
[2026-03-22T18:26:32.191Z] USDT available: 27.10903112
[2026-03-22T18:26:32.193Z] Calculated position size (USDT): 21.68722490
[2026-03-22T18:26:32.197Z] Last price: 0.31767
[2026-03-22T18:26:32.198Z] Calculated quantity: 68.26966631
[2026-03-22T18:26:32.199Z] No trade executed for TRXUSDT due to signal: HOLD
[2026-03-22T18:26:32.202Z] Mapping candle data...
[2026-03-22T18:26:32.205Z] Long-term ATR (4H): 0.00139949494949495
[2026-03-22T18:26:32.208Z] Calling analyze function...
[2026-03-22T18:26:32.214Z] Analyze function returned: Signal=HOLD, RSI=39.49, EMA=0.1572656340819372, ATR=0.000060049266704473035, Price=0.15719
[2026-03-22T18:26:32.216Z] Trend Direction: 15m=DOWN, 4h=DOWN
[2026-03-22T18:26:32.217Z] Starting multi-timeframe confirmation...
[2026-03-22T18:26:32.218Z] Adjusted position size with sentiment: 21.68722490
[2026-03-22T18:26:32.221Z] Type of dailyLossCheck: function
[2026-03-22T18:26:32.222Z] USDT available: 27.10903112
[2026-03-22T18:26:32.223Z] Calculated position size (USDT): 21.68722490
[2026-03-22T18:26:32.228Z] Last price: 0.15719
[2026-03-22T18:26:32.229Z] Calculated quantity: 137.96822251
[2026-03-22T18:26:32.230Z] No trade executed for XLMUSDT due to signal: HOLD
[2026-03-22T18:26:32.235Z] Mapping candle data...
[2026-03-22T18:26:32.236Z] Long-term ATR (4H): 0.000912121212121211
[2026-03-22T18:26:32.238Z] Calling analyze function...
[2026-03-22T18:26:32.243Z] Analyze function returned: Signal=HOLD, RSI=37.55, EMA=0.09117930793740539, ATR=0.00004762034258943543, Price=0.0911
[2026-03-22T18:26:32.247Z] Trend Direction: 15m=DOWN, 4h=DOWN
[2026-03-22T18:26:32.250Z] Starting multi-timeframe confirmation...
[2026-03-22T18:26:32.252Z] Adjusted position size with sentiment: 21.68722490
[2026-03-22T18:26:32.253Z] Type of dailyLossCheck: function
[2026-03-22T18:26:32.255Z] USDT available: 27.10903112
[2026-03-22T18:26:32.256Z] Calculated position size (USDT): 21.68722490
[2026-03-22T18:26:32.262Z] Last price: 0.0911
[2026-03-22T18:26:32.264Z] Calculated quantity: 238.05954880
[2026-03-22T18:26:32.265Z] No trade executed for DOGEUSDT due to signal: HOLD
[2026-03-22T18:26:32.267Z] Mapping candle data...
[2026-03-22T18:26:32.269Z] Long-term ATR (4H): 0.8121111111111117
[2026-03-22T18:26:32.271Z] Calling analyze function...
[2026-03-22T18:26:32.276Z] Analyze function returned: Signal=HOLD, RSI=49.9, EMA=87.20773867631836, ATR=0.03829184512006106, Price=87.212
[2026-03-22T18:26:32.279Z] Trend Direction: 15m=DOWN, 4h=DOWN
[2026-03-22T18:26:32.280Z] Starting multi-timeframe confirmation...
[2026-03-22T18:26:32.282Z] Adjusted position size with sentiment: 21.68722490
[2026-03-22T18:26:32.284Z] Type of dailyLossCheck: function
[2026-03-22T18:26:32.285Z] USDT available: 27.10903112
[2026-03-22T18:26:32.286Z] Calculated position size (USDT): 21.68722490
[2026-03-22T18:26:32.288Z] Last price: 87.212
[2026-03-22T18:26:32.289Z] Calculated quantity: 0.24867249
[2026-03-22T18:26:32.292Z] No trade executed for SOLUSDT due to signal: HOLD
[2026-03-22T18:26:32.298Z] Mapping candle data...
[2026-03-22T18:26:32.299Z] Long-term ATR (4H): 0.07337373737373742
[2026-03-22T18:26:32.301Z] Calling analyze function...
[2026-03-22T18:26:32.305Z] Analyze function returned: Signal=HOLD, RSI=52.63, EMA=8.76351208011925, ATR=0.0034144042676099474, Price=8.766
[2026-03-22T18:26:32.307Z] Trend Direction: 15m=DOWN, 4h=DOWN
[2026-03-22T18:26:32.312Z] Starting multi-timeframe confirmation...
[2026-03-22T18:26:32.313Z] Adjusted position size with sentiment: 21.68722490
[2026-03-22T18:26:32.315Z] Type of dailyLossCheck: function
[2026-03-22T18:26:32.316Z] USDT available: 27.10903112
[2026-03-22T18:26:32.317Z] Calculated position size (USDT): 21.68722490
[2026-03-22T18:26:32.319Z] Last price: 8.766
[2026-03-22T18:26:32.321Z] Calculated quantity: 2.47401607
[2026-03-22T18:26:32.322Z] No trade executed for LINKUSDT due to signal: HOLD
[2026-03-22T18:26:32.327Z] Mapping candle data...
[2026-03-22T18:26:32.329Z] Long-term ATR (4H): 0.0025181818181818165
[2026-03-22T18:26:32.331Z] Calling analyze function...
[2026-03-22T18:26:32.333Z] Analyze function returned: Signal=HOLD, RSI=40.83, EMA=0.25395530811008127, ATR=0.00009861034812706088, Price=0.2538
[2026-03-22T18:26:32.336Z] Trend Direction: 15m=DOWN, 4h=DOWN
[2026-03-22T18:26:32.345Z] Starting multi-timeframe confirmation...
[2026-03-22T18:26:32.347Z] Adjusted position size with sentiment: 21.68722490
[2026-03-22T18:26:32.349Z] Type of dailyLossCheck: function
[2026-03-22T18:26:32.354Z] USDT available: 27.10903112
[2026-03-22T18:26:32.355Z] Calculated position size (USDT): 21.68722490
[2026-03-22T18:26:32.357Z] Last price: 0.2538
[2026-03-22T18:26:32.361Z] Calculated quantity: 85.45005869
[2026-03-22T18:26:32.362Z] No trade executed for ADAUSDT due to signal: HOLD
[2026-03-22T18:26:32.365Z] Mapping candle data...
[2026-03-22T18:26:32.366Z] Long-term ATR (4H): 0.015424242424242422
[2026-03-22T18:26:32.368Z] Calling analyze function...
[2026-03-22T18:26:32.371Z] Analyze function returned: Signal=HOLD, RSI=50.74, EMA=1.4328535817527523, ATR=0.0007070796547247533, Price=1.433
[2026-03-22T18:26:32.373Z] Trend Direction: 15m=DOWN, 4h=DOWN
[2026-03-22T18:26:32.377Z] Starting multi-timeframe confirmation...
[2026-03-22T18:26:32.379Z] Adjusted position size with sentiment: 21.68722490
[2026-03-22T18:26:32.380Z] Type of dailyLossCheck: function
[2026-03-22T18:26:32.383Z] USDT available: 27.10903112
[2026-03-22T18:26:32.384Z] Calculated position size (USDT): 21.68722490
[2026-03-22T18:26:32.386Z] Last price: 1.433
[2026-03-22T18:26:32.390Z] Calculated quantity: 15.13414159
[2026-03-22T18:26:32.395Z] No trade executed for DOTUSDT due to signal: HOLD
[2026-03-22T18:26:32.398Z] Mapping candle data...
[2026-03-22T18:26:32.400Z] Long-term ATR (4H): 2.7477777777777774
[2026-03-22T18:26:32.404Z] Calling analyze function...
[2026-03-22T18:26:32.412Z] Analyze function returned: Signal=HOLD, RSI=45.7, EMA=467.25456291237805, ATR=0.11854205193115117, Price=467.16
[2026-03-22T18:26:32.414Z] Trend Direction: 15m=UP, 4h=UP
[2026-03-22T18:26:32.415Z] Starting multi-timeframe confirmation...
[2026-03-22T18:26:32.417Z] Adjusted position size with sentiment: 21.68722490
[2026-03-22T18:26:32.419Z] Type of dailyLossCheck: function
[2026-03-22T18:26:32.421Z] USDT available: 27.10903112
[2026-03-22T18:26:32.422Z] Calculated position size (USDT): 21.68722490
[2026-03-22T18:26:32.428Z] Last price: 467.16
[2026-03-22T18:26:32.471Z] Calculated quantity: 0.04642355
[2026-03-22T18:26:32.554Z] No trade executed for BCHUSDT due to signal: HOLD
[2026-03-22T18:26:32.645Z] Mapping candle data...
[2026-03-22T18:26:32.697Z] Long-term ATR (4H): 18.46161616161618
[2026-03-22T18:26:32.725Z] Calling analyze function...
[2026-03-22T18:26:32.748Z] Analyze function returned: Signal=HOLD, RSI=44.64, EMA=2077.5185716813453, ATR=0.8266857090741272, Price=2077.01
[2026-03-22T18:26:32.768Z] Trend Direction: 15m=DOWN, 4h=DOWN
[2026-03-22T18:26:32.782Z] Starting multi-timeframe confirmation...
[2026-03-22T18:26:32.792Z] Adjusted position size with sentiment: 21.68722490
[2026-03-22T18:26:32.816Z] Type of dailyLossCheck: function
[2026-03-22T18:26:32.838Z] USDT available: 27.10903112
[2026-03-22T18:26:32.866Z] Calculated position size (USDT): 21.68722490
[2026-03-22T18:26:32.883Z] Last price: 2077.01
[2026-03-22T18:26:32.893Z] Calculated quantity: 0.01044156
[2026-03-22T18:26:32.911Z] No trade executed for ETHUSDT due to signal: HOLD
[2026-03-22T18:26:32.920Z] Mapping candle data...
[2026-03-22T18:26:32.931Z] Long-term ATR (4H): 0.0005438157894736956
[2026-03-22T18:26:32.943Z] Calling analyze function...
[2026-03-22T18:26:32.959Z] Analyze function returned: Signal=HOLD, RSI=65.35, EMA=0.8670794969664791, ATR=0.00007069512980029764, Price=0.86719
[2026-03-22T18:26:32.980Z] Trend Direction: 15m=UP, 4h=DOWN
[2026-03-22T18:26:32.989Z] Starting multi-timeframe confirmation...
[2026-03-22T18:26:33.000Z] Adjusted position size with sentiment: 21.68722490
[2026-03-22T18:26:33.012Z] Type of dailyLossCheck: function
[2026-03-22T18:26:33.034Z] USDT available: 27.10903112
[2026-03-22T18:26:33.046Z] Calculated position size (USDT): 21.68722490
[2026-03-22T18:26:33.058Z] Last price: 0.86719
[2026-03-22T18:26:33.068Z] Calculated quantity: 25.00861968
[2026-03-22T18:26:33.079Z] No trade executed for frxEURGBP due to signal: HOLD
[2026-03-22T18:26:33.082Z] Mapping candle data...
[2026-03-22T18:26:33.087Z] Long-term ATR (4H): 0.0017528947368420922
[2026-03-22T18:26:33.091Z] Calling analyze function...
[2026-03-22T18:26:33.101Z] Analyze function returned: Signal=HOLD, RSI=63.49, EMA=0.7020623389389212, ATR=0.0001221026971157213, Price=0.70225
[2026-03-22T18:26:33.107Z] Trend Direction: 15m=DOWN, 4h=DOWN
[2026-03-22T18:26:33.114Z] Starting multi-timeframe confirmation...
[2026-03-22T18:26:33.117Z] Adjusted position size with sentiment: 21.68722490
[2026-03-22T18:26:33.119Z] Type of dailyLossCheck: function
[2026-03-22T18:26:33.121Z] USDT available: 27.10903112
[2026-03-22T18:26:33.124Z] Calculated position size (USDT): 21.68722490
[2026-03-22T18:26:33.128Z] Last price: 0.70225
[2026-03-22T18:26:33.132Z] Calculated quantity: 30.88248472
[2026-03-22T18:26:33.134Z] No trade executed for frxAUDUSD due to signal: HOLD
[2026-03-22T18:26:33.136Z] Mapping candle data...
[2026-03-22T18:26:33.138Z] Long-term ATR (4H): 27.17039473684208
[2026-03-22T18:26:33.140Z] Calling analyze function...
[2026-03-22T18:26:33.146Z] Analyze function returned: Signal=HOLD, RSI=43.04, EMA=4500.529119332874, ATR=3.034370902174315, Price=4498.01
[2026-03-22T18:26:33.149Z] Trend Direction: 15m=DOWN, 4h=DOWN
[2026-03-22T18:26:33.150Z] Starting multi-timeframe confirmation...
[2026-03-22T18:26:33.154Z] Adjusted position size with sentiment: 44.98010000
[2026-03-22T18:26:33.157Z] Type of dailyLossCheck: function
[2026-03-22T18:26:33.161Z] USDT available: 27.10903112
[2026-03-22T18:26:33.164Z] Calculated position size (USDT): 44.98010000
[2026-03-22T18:26:33.168Z] Last price: 4498.01
[2026-03-22T18:26:33.177Z] Calculated quantity: 0.01000000
[2026-03-22T18:26:33.180Z] No trade executed for frxXAUUSD due to signal: HOLD
[2026-03-22T18:26:33.185Z] Mapping candle data...
[2026-03-22T18:26:33.187Z] Long-term ATR (4H): 0.0009110526315789426
[2026-03-22T18:26:33.191Z] Calling analyze function...
[2026-03-22T18:26:33.194Z] Analyze function returned: Signal=HOLD, RSI=53.44, EMA=0.5533267274037208, ATR=0.00009522785202610143, Price=0.55333
[2026-03-22T18:26:33.196Z] Trend Direction: 15m=DOWN, 4h=UP
[2026-03-22T18:26:33.197Z] Starting multi-timeframe confirmation...
[2026-03-22T18:26:33.199Z] Adjusted position size with sentiment: 21.68722490
[2026-03-22T18:26:33.204Z] Type of dailyLossCheck: function
[2026-03-22T18:26:33.208Z] USDT available: 27.10903112
[2026-03-22T18:26:33.210Z] Calculated position size (USDT): 21.68722490
[2026-03-22T18:26:33.211Z] Last price: 0.55333
[2026-03-22T18:26:33.213Z] Calculated quantity: 39.19401604
[2026-03-22T18:26:33.216Z] No trade executed for frxAUDCHF due to signal: HOLD
[2026-03-22T18:26:33.220Z] Mapping candle data...
[2026-03-22T18:26:33.223Z] Long-term ATR (4H): 0.0007406578947368502
[2026-03-22T18:26:33.225Z] Calling analyze function...
[2026-03-22T18:26:33.229Z] Analyze function returned: Signal=HOLD, RSI=66.66, EMA=0.9115412845754698, ATR=0.00006559095226684298, Price=0.91169
[2026-03-22T18:26:33.231Z] Trend Direction: 15m=DOWN, 4h=UP
[2026-03-22T18:26:33.233Z] Starting multi-timeframe confirmation...
[2026-03-22T18:26:33.235Z] Adjusted position size with sentiment: 21.68722490
[2026-03-22T18:26:33.239Z] Type of dailyLossCheck: function
[2026-03-22T18:26:33.242Z] USDT available: 27.10903112
[2026-03-22T18:26:33.243Z] Calculated position size (USDT): 21.68722490
[2026-03-22T18:26:33.245Z] Last price: 0.91169
[2026-03-22T18:26:33.246Z] Calculated quantity: 23.78793767
[2026-03-22T18:26:33.249Z] No trade executed for frxEURCHF due to signal: HOLD
[2026-03-22T18:26:33.251Z] Mapping candle data...
[2026-03-22T18:26:33.254Z] Long-term ATR (4H): 0.21768421052631576
[2026-03-22T18:26:33.259Z] Calling analyze function...
[2026-03-22T18:26:33.263Z] Analyze function returned: Signal=HOLD, RSI=51.13, EMA=111.8300316748268, ATR=0.02178300751901507, Price=111.826
[2026-03-22T18:26:33.265Z] Trend Direction: 15m=DOWN, 4h=UP
[2026-03-22T18:26:33.268Z] Starting multi-timeframe confirmation...
[2026-03-22T18:26:33.272Z] Adjusted position size with sentiment: 21.68722490
[2026-03-22T18:26:33.275Z] Type of dailyLossCheck: function
[2026-03-22T18:26:33.276Z] USDT available: 27.10903112
[2026-03-22T18:26:33.279Z] Calculated position size (USDT): 21.68722490
[2026-03-22T18:26:33.281Z] Last price: 111.826
[2026-03-22T18:26:33.283Z] Calculated quantity: 0.19393723
[2026-03-22T18:26:33.287Z] No trade executed for frxAUDJPY due to signal: HOLD
[2026-03-22T18:26:33.291Z] Mapping candle data...
[2026-03-22T18:26:33.293Z] Long-term ATR (4H): 0.0022593421052631408
[2026-03-22T18:26:33.295Z] Calling analyze function...
[2026-03-22T18:26:33.300Z] Analyze function returned: Signal=HOLD, RSI=69.68, EMA=1.5870165746402547, ATR=0.00024039447241472545, Price=1.58775
[2026-03-22T18:26:33.302Z] Trend Direction: 15m=DOWN, 4h=UP
[2026-03-22T18:26:33.307Z] Starting multi-timeframe confirmation...
[2026-03-22T18:26:33.308Z] Adjusted position size with sentiment: 21.68722490
[2026-03-22T18:26:33.309Z] Type of dailyLossCheck: function
[2026-03-22T18:26:33.311Z] USDT available: 27.10903112
[2026-03-22T18:26:33.312Z] Calculated position size (USDT): 21.68722490
[2026-03-22T18:26:33.314Z] Last price: 1.58775
[2026-03-22T18:26:33.316Z] Calculated quantity: 13.65909299
[2026-03-22T18:26:33.320Z] No trade executed for frxEURCAD due to signal: HOLD
[2026-03-22T18:26:33.326Z] Mapping candle data...
[2026-03-22T18:26:33.327Z] Long-term ATR (4H): 0.0024089473684210487
[2026-03-22T18:26:33.329Z] Calling analyze function...
[2026-03-22T18:26:33.332Z] Analyze function returned: Signal=HOLD, RSI=55.51, EMA=1.6473936135412843, ATR=0.0002971193285008095, Price=1.64773
[2026-03-22T18:26:33.335Z] Trend Direction: 15m=UP, 4h=UP
[2026-03-22T18:26:33.339Z] Starting multi-timeframe confirmation...
[2026-03-22T18:26:33.340Z] Adjusted position size with sentiment: 21.68722490
[2026-03-22T18:26:33.342Z] Type of dailyLossCheck: function
[2026-03-22T18:26:33.345Z] USDT available: 27.10903112
[2026-03-22T18:26:33.347Z] Calculated position size (USDT): 21.68722490
[2026-03-22T18:26:33.348Z] Last price: 1.64773
[2026-03-22T18:26:33.350Z] Calculated quantity: 13.16188022
[2026-03-22T18:26:33.356Z] No trade executed for frxEURAUD due to signal: HOLD
[2026-03-22T18:26:33.359Z] Mapping candle data...
[2026-03-22T18:26:33.364Z] Long-term ATR (4H): 0.002662763157894736
[2026-03-22T18:26:33.365Z] Calling analyze function...
[2026-03-22T18:26:33.371Z] Analyze function returned: Signal=HOLD, RSI=68.51, EMA=1.9841558422647145, ATR=0.0002935921174633473, Price=1.98498
[2026-03-22T18:26:33.373Z] Trend Direction: 15m=UP, 4h=UP
[2026-03-22T18:26:33.374Z] Starting multi-timeframe confirmation...
[2026-03-22T18:26:33.376Z] Adjusted position size with sentiment: 21.68722490
[2026-03-22T18:26:33.381Z] Type of dailyLossCheck: function
[2026-03-22T18:26:33.383Z] USDT available: 27.10903112
[2026-03-22T18:26:33.387Z] Calculated position size (USDT): 21.68722490
[2026-03-22T18:26:33.388Z] Last price: 1.98498
[2026-03-22T18:26:33.390Z] Calculated quantity: 10.92566419
[2026-03-22T18:26:33.392Z] No trade executed for frxEURNZD due to signal: HOLD
[2026-03-22T18:26:33.400Z] Mapping candle data...
[2026-03-22T18:26:33.404Z] Long-term ATR (4H): 0.0012149999999999865
[2026-03-22T18:26:33.406Z] Calling analyze function...
[2026-03-22T18:26:33.410Z] Analyze function returned: Signal=HOLD, RSI=67.65, EMA=1.2044157361033847, ATR=0.00015085975559953358, Price=1.20469
[2026-03-22T18:26:33.413Z] Trend Direction: 15m=DOWN, 4h=UP
[2026-03-22T18:26:33.418Z] Starting multi-timeframe confirmation...
[2026-03-22T18:26:33.420Z] Adjusted position size with sentiment: 21.68722490
[2026-03-22T18:26:33.422Z] Type of dailyLossCheck: function
[2026-03-22T18:26:33.425Z] USDT available: 27.10903112
[2026-03-22T18:26:33.431Z] Calculated position size (USDT): 21.68722490
[2026-03-22T18:26:33.433Z] Last price: 1.20469
[2026-03-22T18:26:33.437Z] Calculated quantity: 18.00232831
[2026-03-22T18:26:33.438Z] No trade executed for frxAUDNZD due to signal: HOLD
[2026-03-22T18:26:33.443Z] Mapping candle data...
[2026-03-22T18:26:33.448Z] Long-term ATR (4H): 0.0014439473684210579
[2026-03-22T18:26:33.452Z] Calling analyze function...
[2026-03-22T18:26:33.456Z] Analyze function returned: Signal=HOLD, RSI=53.74, EMA=0.582905029874913, ATR=0.00008642877521857425, Price=0.58293
[2026-03-22T18:26:33.458Z] Trend Direction: 15m=DOWN, 4h=DOWN
[2026-03-22T18:26:33.462Z] Starting multi-timeframe confirmation...
[2026-03-22T18:26:33.467Z] Adjusted position size with sentiment: 21.68722490
[2026-03-22T18:26:33.472Z] Type of dailyLossCheck: function
[2026-03-22T18:26:33.475Z] USDT available: 27.10903112
[2026-03-22T18:26:33.482Z] Calculated position size (USDT): 21.68722490
[2026-03-22T18:26:33.487Z] Last price: 0.58293
[2026-03-22T18:26:33.490Z] Calculated quantity: 37.20382361
[2026-03-22T18:26:33.491Z] No trade executed for frxNZDUSD due to signal: HOLD
[2026-03-22T18:26:33.501Z] Mapping candle data...
[2026-03-22T18:26:33.507Z] Long-term ATR (4H): 0.0013417105263157881
[2026-03-22T18:26:33.510Z] Calling analyze function...
[2026-03-22T18:26:33.520Z] Analyze function returned: Signal=HOLD, RSI=51.47, EMA=1.3722478654873451, ATR=0.00012922538775760013, Price=1.37226
[2026-03-22T18:26:33.522Z] Trend Direction: 15m=DOWN, 4h=UP
[2026-03-22T18:26:33.526Z] Starting multi-timeframe confirmation...
[2026-03-22T18:26:33.531Z] Adjusted position size with sentiment: 21.68722490
[2026-03-22T18:26:33.536Z] Type of dailyLossCheck: function
[2026-03-22T18:26:33.539Z] USDT available: 27.10903112
[2026-03-22T18:26:33.544Z] Calculated position size (USDT): 21.68722490
[2026-03-22T18:26:33.547Z] Last price: 1.37226
[2026-03-22T18:26:33.549Z] Calculated quantity: 15.80402030
[2026-03-22T18:26:33.553Z] No trade executed for frxUSDCAD due to signal: HOLD
[2026-03-22T18:26:33.557Z] Mapping candle data...
[2026-03-22T18:26:33.558Z] Long-term ATR (4H): 0.001967236842105275
[2026-03-22T18:26:33.560Z] Calling analyze function...
[2026-03-22T18:26:33.569Z] Analyze function returned: Signal=HOLD, RSI=73.91, EMA=1.1565639740430431, ATR=0.00013766439267700063, Price=1.15708
[2026-03-22T18:26:33.572Z] Trend Direction: 15m=DOWN, 4h=DOWN
[2026-03-22T18:26:33.575Z] Starting multi-timeframe confirmation...
[2026-03-22T18:26:33.581Z] Adjusted position size with sentiment: 21.68722490
[2026-03-22T18:26:33.584Z] Type of dailyLossCheck: function
[2026-03-22T18:26:33.588Z] USDT available: 27.10903112
[2026-03-22T18:26:33.590Z] Calculated position size (USDT): 21.68722490
[2026-03-22T18:26:33.592Z] Last price: 1.15708
[2026-03-22T18:26:33.597Z] Calculated quantity: 18.74306435
[2026-03-22T18:26:33.601Z] No trade executed for frxEURUSD due to signal: HOLD
[2026-03-22T18:26:33.605Z] Mapping candle data...
[2026-03-22T18:26:33.611Z] Long-term ATR (4H): 0.02706000000000006
[2026-03-22T18:26:33.617Z] Calling analyze function...
[2026-03-22T18:26:33.623Z] Analyze function returned: Signal=HOLD, RSI=29.92, EMA=9.348677588201673, ATR=0.001352764130313392, Price=9.34486
[2026-03-22T18:26:33.628Z] Trend Direction: 15m=UP, 4h=UP
[2026-03-22T18:26:33.631Z] Starting multi-timeframe confirmation...
[2026-03-22T18:26:33.636Z] Adjusted position size with sentiment: 21.68722490
[2026-03-22T18:26:33.639Z] Type of dailyLossCheck: function
[2026-03-22T18:26:33.646Z] USDT available: 27.10903112
[2026-03-22T18:26:33.651Z] Calculated position size (USDT): 21.68722490
[2026-03-22T18:26:33.655Z] Last price: 9.34486
[2026-03-22T18:26:33.657Z] Calculated quantity: 2.32076509
[2026-03-22T18:26:33.664Z] No trade executed for frxUSDSEK due to signal: HOLD
[2026-03-22T18:26:33.692Z] Mapping candle data...
[2026-03-22T18:26:33.698Z] Long-term ATR (4H): 0.1998947368421061
[2026-03-22T18:26:33.703Z] Calling analyze function...
[2026-03-22T18:26:33.713Z] Analyze function returned: Signal=HOLD, RSI=60.31, EMA=184.22501537635213, ATR=0.01742600916040626, Price=184.25
[2026-03-22T18:26:33.719Z] Trend Direction: 15m=UP, 4h=UP
[2026-03-22T18:26:33.737Z] Starting multi-timeframe confirmation...
[2026-03-22T18:26:33.757Z] Adjusted position size with sentiment: 21.68722490
[2026-03-22T18:26:33.762Z] Type of dailyLossCheck: function
[2026-03-22T18:26:33.770Z] USDT available: 27.10903112
[2026-03-22T18:26:33.773Z] Calculated position size (USDT): 21.68722490
[2026-03-22T18:26:33.783Z] Last price: 184.25
[2026-03-22T18:26:33.787Z] Calculated quantity: 0.11770543
[2026-03-22T18:26:33.797Z] No trade executed for frxEURJPY due to signal: HOLD
[2026-03-22T18:26:33.803Z] Mapping candle data...
[2026-03-22T18:26:33.805Z] Long-term ATR (4H): 0.21769736842105358
[2026-03-22T18:26:33.812Z] Calling analyze function...
[2026-03-22T18:26:33.826Z] Analyze function returned: Signal=HOLD, RSI=27.62, EMA=159.28885631293846, ATR=0.013069059057638024, Price=159.242
[2026-03-22T18:26:33.831Z] Trend Direction: 15m=UP, 4h=UP
[2026-03-22T18:26:33.836Z] Starting multi-timeframe confirmation...
[2026-03-22T18:26:33.839Z] Adjusted position size with sentiment: 21.68722490
[2026-03-22T18:26:33.844Z] Type of dailyLossCheck: function
[2026-03-22T18:26:33.846Z] USDT available: 27.10903112
[2026-03-22T18:26:33.847Z] Calculated position size (USDT): 21.68722490
[2026-03-22T18:26:33.850Z] Last price: 159.242
[2026-03-22T18:26:33.852Z] Calculated quantity: 0.13619036
[2026-03-22T18:26:33.854Z] No trade executed for frxUSDJPY due to signal: HOLD
[2026-03-22T18:26:33.860Z] Mapping candle data...
[2026-03-22T18:26:33.862Z] Long-term ATR (4H): 0.23835526315789335
[2026-03-22T18:26:33.863Z] Calling analyze function...
[2026-03-22T18:26:33.869Z] Analyze function returned: Signal=HOLD, RSI=52.38, EMA=212.46872878664334, ATR=0.02385922434458518, Price=212.476
[2026-03-22T18:26:33.871Z] Trend Direction: 15m=UP, 4h=UP
[2026-03-22T18:26:33.876Z] Starting multi-timeframe confirmation...
[2026-03-22T18:26:33.879Z] Adjusted position size with sentiment: 21.68722490
[2026-03-22T18:26:33.883Z] Type of dailyLossCheck: function
[2026-03-22T18:26:33.886Z] USDT available: 27.10903112
[2026-03-22T18:26:33.888Z] Calculated position size (USDT): 21.68722490
[2026-03-22T18:26:33.899Z] Last price: 212.476
[2026-03-22T18:26:33.902Z] Calculated quantity: 0.10206906
[2026-03-22T18:26:33.905Z] No trade executed for frxGBPJPY due to signal: HOLD
[2026-03-22T18:26:33.911Z] Mapping candle data...
[2026-03-22T18:26:33.913Z] Long-term ATR (4H): 0.0027544736842105245
[2026-03-22T18:26:33.916Z] Calling analyze function...
[2026-03-22T18:26:33.921Z] Analyze function returned: Signal=HOLD, RSI=68.03, EMA=1.8303284609351014, ATR=0.00026545827137731216, Price=1.83099
[2026-03-22T18:26:33.923Z] Trend Direction: 15m=DOWN, 4h=UP
[2026-03-22T18:26:33.928Z] Starting multi-timeframe confirmation...
[2026-03-22T18:26:33.933Z] Adjusted position size with sentiment: 21.68722490
[2026-03-22T18:26:33.936Z] Type of dailyLossCheck: function
[2026-03-22T18:26:33.940Z] USDT available: 27.10903112
[2026-03-22T18:26:33.944Z] Calculated position size (USDT): 21.68722490
[2026-03-22T18:26:33.946Z] Last price: 1.83099
[2026-03-22T18:26:33.947Z] Calculated quantity: 11.84453487
[2026-03-22T18:26:33.950Z] No trade executed for frxGBPCAD due to signal: HOLD
[2026-03-22T18:26:33.954Z] Mapping candle data...
[2026-03-22T18:26:33.956Z] Long-term ATR (4H): 0.0028085526315789464
[2026-03-22T18:26:33.960Z] Calling analyze function...
[2026-03-22T18:26:33.963Z] Analyze function returned: Signal=HOLD, RSI=50.33, EMA=1.8999092272732307, ATR=0.0003430260899591939, Price=1.90005
[2026-03-22T18:26:33.967Z] Trend Direction: 15m=UP, 4h=UP
[2026-03-22T18:26:33.969Z] Starting multi-timeframe confirmation...
[2026-03-22T18:26:33.971Z] Adjusted position size with sentiment: 21.68722490
[2026-03-22T18:26:33.973Z] Type of dailyLossCheck: function
[2026-03-22T18:26:33.977Z] USDT available: 27.10903112
[2026-03-22T18:26:33.979Z] Calculated position size (USDT): 21.68722490
[2026-03-22T18:26:33.980Z] Last price: 1.90005
[2026-03-22T18:26:33.984Z] Calculated quantity: 11.41402852
[2026-03-22T18:26:33.986Z] No trade executed for frxGBPAUD due to signal: HOLD
[2026-03-22T18:26:33.992Z] Mapping candle data...
[2026-03-22T18:26:33.995Z] Long-term ATR (4H): 0.00201184210526316
[2026-03-22T18:26:33.996Z] Calling analyze function...
[2026-03-22T18:26:34.001Z] Analyze function returned: Signal=HOLD, RSI=64.89, EMA=0.9633638135833719, ATR=0.0001720674354108004, Price=0.96369
[2026-03-22T18:26:34.003Z] Trend Direction: 15m=DOWN, 4h=UP
[2026-03-22T18:26:34.004Z] Starting multi-timeframe confirmation...
[2026-03-22T18:26:34.006Z] Adjusted position size with sentiment: 21.68722490
[2026-03-22T18:26:34.011Z] Type of dailyLossCheck: function
[2026-03-22T18:26:34.012Z] USDT available: 27.10903112
[2026-03-22T18:26:34.014Z] Calculated position size (USDT): 21.68722490
[2026-03-22T18:26:34.017Z] Last price: 0.96369
[2026-03-22T18:26:34.019Z] Calculated quantity: 22.50435814
[2026-03-22T18:26:34.020Z] No trade executed for frxAUDCAD due to signal: HOLD
[2026-03-22T18:26:34.027Z] Mapping candle data...
[2026-03-22T18:26:34.029Z] Long-term ATR (4H): 0.0011801315789473545
[2026-03-22T18:26:34.032Z] Calling analyze function...
[2026-03-22T18:26:34.037Z] Analyze function returned: Signal=HOLD, RSI=55.33, EMA=1.0512848462650703, ATR=0.000112326995366551, Price=1.05136
[2026-03-22T18:26:34.039Z] Trend Direction: 15m=DOWN, 4h=UP
[2026-03-22T18:26:34.042Z] Starting multi-timeframe confirmation...
[2026-03-22T18:26:34.044Z] Adjusted position size with sentiment: 21.68722490
[2026-03-22T18:26:34.047Z] Type of dailyLossCheck: function
[2026-03-22T18:26:34.050Z] USDT available: 27.10903112
[2026-03-22T18:26:34.056Z] Calculated position size (USDT): 21.68722490
[2026-03-22T18:26:34.059Z] Last price: 1.05136
[2026-03-22T18:26:34.062Z] Calculated quantity: 20.62778201
[2026-03-22T18:26:34.068Z] No trade executed for frxGBPCHF due to signal: HOLD
[2026-03-22T18:26:34.076Z] Mapping candle data...
[2026-03-22T18:26:34.080Z] Long-term ATR (4H): 0.0023874999999999925
[2026-03-22T18:26:34.084Z] Calling analyze function...
[2026-03-22T18:26:34.088Z] Analyze function returned: Signal=HOLD, RSI=67.64, EMA=1.3338678327523712, ATR=0.000165396705569508, Price=1.33432
[2026-03-22T18:26:34.093Z] Trend Direction: 15m=DOWN, 4h=DOWN
[2026-03-22T18:26:34.095Z] Starting multi-timeframe confirmation...
[2026-03-22T18:26:34.098Z] Adjusted position size with sentiment: 21.68722490
[2026-03-22T18:26:34.103Z] Type of dailyLossCheck: function
[2026-03-22T18:26:34.106Z] USDT available: 27.10903112
[2026-03-22T18:26:34.111Z] Calculated position size (USDT): 21.68722490
[2026-03-22T18:26:34.116Z] Last price: 1.33432
[2026-03-22T18:26:34.119Z] Calculated quantity: 16.25339116
[2026-03-22T18:26:34.121Z] No trade executed for frxGBPUSD due to signal: HOLD
[2026-03-22T18:26:34.129Z] Mapping candle data...
[2026-03-22T18:26:34.133Z] Long-term ATR (4H): 0.16836842105263186
[2026-03-22T18:26:34.135Z] Calling analyze function...
[2026-03-22T18:26:34.140Z] Analyze function returned: Signal=HOLD, RSI=40.73, EMA=92.84951141123031, ATR=0.01492950662299718, Price=92.827
[2026-03-22T18:26:34.147Z] Trend Direction: 15m=DOWN, 4h=DOWN
[2026-03-22T18:26:34.150Z] Starting multi-timeframe confirmation...
[2026-03-22T18:26:34.154Z] Adjusted position size with sentiment: 21.68722490
[2026-03-22T18:26:34.156Z] Type of dailyLossCheck: function
[2026-03-22T18:26:34.161Z] USDT available: 27.10903112
[2026-03-22T18:26:34.166Z] Calculated position size (USDT): 21.68722490
[2026-03-22T18:26:34.169Z] Last price: 92.827
[2026-03-22T18:26:34.171Z] Calculated quantity: 0.23363057
[2026-03-22T18:26:34.173Z] No trade executed for frxNZDJPY due to signal: HOLD
[2026-03-22T18:26:34.187Z] Mapping candle data...
[2026-03-22T18:26:34.199Z] Long-term ATR (4H): 0.017794210526315826
[2026-03-22T18:26:34.203Z] Calling analyze function...
[2026-03-22T18:26:34.214Z] Analyze function returned: Signal=HOLD, RSI=44.35, EMA=9.566624400603146, ATR=0.0011776474819125758, Price=9.56577
[2026-03-22T18:26:34.220Z] Trend Direction: 15m=UP, 4h=DOWN
[2026-03-22T18:26:34.226Z] Starting multi-timeframe confirmation...
[2026-03-22T18:26:34.228Z] Adjusted position size with sentiment: 21.68722490
[2026-03-22T18:26:34.232Z] Type of dailyLossCheck: function
[2026-03-22T18:26:34.235Z] USDT available: 27.10903112
[2026-03-22T18:26:34.238Z] Calculated position size (USDT): 21.68722490
[2026-03-22T18:26:34.244Z] Last price: 9.56577
[2026-03-22T18:26:34.250Z] Calculated quantity: 2.26716980
[2026-03-22T18:26:34.253Z] No trade executed for frxUSDNOK due to signal: HOLD
[2026-03-22T18:26:34.264Z] Mapping candle data...
[2026-03-22T18:26:34.268Z] Long-term ATR (4H): 0.016657236842105242
[2026-03-22T18:26:34.269Z] Calling analyze function...
[2026-03-22T18:26:34.276Z] Analyze function returned: Signal=HOLD, RSI=68.31, EMA=12.761989407397023, ATR=0.0025167504540889465, Price=12.76649
[2026-03-22T18:26:34.278Z] Trend Direction: 15m=UP, 4h=DOWN
[2026-03-22T18:26:34.283Z] Starting multi-timeframe confirmation...
[2026-03-22T18:26:34.285Z] Adjusted position size with sentiment: 21.68722490
[2026-03-22T18:26:34.290Z] Type of dailyLossCheck: function
[2026-03-22T18:26:34.292Z] USDT available: 27.10903112
[2026-03-22T18:26:34.293Z] Calculated position size (USDT): 21.68722490
[2026-03-22T18:26:34.298Z] Last price: 12.76649
[2026-03-22T18:26:34.300Z] Calculated quantity: 1.69876175
[2026-03-22T18:26:34.301Z] No trade executed for frxGBPNOK due to signal: HOLD
[2026-03-22T18:26:34.310Z] Mapping candle data...
[2026-03-22T18:26:34.312Z] Long-term ATR (4H): 0.009977631578947382
[2026-03-22T18:26:34.315Z] Calling analyze function...
[2026-03-22T18:26:34.319Z] Analyze function returned: Signal=HOLD, RSI=24.15, EMA=3.6986631719150638, ATR=0.0006986194988003168, Price=3.6965
[2026-03-22T18:26:34.321Z] Trend Direction: 15m=UP, 4h=UP
[2026-03-22T18:26:34.325Z] Starting multi-timeframe confirmation...
[2026-03-22T18:26:34.327Z] Adjusted position size with sentiment: 21.68722490
[2026-03-22T18:26:34.331Z] Type of dailyLossCheck: function
[2026-03-22T18:26:34.333Z] USDT available: 27.10903112
[2026-03-22T18:26:34.335Z] Calculated position size (USDT): 21.68722490
[2026-03-22T18:26:34.337Z] Last price: 3.6965
[2026-03-22T18:26:34.338Z] Calculated quantity: 5.86696196
[2026-03-22T18:26:34.340Z] No trade executed for frxUSDPLN due to signal: HOLD
[2026-03-22T18:26:34.349Z] Mapping candle data...
[2026-03-22T18:26:34.351Z] Long-term ATR (4H): 0.05173026315789473
[2026-03-22T18:26:34.352Z] Calling analyze function...
[2026-03-22T18:26:34.443Z] Analyze function returned: Signal=HOLD, RSI=36.04, EMA=17.920155012576025, ATR=0.003201092502371834, Price=17.9171
[2026-03-22T18:26:34.529Z] Trend Direction: 15m=UP, 4h=UP
[2026-03-22T18:26:34.573Z] Starting multi-timeframe confirmation...
[2026-03-22T18:26:34.581Z] Adjusted position size with sentiment: 21.68722490
[2026-03-22T18:26:34.586Z] Type of dailyLossCheck: function
[2026-03-22T18:26:34.592Z] USDT available: 27.10903112
[2026-03-22T18:26:34.632Z] Calculated position size (USDT): 21.68722490
[2026-03-22T18:26:34.649Z] Last price: 17.9171
[2026-03-22T18:26:34.653Z] Calculated quantity: 1.21042049
[2026-03-22T18:26:34.658Z] No trade executed for frxUSDMXN due to signal: HOLD
[2026-03-22T18:26:34.668Z] Mapping candle data...
[2026-03-22T18:26:34.672Z] Long-term ATR (4H): 0.003263026315789464
[2026-03-22T18:26:34.689Z] Calling analyze function...
[2026-03-22T18:26:34.698Z] Analyze function returned: Signal=HOLD, RSI=62.34, EMA=2.2883275097966895, ATR=0.00037395549819568174, Price=2.28897
[2026-03-22T18:26:34.701Z] Trend Direction: 15m=UP, 4h=UP
[2026-03-22T18:26:34.703Z] Starting multi-timeframe confirmation...
[2026-03-22T18:26:34.705Z] Adjusted position size with sentiment: 21.68722490
[2026-03-22T18:26:34.708Z] Type of dailyLossCheck: function
[2026-03-22T18:26:34.711Z] USDT available: 27.10903112
[2026-03-22T18:26:34.717Z] Calculated position size (USDT): 21.68722490
[2026-03-22T18:26:34.722Z] Last price: 2.28897
[2026-03-22T18:26:34.725Z] Calculated quantity: 9.47466542
[2026-03-22T18:26:34.732Z] No trade executed for frxGBPNZD due to signal: HOLD
[2026-03-22T18:27:12.988Z] runBot function started.
[2026-03-22T18:27:14.222Z] Connected to Deriv WebSocket API
[2026-03-22T18:27:14.594Z] Deriv API Authorized: VRTC6531638
[2026-03-22T18:27:14.783Z] Connected to Deriv API successfully.
[2026-03-22T18:27:16.522Z] Fetched Bitget contract configurations.
[2026-03-22T18:27:16.834Z] Fetched Deriv contract configurations.
[2026-03-22T18:27:16.836Z] Deriv Contract Configurations: {
  "WLDAUD": {
    "minTradeNum": 0.01,
    "pricePlace": 5
  },
  "frxAUDCAD": {
    "minTradeNum": 0.01,
    "pricePlace": 5
  },
  "frxAUDCHF": {
    "minTradeNum": 0.01,
    "pricePlace": 5
  },
  "frxAUDJPY": {
    "minTradeNum": 0.01,
    "pricePlace": 5
  },
  "frxAUDNZD": {
    "minTradeNum": 0.01,
    "pricePlace": 5
  },
  "frxAUDUSD": {
    "minTradeNum": 0.01,
    "pricePlace": 5
  },
  "OTC_AS51": {
    "minTradeNum": 0.01,
    "pricePlace": 5
  },
  "cryBTCUSD": {
    "minTradeNum": 0.01,
    "pricePlace": 5
  },
  "RDBEAR": {
    "minTradeNum": 0.01,
    "pricePlace": 5
  },
  "BOOM50": {
    "minTradeNum": 0.01,
    "pricePlace": 5
  },
  "BOOM150N": {
    "minTradeNum": 0.01,
    "pricePlace": 5
  },
  "BOOM300N": {
    "minTradeNum": 0.01,
    "pricePlace": 5
  },
  "BOOM500": {
    "minTradeNum": 0.01,
    "pricePlace": 5
  },
  "BOOM600": {
    "minTradeNum": 0.01,
    "pricePlace": 5
  },
  "BOOM900": {
    "minTradeNum": 0.01,
    "pricePlace": 5
  },
  "BOOM1000": {
    "minTradeNum": 0.01,
    "pricePlace": 5
  },
  "RDBULL": {
    "minTradeNum": 0.01,
    "pricePlace": 5
  },
  "CRASH50": {
    "minTradeNum": 0.01,
    "pricePlace": 5
  },
  "CRASH150N": {
    "minTradeNum": 0.01,
    "pricePlace": 5
  },
  "CRASH300N": {
    "minTradeNum": 0.01,
    "pricePlace": 5
  },
  "CRASH500": {
    "minTradeNum": 0.01,
    "pricePlace": 5
  },
  "CRASH600": {
    "minTradeNum": 0.01,
    "pricePlace": 5
  },
  "CRASH900": {
    "minTradeNum": 0.01,
    "pricePlace": 5
  },
  "CRASH1000": {
    "minTradeNum": 0.01,
    "pricePlace": 5
  },
  "cryETHUSD": {
    "minTradeNum": 0.01,
    "pricePlace": 5
  },
  "WLDEUR": {
    "minTradeNum": 0.01,
    "pricePlace": 5
  },
  "frxEURAUD": {
    "minTradeNum": 0.01,
    "pricePlace": 5
  },
  "frxEURCAD": {
    "minTradeNum": 0.01,
    "pricePlace": 5
  },
  "frxEURCHF": {
    "minTradeNum": 0.01,
    "pricePlace": 5
  },
  "frxEURGBP": {
    "minTradeNum": 0.01,
    "pricePlace": 5
  },
  "frxEURJPY": {
    "minTradeNum": 0.01,
    "pricePlace": 5
  },
  "frxEURNZD": {
    "minTradeNum": 0.01,
    "pricePlace": 5
  },
  "frxEURUSD": {
    "minTradeNum": 0.01,
    "pricePlace": 5
  },
  "OTC_SX5E": {
    "minTradeNum": 0.01,
    "pricePlace": 5
  },
  "OTC_FCHI": {
    "minTradeNum": 0.01,
    "pricePlace": 5
  },
  "WLDGBP": {
    "minTradeNum": 0.01,
    "pricePlace": 5
  },
  "frxGBPAUD": {
    "minTradeNum": 0.01,
    "pricePlace": 5
  },
  "frxGBPCAD": {
    "minTradeNum": 0.01,
    "pricePlace": 5
  },
  "frxGBPCHF": {
    "minTradeNum": 0.01,
    "pricePlace": 5
  },
  "frxGBPJPY": {
    "minTradeNum": 0.01,
    "pricePlace": 5
  },
  "frxGBPNOK": {
    "minTradeNum": 0.01,
    "pricePlace": 5
  },
  "frxGBPNZD": {
    "minTradeNum": 0.01,
    "pricePlace": 5
  },
  "frxGBPUSD": {
    "minTradeNum": 0.01,
    "pricePlace": 5
  },
  "OTC_GDAXI": {
    "minTradeNum": 0.01,
    "pricePlace": 5
  },
  "WLDXAU": {
    "minTradeNum": 0.01,
    "pricePlace": 5
  },
  "frxXAUUSD": {
    "minTradeNum": 0.01,
    "pricePlace": 5
  },
  "OTC_HSI": {
    "minTradeNum": 0.01,
    "pricePlace": 5
  },
  "OTC_N225": {
    "minTradeNum": 0.01,
    "pricePlace": 5
  },
  "JD10": {
    "minTradeNum": 0.01,
    "pricePlace": 5
  },
  "JD25": {
    "minTradeNum": 0.01,
    "pricePlace": 5
  },
  "JD50": {
    "minTradeNum": 0.01,
    "pricePlace": 5
  },
  "JD75": {
    "minTradeNum": 0.01,
    "pricePlace": 5
  },
  "JD100": {
    "minTradeNum": 0.01,
    "pricePlace": 5
  },
  "frxNZDJPY": {
    "minTradeNum": 0.01,
    "pricePlace": 5
  },
  "frxNZDUSD": {
    "minTradeNum": 0.01,
    "pricePlace": 5
  },
  "OTC_AEX": {
    "minTradeNum": 0.01,
    "pricePlace": 5
  },
  "frxXPDUSD": {
    "minTradeNum": 0.01,
    "pricePlace": 5
  },
  "frxXPTUSD": {
    "minTradeNum": 0.01,
    "pricePlace": 5
  },
  "RB100": {
    "minTradeNum": 0.01,
    "pricePlace": 5
  },
  "RB200": {
    "minTradeNum": 0.01,
    "pricePlace": 5
  },
  "frxXAGUSD": {
    "minTradeNum": 0.01,
    "pricePlace": 5
  },
  "stpRNG": {
    "minTradeNum": 0.01,
    "pricePlace": 5
  },
  "stpRNG2": {
    "minTradeNum": 0.01,
    "pricePlace": 5
  },
  "stpRNG3": {
    "minTradeNum": 0.01,
    "pricePlace": 5
  },
  "stpRNG4": {
    "minTradeNum": 0.01,
    "pricePlace": 5
  },
  "stpRNG5": {
    "minTradeNum": 0.01,
    "pricePlace": 5
  },
  "OTC_SSMI": {
    "minTradeNum": 0.01,
    "pricePlace": 5
  },
  "OTC_FTSE": {
    "minTradeNum": 0.01,
    "pricePlace": 5
  },
  "OTC_SPC": {
    "minTradeNum": 0.01,
    "pricePlace": 5
  },
  "OTC_NDX": {
    "minTradeNum": 0.01,
    "pricePlace": 5
  },
  "WLDUSD": {
    "minTradeNum": 0.01,
    "pricePlace": 5
  },
  "frxUSDCAD": {
    "minTradeNum": 0.01,
    "pricePlace": 5
  },
  "frxUSDCHF": {
    "minTradeNum": 0.01,
    "pricePlace": 5
  },
  "frxUSDJPY": {
    "minTradeNum": 0.01,
    "pricePlace": 5
  },
  "frxUSDMXN": {
    "minTradeNum": 0.01,
    "pricePlace": 5
  },
  "frxUSDNOK": {
    "minTradeNum": 0.01,
    "pricePlace": 5
  },
  "frxUSDPLN": {
    "minTradeNum": 0.01,
    "pricePlace": 5
  },
  "frxUSDSEK": {
    "minTradeNum": 0.01,
    "pricePlace": 5
  },
  "1HZ10V": {
    "minTradeNum": 0.01,
    "pricePlace": 5
  },
  "R_10": {
    "minTradeNum": 0.01,
    "pricePlace": 5
  },
  "1HZ15V": {
    "minTradeNum": 0.01,
    "pricePlace": 5
  },
  "1HZ25V": {
    "minTradeNum": 0.01,
    "pricePlace": 5
  },
  "R_25": {
    "minTradeNum": 0.01,
    "pricePlace": 5
  },
  "1HZ30V": {
    "minTradeNum": 0.01,
    "pricePlace": 5
  },
  "1HZ50V": {
    "minTradeNum": 0.01,
    "pricePlace": 5
  },
  "R_50": {
    "minTradeNum": 0.01,
    "pricePlace": 5
  },
  "1HZ75V": {
    "minTradeNum": 0.01,
    "pricePlace": 5
  },
  "R_75": {
    "minTradeNum": 0.01,
    "pricePlace": 5
  },
  "1HZ90V": {
    "minTradeNum": 0.01,
    "pricePlace": 5
  },
  "1HZ100V": {
    "minTradeNum": 0.01,
    "pricePlace": 5
  },
  "R_100": {
    "minTradeNum": 0.01,
    "pricePlace": 5
  },
  "OTC_DJI": {
    "minTradeNum": 0.01,
    "pricePlace": 5
  }
}
[2026-03-22T18:27:16.954Z] Skipping news sentiment fetch. Next fetch in approximately 3 minutes.
[2026-03-22T18:27:16.958Z] Entering symbol loop.
[2026-03-22T18:27:17.426Z] Fetched Bitget balances successfully.
[2026-03-22T18:27:17.805Z] Fetched Deriv balances successfully.
[2026-03-22T18:27:17.807Z] Initial balance set to: 27.11 USDT
[2026-03-22T18:27:17.809Z] Current Balance: 27.11 USDT, Initial Balance: 27.11 USDT, Peak Balance: 27.11 USDT
[2026-03-22T18:27:17.810Z] Daily Loss Percent: 0.00%, Total Drawdown Percent: 0.00%
[2026-03-22T18:27:17.815Z] Processing symbol: BTCUSDT
[2026-03-22T18:27:17.817Z] Fetching 1m candles for BTCUSDT
[2026-03-22T18:27:17.820Z] Processing symbol: ETHUSDT
[2026-03-22T18:27:17.823Z] Fetching 1m candles for ETHUSDT
[2026-03-22T18:27:17.826Z] Processing symbol: XRPUSDT
[2026-03-22T18:27:17.827Z] Fetching 1m candles for XRPUSDT
[2026-03-22T18:27:17.829Z] Processing symbol: ADAUSDT
[2026-03-22T18:27:17.833Z] Fetching 1m candles for ADAUSDT
[2026-03-22T18:27:17.836Z] Processing symbol: SOLUSDT
[2026-03-22T18:27:17.839Z] Fetching 1m candles for SOLUSDT
[2026-03-22T18:27:17.841Z] Processing symbol: DOGEUSDT
[2026-03-22T18:27:17.845Z] Fetching 1m candles for DOGEUSDT
[2026-03-22T18:27:17.847Z] Processing symbol: DOTUSDT
[2026-03-22T18:27:17.850Z] Fetching 1m candles for DOTUSDT
[2026-03-22T18:27:17.857Z] Processing symbol: LTCUSDT
[2026-03-22T18:27:17.862Z] Fetching 1m candles for LTCUSDT
[2026-03-22T18:27:17.864Z] Processing symbol: BCHUSDT
[2026-03-22T18:27:17.868Z] Fetching 1m candles for BCHUSDT
[2026-03-22T18:27:17.872Z] Processing symbol: LINKUSDT
[2026-03-22T18:27:17.876Z] Fetching 1m candles for LINKUSDT
[2026-03-22T18:27:17.881Z] Processing symbol: TRXUSDT
[2026-03-22T18:27:17.883Z] Fetching 1m candles for TRXUSDT
[2026-03-22T18:27:17.885Z] Processing symbol: UNIUSDT
[2026-03-22T18:27:17.886Z] Fetching 1m candles for UNIUSDT
[2026-03-22T18:27:17.888Z] Processing symbol: AVAXUSDT
[2026-03-22T18:27:17.891Z] Fetching 1m candles for AVAXUSDT
[2026-03-22T18:27:17.893Z] Processing symbol: ETCUSDT
[2026-03-22T18:27:17.894Z] Fetching 1m candles for ETCUSDT
[2026-03-22T18:27:17.897Z] Processing symbol: XLMUSDT
[2026-03-22T18:27:17.898Z] Fetching 1m candles for XLMUSDT
[2026-03-22T18:27:17.899Z] Processing symbol: FILUSDT
[2026-03-22T18:27:17.900Z] Fetching 1m candles for FILUSDT
[2026-03-22T18:27:17.903Z] Processing symbol: ICPUSDT
[2026-03-22T18:27:17.905Z] Fetching 1m candles for ICPUSDT
[2026-03-22T18:27:17.909Z] Processing symbol: VETUSDT
[2026-03-22T18:27:17.910Z] Fetching 1m candles for VETUSDT
[2026-03-22T18:27:17.912Z] Processing symbol: BNBUSDT
[2026-03-22T18:27:17.915Z] Fetching 1m candles for BNBUSDT
[2026-03-22T18:27:17.918Z] Processing symbol: OPUSDT
[2026-03-22T18:27:17.920Z] Fetching 1m candles for OPUSDT
[2026-03-22T18:27:17.922Z] Processing symbol: frxXAUUSD
[2026-03-22T18:27:17.924Z] Fetching 1m candles for frxXAUUSD
[2026-03-22T18:27:17.926Z] DEBUG: getCandles called for symbol: frxXAUUSD, timeframe: 1m
[2026-03-22T18:27:17.929Z] Processing symbol: frxXAGUSD
[2026-03-22T18:27:17.932Z] Fetching 1m candles for frxXAGUSD
[2026-03-22T18:27:17.933Z] DEBUG: getCandles called for symbol: frxXAGUSD, timeframe: 1m
[2026-03-22T18:27:17.936Z] Processing symbol: frxXPTUSD
[2026-03-22T18:27:17.937Z] Fetching 1m candles for frxXPTUSD
[2026-03-22T18:27:17.939Z] DEBUG: getCandles called for symbol: frxXPTUSD, timeframe: 1m
[2026-03-22T18:27:17.942Z] Processing symbol: frxXPDUSD
[2026-03-22T18:27:17.945Z] Fetching 1m candles for frxXPDUSD
[2026-03-22T18:27:17.948Z] DEBUG: getCandles called for symbol: frxXPDUSD, timeframe: 1m
[2026-03-22T18:27:17.950Z] Processing symbol: frxAUDUSD
[2026-03-22T18:27:17.951Z] Fetching 1m candles for frxAUDUSD
[2026-03-22T18:27:17.955Z] DEBUG: getCandles called for symbol: frxAUDUSD, timeframe: 1m
[2026-03-22T18:27:17.957Z] Processing symbol: frxEURUSD
[2026-03-22T18:27:17.961Z] Fetching 1m candles for frxEURUSD
[2026-03-22T18:27:17.964Z] DEBUG: getCandles called for symbol: frxEURUSD, timeframe: 1m
[2026-03-22T18:27:17.968Z] Processing symbol: frxGBPUSD
[2026-03-22T18:27:17.970Z] Fetching 1m candles for frxGBPUSD
[2026-03-22T18:27:17.972Z] DEBUG: getCandles called for symbol: frxGBPUSD, timeframe: 1m
[2026-03-22T18:27:17.974Z] Processing symbol: frxUSDJPY
[2026-03-22T18:27:17.976Z] Fetching 1m candles for frxUSDJPY
[2026-03-22T18:27:17.977Z] DEBUG: getCandles called for symbol: frxUSDJPY, timeframe: 1m
[2026-03-22T18:27:17.981Z] Processing symbol: frxUSDCAD
[2026-03-22T18:27:17.983Z] Fetching 1m candles for frxUSDCAD
[2026-03-22T18:27:17.984Z] DEBUG: getCandles called for symbol: frxUSDCAD, timeframe: 1m
[2026-03-22T18:27:17.988Z] Processing symbol: frxUSDCHF
[2026-03-22T18:27:17.990Z] Fetching 1m candles for frxUSDCHF
[2026-03-22T18:27:17.991Z] DEBUG: getCandles called for symbol: frxUSDCHF, timeframe: 1m
[2026-03-22T18:27:17.994Z] Processing symbol: frxAUDCAD
[2026-03-22T18:27:17.998Z] Fetching 1m candles for frxAUDCAD
[2026-03-22T18:27:18.000Z] DEBUG: getCandles called for symbol: frxAUDCAD, timeframe: 1m
[2026-03-22T18:27:18.002Z] Processing symbol: frxAUDCHF
[2026-03-22T18:27:18.004Z] Fetching 1m candles for frxAUDCHF
[2026-03-22T18:27:18.006Z] DEBUG: getCandles called for symbol: frxAUDCHF, timeframe: 1m
[2026-03-22T18:27:18.008Z] Processing symbol: frxAUDJPY
[2026-03-22T18:27:18.010Z] Fetching 1m candles for frxAUDJPY
[2026-03-22T18:27:18.013Z] DEBUG: getCandles called for symbol: frxAUDJPY, timeframe: 1m
[2026-03-22T18:27:18.016Z] Processing symbol: frxAUDNZD
[2026-03-22T18:27:18.018Z] Fetching 1m candles for frxAUDNZD
[2026-03-22T18:27:18.019Z] DEBUG: getCandles called for symbol: frxAUDNZD, timeframe: 1m
[2026-03-22T18:27:18.022Z] Processing symbol: frxEURAUD
[2026-03-22T18:27:18.024Z] Fetching 1m candles for frxEURAUD
[2026-03-22T18:27:18.027Z] DEBUG: getCandles called for symbol: frxEURAUD, timeframe: 1m
[2026-03-22T18:27:18.031Z] Processing symbol: frxEURCAD
[2026-03-22T18:27:18.034Z] Fetching 1m candles for frxEURCAD
[2026-03-22T18:27:18.039Z] DEBUG: getCandles called for symbol: frxEURCAD, timeframe: 1m
[2026-03-22T18:27:18.043Z] Processing symbol: frxEURCHF
[2026-03-22T18:27:18.057Z] Fetching 1m candles for frxEURCHF
[2026-03-22T18:27:18.080Z] DEBUG: getCandles called for symbol: frxEURCHF, timeframe: 1m
[2026-03-22T18:27:18.083Z] Processing symbol: frxEURGBP
[2026-03-22T18:27:18.086Z] Fetching 1m candles for frxEURGBP
[2026-03-22T18:27:18.090Z] DEBUG: getCandles called for symbol: frxEURGBP, timeframe: 1m
[2026-03-22T18:27:18.093Z] Processing symbol: frxEURJPY
[2026-03-22T18:27:18.099Z] Fetching 1m candles for frxEURJPY
[2026-03-22T18:27:18.105Z] DEBUG: getCandles called for symbol: frxEURJPY, timeframe: 1m
[2026-03-22T18:27:18.119Z] Processing symbol: frxEURNZD
[2026-03-22T18:27:18.122Z] Fetching 1m candles for frxEURNZD
[2026-03-22T18:27:18.124Z] DEBUG: getCandles called for symbol: frxEURNZD, timeframe: 1m
[2026-03-22T18:27:18.128Z] Processing symbol: frxGBPAUD
[2026-03-22T18:27:18.130Z] Fetching 1m candles for frxGBPAUD
[2026-03-22T18:27:18.133Z] DEBUG: getCandles called for symbol: frxGBPAUD, timeframe: 1m
[2026-03-22T18:27:18.135Z] Processing symbol: frxGBPCAD
[2026-03-22T18:27:18.138Z] Fetching 1m candles for frxGBPCAD
[2026-03-22T18:27:18.141Z] DEBUG: getCandles called for symbol: frxGBPCAD, timeframe: 1m
[2026-03-22T18:27:18.145Z] Processing symbol: frxGBPCHF
[2026-03-22T18:27:18.151Z] Fetching 1m candles for frxGBPCHF
[2026-03-22T18:27:18.154Z] DEBUG: getCandles called for symbol: frxGBPCHF, timeframe: 1m
[2026-03-22T18:27:18.157Z] Processing symbol: frxGBPJPY
[2026-03-22T18:27:18.162Z] Fetching 1m candles for frxGBPJPY
[2026-03-22T18:27:18.172Z] DEBUG: getCandles called for symbol: frxGBPJPY, timeframe: 1m
[2026-03-22T18:27:18.177Z] Processing symbol: frxGBPNOK
[2026-03-22T18:27:18.179Z] Fetching 1m candles for frxGBPNOK
[2026-03-22T18:27:18.182Z] DEBUG: getCandles called for symbol: frxGBPNOK, timeframe: 1m
[2026-03-22T18:27:18.184Z] Processing symbol: frxGBPNZD
[2026-03-22T18:27:18.187Z] Fetching 1m candles for frxGBPNZD
[2026-03-22T18:27:18.190Z] DEBUG: getCandles called for symbol: frxGBPNZD, timeframe: 1m
[2026-03-22T18:27:18.194Z] Processing symbol: frxNZDJPY
[2026-03-22T18:27:18.197Z] Fetching 1m candles for frxNZDJPY
[2026-03-22T18:27:18.201Z] DEBUG: getCandles called for symbol: frxNZDJPY, timeframe: 1m
[2026-03-22T18:27:18.203Z] Processing symbol: frxNZDUSD
[2026-03-22T18:27:18.206Z] Fetching 1m candles for frxNZDUSD
[2026-03-22T18:27:18.210Z] DEBUG: getCandles called for symbol: frxNZDUSD, timeframe: 1m
[2026-03-22T18:27:18.214Z] Processing symbol: frxUSDMXN
[2026-03-22T18:27:18.216Z] Fetching 1m candles for frxUSDMXN
[2026-03-22T18:27:18.219Z] DEBUG: getCandles called for symbol: frxUSDMXN, timeframe: 1m
[2026-03-22T18:27:18.222Z] Processing symbol: frxUSDNOK
[2026-03-22T18:27:18.225Z] Fetching 1m candles for frxUSDNOK
[2026-03-22T18:27:18.228Z] DEBUG: getCandles called for symbol: frxUSDNOK, timeframe: 1m
[2026-03-22T18:27:18.231Z] Processing symbol: frxUSDPLN
[2026-03-22T18:27:18.232Z] Fetching 1m candles for frxUSDPLN
[2026-03-22T18:27:18.233Z] DEBUG: getCandles called for symbol: frxUSDPLN, timeframe: 1m
[2026-03-22T18:27:18.237Z] Processing symbol: frxUSDSEK
[2026-03-22T18:27:18.239Z] Fetching 1m candles for frxUSDSEK
[2026-03-22T18:27:18.240Z] DEBUG: getCandles called for symbol: frxUSDSEK, timeframe: 1m
[2026-03-22T18:27:18.716Z] Fetched 1m candles for BTCUSDT. Sample: [["1774198080000","68746","68761","68744.2","68761","3.4024","233939.278"],["1774198140000","68761","68783","68760","68777.2","3.2457","223209.82477"]]
[2026-03-22T18:27:18.746Z] Fetching 15m candles for BTCUSDT
[2026-03-22T18:27:18.892Z] Fetched 1m candles for frxGBPUSD. Sample: [[1774034160000,1.3334,1.33348,1.33319,1.33323],[1774034220000,1.33324,1.33339,1.33305,1.33335]]
[2026-03-22T18:27:18.910Z] Fetching 15m candles for frxGBPUSD
[2026-03-22T18:27:18.916Z] DEBUG: getCandles called for symbol: frxGBPUSD, timeframe: 15m
[2026-03-22T18:27:18.947Z] Fetched 1m candles for frxEURUSD. Sample: [[1774034160000,1.15545,1.15549,1.15527,1.15529],[1774034220000,1.1553,1.15559,1.15526,1.15555]]
[2026-03-22T18:27:18.954Z] Fetching 15m candles for frxEURUSD
[2026-03-22T18:27:18.982Z] DEBUG: getCandles called for symbol: frxEURUSD, timeframe: 15m
[2026-03-22T18:27:19.028Z] Fetched 1m candles for frxXAUUSD. Sample: [[1774034160000,4507.11,4507.11,4500.65,4501.53],[1774034220000,4501.79,4502.89,4493.47,4499.96]]
[2026-03-22T18:27:19.053Z] Fetching 15m candles for frxXAUUSD
[2026-03-22T18:27:19.065Z] DEBUG: getCandles called for symbol: frxXAUUSD, timeframe: 15m
[2026-03-22T18:27:19.117Z] Fetched 1m candles for frxXPDUSD. Sample: [[1774034160000,1412.38,1413.97,1412.06,1412.16],[1774034220000,1412.16,1412.93,1411.53,1412.58]]
[2026-03-22T18:27:19.121Z] Fetching 15m candles for frxXPDUSD
[2026-03-22T18:27:19.126Z] DEBUG: getCandles called for symbol: frxXPDUSD, timeframe: 15m
[2026-03-22T18:27:19.137Z] Fetched 1m candles for frxXPTUSD. Sample: [[1774034160000,1924.14,1925.44,1923.24,1923.52],[1774034220000,1923.64,1926.4,1922.42,1924.01]]
[2026-03-22T18:27:19.141Z] Fetching 15m candles for frxXPTUSD
[2026-03-22T18:27:19.149Z] DEBUG: getCandles called for symbol: frxXPTUSD, timeframe: 15m
[2026-03-22T18:27:19.157Z] Fetched 1m candles for frxUSDCHF. Sample: [[1774034160000,0.78843,0.78856,0.78839,0.78855],[1774034220000,0.78855,0.7886,0.78837,0.78841]]
[2026-03-22T18:27:19.165Z] Fetching 15m candles for frxUSDCHF
[2026-03-22T18:27:19.172Z] DEBUG: getCandles called for symbol: frxUSDCHF, timeframe: 15m
[2026-03-22T18:27:19.212Z] Fetched 1m candles for frxAUDUSD. Sample: [[1774034160000,0.70142,0.70143,0.70125,0.70128],[1774034220000,0.70129,0.70139,0.70109,0.70133]]
[2026-03-22T18:27:19.258Z] Fetching 15m candles for frxAUDUSD
[2026-03-22T18:27:19.293Z] DEBUG: getCandles called for symbol: frxAUDUSD, timeframe: 15m
[2026-03-22T18:27:19.380Z] Fetched 1m candles for frxXAGUSD. Sample: [[1774034160000,68.1775,68.1827,68.062,68.072],[1774034220000,68.0877,68.1249,67.958,68.0762]]
[2026-03-22T18:27:19.383Z] Fetching 15m candles for frxXAGUSD
[2026-03-22T18:27:19.385Z] DEBUG: getCandles called for symbol: frxXAGUSD, timeframe: 15m
[2026-03-22T18:27:19.389Z] Fetched 1m candles for OPUSDT. Sample: [["1774198080000","0.116","0.116","0.116","0.116","0","0"],["1774198140000","0.116","0.116","0.1159","0.1159","430.7","49.91813"]]
[2026-03-22T18:27:19.392Z] Fetching 15m candles for OPUSDT
[2026-03-22T18:27:19.397Z] Fetched 1m candles for DOTUSDT. Sample: [["1774198080000","1.434","1.434","1.433","1.433","220","315.26"],["1774198140000","1.433","1.433","1.433","1.433","7284","10437.972"]]
[2026-03-22T18:27:19.403Z] Fetching 15m candles for DOTUSDT
[2026-03-22T18:27:19.412Z] Fetched 1m candles for UNIUSDT. Sample: [["1774198080000","3.486","3.486","3.483","3.483","300","1044.9"],["1774198140000","3.483","3.483","3.483","3.483","0","0"]]
[2026-03-22T18:27:19.416Z] Fetching 15m candles for UNIUSDT
[2026-03-22T18:27:19.420Z] Fetched 1m candles for ICPUSDT. Sample: [["1774198080000","2.388","2.388","2.388","2.388","0","0"],["1774198140000","2.388","2.389","2.388","2.389","60.58","144.72562"]]
[2026-03-22T18:27:19.423Z] Fetching 15m candles for ICPUSDT
[2026-03-22T18:27:19.430Z] Fetched 1m candles for VETUSDT. Sample: [["1774198080000","0.006952","0.006952","0.006952","0.006952","0","0"],["1774198140000","0.006952","0.006952","0.006945","0.006945","10856","75.39492"]]
[2026-03-22T18:27:19.434Z] Fetching 15m candles for VETUSDT
[2026-03-22T18:27:19.437Z] Fetched 1m candles for ETCUSDT. Sample: [["1774198080000","8.117","8.117","8.115","8.115","54","438.257"],["1774198140000","8.115","8.115","8.115","8.115","0","0"]]
[2026-03-22T18:27:19.440Z] Fetching 15m candles for ETCUSDT
[2026-03-22T18:27:19.448Z] Fetched 1m candles for LTCUSDT. Sample: [["1774198080000","54.09","54.09","54.06","54.06","2.6","140.572"],["1774198140000","54.06","54.06","54.06","54.06","0","0"]]
[2026-03-22T18:27:19.453Z] Fetching 15m candles for LTCUSDT
[2026-03-22T18:27:19.459Z] Fetched 1m candles for BNBUSDT. Sample: [["1774198080000","629.88","629.88","629.68","629.68","70.42","44345.8928"],["1774198140000","629.68","629.73","629.67","629.73","0.18","113.3454"]]
[2026-03-22T18:27:19.464Z] Fetching 15m candles for BNBUSDT
[2026-03-22T18:27:19.468Z] Fetched 1m candles for ADAUSDT. Sample: [["1774198080000","0.2545","0.2545","0.2545","0.2545","4305","1095.6225"],["1774198140000","0.2545","0.2546","0.2544","0.2546","2469","628.4284"]]
[2026-03-22T18:27:19.473Z] Fetching 15m candles for ADAUSDT
[2026-03-22T18:27:19.480Z] Fetched 1m candles for BCHUSDT. Sample: [["1774198080000","468.52","468.52","468.28","468.28","0.04","18.7312"],["1774198140000","468.28","468.28","468.25","468.25","0.11","51.5075"]]
[2026-03-22T18:27:19.486Z] Fetching 15m candles for BCHUSDT
[2026-03-22T18:27:19.494Z] Fetched 1m candles for ETHUSDT. Sample: [["1774198080000","2080.69","2081.1","2080.69","2080.98","97.04","201936.61"],["1774198140000","2080.98","2081.64","2080.81","2081.64","91.05","189499.6186"]]
[2026-03-22T18:27:19.503Z] Fetching 15m candles for ETHUSDT
[2026-03-22T18:27:19.507Z] Fetched 1m candles for FILUSDT. Sample: [["1774198080000","0.8771","0.8771","0.8768","0.8768","2754.8","2415.4456"],["1774198140000","0.8768","0.8769","0.8766","0.8769","283.9","248.93484"]]
[2026-03-22T18:27:19.512Z] Fetching 15m candles for FILUSDT
[2026-03-22T18:27:19.519Z] Fetched 1m candles for XRPUSDT. Sample: [["1774198080000","1.3935","1.3935","1.3929","1.3929","16229","22610.6136"],["1774198140000","1.3929","1.3936","1.3929","1.3935","7510","10461.5628"]]
[2026-03-22T18:27:19.522Z] Fetching 15m candles for XRPUSDT
[2026-03-22T18:27:19.529Z] Fetched 1m candles for TRXUSDT. Sample: [["1774198080000","0.31617","0.31634","0.31617","0.31634","26947","8521.59371"],["1774198140000","0.31634","0.31682","0.31634","0.31682","392890","124409.21571"]]
[2026-03-22T18:27:19.534Z] Fetching 15m candles for TRXUSDT
[2026-03-22T18:27:19.539Z] Fetched 1m candles for SOLUSDT. Sample: [["1774198080000","87.382","87.416","87.376","87.402","975.2","85228.098"],["1774198140000","87.402","87.418","87.396","87.412","321.5","28102.4721"]]
[2026-03-22T18:27:19.542Z] Fetching 15m candles for SOLUSDT
[2026-03-22T18:27:19.550Z] Fetched 1m candles for LINKUSDT. Sample: [["1774198080000","8.779","8.779","8.776","8.777","62","544.236"],["1774198140000","8.777","8.777","8.776","8.777","37","324.743"]]
[2026-03-22T18:27:19.554Z] Fetching 15m candles for LINKUSDT
[2026-03-22T18:27:19.563Z] Fetched 1m candles for XLMUSDT. Sample: [["1774198080000","0.1575","0.15753","0.15734","0.1575","383674","60414.88136"],["1774198140000","0.1575","0.15766","0.15742","0.15766","129022","20321.4255"]]
[2026-03-22T18:27:19.575Z] Fetching 15m candles for XLMUSDT
[2026-03-22T18:27:19.579Z] Fetched 1m candles for AVAXUSDT. Sample: [["1774198080000","9.085","9.085","9.083","9.083","1.6","14.5335"],["1774198140000","9.083","9.083","9.081","9.081","22","199.782"]]
[2026-03-22T18:27:19.681Z] Fetching 15m candles for AVAXUSDT
[2026-03-22T18:27:20.070Z] Fetched 1m candles for DOGEUSDT. Sample: [["1774198080000","0.09158","0.09158","0.09155","0.09155","12163","1113.81661"],["1774198140000","0.09155","0.09157","0.09155","0.09157","23428","2144.83804"]]
[2026-03-22T18:27:20.119Z] Fetching 15m candles for DOGEUSDT
[2026-03-22T18:27:20.139Z] Fetched 1m candles for frxUSDCAD. Sample: [[1774034160000,1.37194,1.372,1.37192,1.37198],[1774034220000,1.37199,1.3721,1.3718,1.37182]]
[2026-03-22T18:27:20.150Z] Fetching 15m candles for frxUSDCAD
[2026-03-22T18:27:20.156Z] DEBUG: getCandles called for symbol: frxUSDCAD, timeframe: 15m
[2026-03-22T18:27:20.187Z] Fetched 1m candles for frxAUDJPY. Sample: [[1774034160000,111.735,111.735,111.716,111.72],[1774034220000,111.721,111.731,111.698,111.723]]
[2026-03-22T18:27:20.195Z] Fetching 15m candles for frxAUDJPY
[2026-03-22T18:27:20.199Z] DEBUG: getCandles called for symbol: frxAUDJPY, timeframe: 15m
[2026-03-22T18:27:20.209Z] Fetching 4H candles for BTCUSDT
[2026-03-22T18:27:20.215Z] Fetched 1m candles for frxEURNZD. Sample: [[1774034160000,1.98414,1.9845,1.98414,1.98442],[1774034220000,1.98442,1.98472,1.98432,1.98447]]
[2026-03-22T18:27:20.222Z] Fetching 15m candles for frxEURNZD
[2026-03-22T18:27:20.225Z] DEBUG: getCandles called for symbol: frxEURNZD, timeframe: 15m
[2026-03-22T18:27:20.234Z] Fetched 1m candles for frxEURJPY. Sample: [[1774034160000,184.063,184.066,184.048,184.05],[1774034220000,184.049,184.086,184.048,184.082]]
[2026-03-22T18:27:20.239Z] Fetching 15m candles for frxEURJPY
[2026-03-22T18:27:20.246Z] DEBUG: getCandles called for symbol: frxEURJPY, timeframe: 15m
[2026-03-22T18:27:20.254Z] Fetched 1m candles for frxEURCAD. Sample: [[1774034160000,1.58511,1.58523,1.58497,1.58499],[1774034220000,1.58498,1.58519,1.58498,1.58514]]
[2026-03-22T18:27:20.258Z] Fetching 15m candles for frxEURCAD
[2026-03-22T18:27:20.263Z] DEBUG: getCandles called for symbol: frxEURCAD, timeframe: 15m
[2026-03-22T18:27:20.268Z] Fetched 1m candles for frxAUDCAD. Sample: [[1774034160000,0.96226,0.96231,0.96206,0.9621],[1774034220000,0.96212,0.96214,0.96193,0.96206]]
[2026-03-22T18:27:20.272Z] Fetching 15m candles for frxAUDCAD
[2026-03-22T18:27:20.275Z] DEBUG: getCandles called for symbol: frxAUDCAD, timeframe: 15m
[2026-03-22T18:27:20.283Z] Fetched 1m candles for frxEURCHF. Sample: [[1774034160000,0.91098,0.911,0.91096,0.911],[1774034220000,0.91102,0.91107,0.91099,0.91105]]
[2026-03-22T18:27:20.285Z] Fetching 15m candles for frxEURCHF
[2026-03-22T18:27:20.288Z] DEBUG: getCandles called for symbol: frxEURCHF, timeframe: 15m
[2026-03-22T18:27:20.292Z] Fetched 1m candles for frxUSDJPY. Sample: [[1774034160000,159.3,159.311,159.292,159.31],[1774034220000,159.308,159.321,159.297,159.301]]
[2026-03-22T18:27:20.298Z] Fetching 15m candles for frxUSDJPY
[2026-03-22T18:27:20.300Z] DEBUG: getCandles called for symbol: frxUSDJPY, timeframe: 15m
[2026-03-22T18:27:20.306Z] Fetched 1m candles for frxAUDNZD. Sample: [[1774034160000,1.20446,1.20464,1.20444,1.20457],[1774034220000,1.20458,1.20458,1.20436,1.20441]]
[2026-03-22T18:27:20.309Z] Fetching 15m candles for frxAUDNZD
[2026-03-22T18:27:20.316Z] DEBUG: getCandles called for symbol: frxAUDNZD, timeframe: 15m
[2026-03-22T18:27:20.390Z] Fetched 1m candles for frxAUDCHF. Sample: [[1774034160000,0.55301,0.55301,0.55296,0.55299],[1774034220000,0.553,0.553,0.55288,0.55293]]
[2026-03-22T18:27:20.391Z] Fetching 15m candles for frxAUDCHF
[2026-03-22T18:27:20.396Z] DEBUG: getCandles called for symbol: frxAUDCHF, timeframe: 15m
[2026-03-22T18:27:20.406Z] Fetching 4H candles for BNBUSDT
[2026-03-22T18:27:20.416Z] Fetching 4H candles for VETUSDT
[2026-03-22T18:27:20.424Z] Fetching 4H candles for UNIUSDT
[2026-03-22T18:27:20.432Z] Fetching 4H candles for ICPUSDT
[2026-03-22T18:27:20.438Z] Fetching 4H candles for LTCUSDT
[2026-03-22T18:27:20.442Z] Fetching 4H candles for BCHUSDT
[2026-03-22T18:27:20.465Z] Fetching 4H candles for ADAUSDT
[2026-03-22T18:27:20.469Z] Fetching 4H candles for OPUSDT
[2026-03-22T18:27:20.482Z] Fetching 4H candles for ETHUSDT
[2026-03-22T18:27:20.486Z] Fetching 4H candles for SOLUSDT
[2026-03-22T18:27:20.491Z] Fetching 4H candles for XRPUSDT
[2026-03-22T18:27:20.496Z] Fetching 4H candles for TRXUSDT
[2026-03-22T18:27:20.499Z] Fetching 4H candles for ETCUSDT
[2026-03-22T18:27:20.501Z] Fetching 4H candles for XLMUSDT
[2026-03-22T18:27:20.507Z] Fetched 1m candles for frxGBPAUD. Sample: [[1774034160000,1.90102,1.90122,1.90101,1.90116],[1774034220000,1.90114,1.90146,1.90106,1.90115]]
[2026-03-22T18:27:20.510Z] Fetching 15m candles for frxGBPAUD
[2026-03-22T18:27:20.514Z] DEBUG: getCandles called for symbol: frxGBPAUD, timeframe: 15m
[2026-03-22T18:27:20.519Z] Fetching 4H candles for FILUSDT
[2026-03-22T18:27:20.522Z] Fetching 4H candles for DOTUSDT
[2026-03-22T18:27:20.525Z] Fetching 4H candles for LINKUSDT
[2026-03-22T18:27:20.532Z] Fetched 1m candles for frxEURGBP. Sample: [[1774034160000,0.86655,0.86655,0.86652,0.86653],[1774034220000,0.86654,0.86667,0.86654,0.86666]]
[2026-03-22T18:27:20.535Z] Fetching 15m candles for frxEURGBP
[2026-03-22T18:27:20.539Z] DEBUG: getCandles called for symbol: frxEURGBP, timeframe: 15m
[2026-03-22T18:27:20.548Z] Fetched 1m candles for frxGBPNZD. Sample: [[1774034160000,2.28974,2.29018,2.28974,2.29005],[1774034220000,2.29004,2.29015,2.28959,2.28975]]
[2026-03-22T18:27:20.550Z] Fetching 15m candles for frxGBPNZD
[2026-03-22T18:27:20.553Z] DEBUG: getCandles called for symbol: frxGBPNZD, timeframe: 15m
[2026-03-22T18:27:20.558Z] Fetched 1m candles for frxNZDJPY. Sample: [[1774034160000,92.767,92.767,92.744,92.747],[1774034220000,92.747,92.768,92.738,92.761]]
[2026-03-22T18:27:20.563Z] Fetching 15m candles for frxNZDJPY
[2026-03-22T18:27:20.565Z] DEBUG: getCandles called for symbol: frxNZDJPY, timeframe: 15m
[2026-03-22T18:27:20.569Z] Fetched 1m candles for frxEURAUD. Sample: [[1774034160000,1.64731,1.64747,1.64731,1.64741],[1774034220000,1.6474,1.64785,1.6474,1.64766]]
[2026-03-22T18:27:20.572Z] Fetching 15m candles for frxEURAUD
[2026-03-22T18:27:20.574Z] DEBUG: getCandles called for symbol: frxEURAUD, timeframe: 15m
[2026-03-22T18:27:20.581Z] Fetched 1m candles for frxGBPCHF. Sample: [[1774034160000,1.05128,1.05131,1.05125,1.05131],[1774034220000,1.05133,1.05133,1.05119,1.05121]]
[2026-03-22T18:27:20.583Z] Fetching 15m candles for frxGBPCHF
[2026-03-22T18:27:20.585Z] DEBUG: getCandles called for symbol: frxGBPCHF, timeframe: 15m
[2026-03-22T18:27:20.590Z] Fetched 1m candles for frxGBPCAD. Sample: [[1774034160000,1.82922,1.82939,1.82903,1.8291],[1774034220000,1.8291,1.82913,1.82898,1.82901]]
[2026-03-22T18:27:20.598Z] Fetching 15m candles for frxGBPCAD
[2026-03-22T18:27:20.603Z] DEBUG: getCandles called for symbol: frxGBPCAD, timeframe: 15m
[2026-03-22T18:27:20.608Z] Fetched 1m candles for frxGBPJPY. Sample: [[1774034160000,212.412,212.419,212.39,212.397],[1774034220000,212.397,212.408,212.38,212.401]]
[2026-03-22T18:27:20.612Z] Fetching 15m candles for frxGBPJPY
[2026-03-22T18:27:20.614Z] DEBUG: getCandles called for symbol: frxGBPJPY, timeframe: 15m
[2026-03-22T18:27:20.618Z] Fetching 4H candles for AVAXUSDT
[2026-03-22T18:27:20.624Z] Fetched 1m candles for frxUSDPLN. Sample: [[1774034160000,3.7022,3.7024,3.7014,3.7021],[1774034220000,3.7021,3.7025,3.7018,3.702]]
[2026-03-22T18:27:20.629Z] Fetching 15m candles for frxUSDPLN
[2026-03-22T18:27:20.633Z] DEBUG: getCandles called for symbol: frxUSDPLN, timeframe: 15m
[2026-03-22T18:27:20.649Z] Fetched 1m candles for frxUSDMXN. Sample: [[1774034160000,17.9575,17.961,17.9554,17.9603],[1774034220000,17.9604,17.9624,17.954,17.9556]]
[2026-03-22T18:27:20.652Z] Fetching 15m candles for frxUSDMXN
[2026-03-22T18:27:20.657Z] DEBUG: getCandles called for symbol: frxUSDMXN, timeframe: 15m
[2026-03-22T18:27:20.665Z] Fetched 1m candles for frxGBPNOK. Sample: [[1774033920000,12.76802,12.76802,12.76633,12.76765],[1774033980000,12.76782,12.76797,12.76711,12.76763]]
[2026-03-22T18:27:20.669Z] Fetching 15m candles for frxGBPNOK
[2026-03-22T18:27:20.672Z] DEBUG: getCandles called for symbol: frxGBPNOK, timeframe: 15m
[2026-03-22T18:27:20.679Z] Fetched 1m candles for frxUSDNOK. Sample: [[1774034160000,9.57679,9.57841,9.57645,9.5783],[1774034220000,9.57828,9.57857,9.57675,9.57734]]
[2026-03-22T18:27:20.681Z] Fetching 15m candles for frxUSDNOK
[2026-03-22T18:27:20.683Z] DEBUG: getCandles called for symbol: frxUSDNOK, timeframe: 15m
[2026-03-22T18:27:20.698Z] Fetched 1m candles for frxUSDSEK. Sample: [[1774034160000,9.36208,9.36386,9.36175,9.36376],[1774034220000,9.36371,9.36422,9.36147,9.36177]]
[2026-03-22T18:27:20.704Z] Fetching 15m candles for frxUSDSEK
[2026-03-22T18:27:20.706Z] DEBUG: getCandles called for symbol: frxUSDSEK, timeframe: 15m
[2026-03-22T18:27:20.719Z] Fetching 4H candles for frxGBPUSD
[2026-03-22T18:27:20.721Z] DEBUG: getCandles called for symbol: frxGBPUSD, timeframe: 4H
[2026-03-22T18:27:20.729Z] Fetching 4H candles for frxEURUSD
[2026-03-22T18:27:20.730Z] DEBUG: getCandles called for symbol: frxEURUSD, timeframe: 4H
[2026-03-22T18:27:20.739Z] Fetching 4H candles for frxXAUUSD
[2026-03-22T18:27:20.742Z] DEBUG: getCandles called for symbol: frxXAUUSD, timeframe: 4H
[2026-03-22T18:27:20.746Z] Fetching 4H candles for frxXPTUSD
[2026-03-22T18:27:20.747Z] DEBUG: getCandles called for symbol: frxXPTUSD, timeframe: 4H
[2026-03-22T18:27:20.753Z] Fetching 4H candles for frxXPDUSD
[2026-03-22T18:27:20.754Z] DEBUG: getCandles called for symbol: frxXPDUSD, timeframe: 4H
[2026-03-22T18:27:20.760Z] Fetching 4H candles for frxUSDCHF
[2026-03-22T18:27:20.762Z] DEBUG: getCandles called for symbol: frxUSDCHF, timeframe: 4H
[2026-03-22T18:27:20.765Z] Fetching 4H candles for frxAUDUSD
[2026-03-22T18:27:20.767Z] DEBUG: getCandles called for symbol: frxAUDUSD, timeframe: 4H
[2026-03-22T18:27:20.772Z] Fetched 1m candles for frxNZDUSD. Sample: [[1774034160000,0.58234,0.58234,0.58216,0.58218],[1774034220000,0.58219,0.58236,0.5821,0.5823]]
[2026-03-22T18:27:20.777Z] Fetching 15m candles for frxNZDUSD
[2026-03-22T18:27:20.778Z] DEBUG: getCandles called for symbol: frxNZDUSD, timeframe: 15m
[2026-03-22T18:27:20.782Z] Fetching 4H candles for frxXAGUSD
[2026-03-22T18:27:20.784Z] DEBUG: getCandles called for symbol: frxXAGUSD, timeframe: 4H
[2026-03-22T18:27:20.789Z] Fetching 4H candles for frxUSDCAD
[2026-03-22T18:27:20.792Z] DEBUG: getCandles called for symbol: frxUSDCAD, timeframe: 4H
[2026-03-22T18:27:20.796Z] Fetching 4H candles for frxAUDJPY
[2026-03-22T18:27:20.799Z] DEBUG: getCandles called for symbol: frxAUDJPY, timeframe: 4H
[2026-03-22T18:27:20.806Z] Fetching 4H candles for frxEURNZD
[2026-03-22T18:27:20.809Z] DEBUG: getCandles called for symbol: frxEURNZD, timeframe: 4H
[2026-03-22T18:27:20.814Z] Fetching 4H candles for frxEURJPY
[2026-03-22T18:27:20.818Z] DEBUG: getCandles called for symbol: frxEURJPY, timeframe: 4H
[2026-03-22T18:27:20.826Z] Fetching 4H candles for frxEURCAD
[2026-03-22T18:27:20.828Z] DEBUG: getCandles called for symbol: frxEURCAD, timeframe: 4H
[2026-03-22T18:27:20.832Z] Fetching 4H candles for frxAUDCAD
[2026-03-22T18:27:20.837Z] DEBUG: getCandles called for symbol: frxAUDCAD, timeframe: 4H
[2026-03-22T18:27:20.845Z] Fetching 4H candles for frxEURCHF
[2026-03-22T18:27:20.848Z] DEBUG: getCandles called for symbol: frxEURCHF, timeframe: 4H
[2026-03-22T18:27:20.864Z] Fetching 4H candles for DOGEUSDT
[2026-03-22T18:27:20.869Z] Fetching 4H candles for frxUSDJPY
[2026-03-22T18:27:20.877Z] DEBUG: getCandles called for symbol: frxUSDJPY, timeframe: 4H
[2026-03-22T18:27:20.882Z] Fetching 4H candles for frxAUDNZD
[2026-03-22T18:27:20.884Z] DEBUG: getCandles called for symbol: frxAUDNZD, timeframe: 4H
[2026-03-22T18:27:20.894Z] Fetching 4H candles for frxAUDCHF
[2026-03-22T18:27:20.897Z] DEBUG: getCandles called for symbol: frxAUDCHF, timeframe: 4H
[2026-03-22T18:27:20.905Z] Fetching 4H candles for frxEURGBP
[2026-03-22T18:27:20.906Z] DEBUG: getCandles called for symbol: frxEURGBP, timeframe: 4H
[2026-03-22T18:27:20.914Z] Mapping candle data...
[2026-03-22T18:27:20.921Z] Long-term ATR (4H): 461.2363636363634
[2026-03-22T18:27:20.922Z] Calling analyze function...
[2026-03-22T18:27:20.946Z] Analyze function returned: Signal=HOLD, RSI=49.73, EMA=68657.82752268469, ATR=19.584472839319965, Price=68658.9
[2026-03-22T18:27:20.954Z] Trend Direction: 15m=DOWN, 4h=DOWN
[2026-03-22T18:27:20.958Z] Starting multi-timeframe confirmation...
[2026-03-22T18:27:20.971Z] Adjusted position size with sentiment: 21.68722490
[2026-03-22T18:27:20.980Z] Type of dailyLossCheck: function
[2026-03-22T18:27:20.984Z] USDT available: 27.10903112
[2026-03-22T18:27:20.988Z] Calculated position size (USDT): 21.68722490
[2026-03-22T18:27:20.995Z] Last price: 68658.9
[2026-03-22T18:27:21.013Z] Calculated quantity: 0.00031587
[2026-03-22T18:27:21.016Z] No trade executed for BTCUSDT due to signal: HOLD
[2026-03-22T18:27:21.027Z] Fetching 4H candles for frxGBPAUD
[2026-03-22T18:27:21.030Z] DEBUG: getCandles called for symbol: frxGBPAUD, timeframe: 4H
[2026-03-22T18:27:21.047Z] Mapping candle data...
[2026-03-22T18:27:21.068Z] Long-term ATR (4H): 3.55696969696969
[2026-03-22T18:27:21.077Z] Calling analyze function...
[2026-03-22T18:27:21.086Z] Analyze function returned: Signal=HOLD, RSI=60.6, EMA=630.0073315021467, ATR=0.16479758426593544, Price=630.42
[2026-03-22T18:27:21.090Z] Trend Direction: 15m=DOWN, 4h=DOWN
[2026-03-22T18:27:21.092Z] Starting multi-timeframe confirmation...
[2026-03-22T18:27:21.095Z] Adjusted position size with sentiment: 21.68722490
[2026-03-22T18:27:21.103Z] Type of dailyLossCheck: function
[2026-03-22T18:27:21.110Z] USDT available: 27.10903112
[2026-03-22T18:27:21.115Z] Calculated position size (USDT): 21.68722490
[2026-03-22T18:27:21.123Z] Last price: 630.42
[2026-03-22T18:27:21.130Z] Calculated quantity: 0.03440123
[2026-03-22T18:27:21.140Z] No trade executed for BNBUSDT due to signal: HOLD
[2026-03-22T18:27:21.153Z] Fetching 4H candles for frxGBPNZD
[2026-03-22T18:27:21.160Z] DEBUG: getCandles called for symbol: frxGBPNZD, timeframe: 4H
[2026-03-22T18:27:21.207Z] Mapping candle data...
[2026-03-22T18:27:21.209Z] Long-term ATR (4H): 0.03450505050505047
[2026-03-22T18:27:21.212Z] Calling analyze function...
[2026-03-22T18:27:21.220Z] Analyze function returned: Signal=HOLD, RSI=52.62, EMA=3.484501305442281, ATR=0.0009615846432711078, Price=3.485
[2026-03-22T18:27:21.223Z] Trend Direction: 15m=DOWN, 4h=DOWN
[2026-03-22T18:27:21.227Z] Starting multi-timeframe confirmation...
[2026-03-22T18:27:21.229Z] Adjusted position size with sentiment: 21.68722490
[2026-03-22T18:27:21.235Z] Type of dailyLossCheck: function
[2026-03-22T18:27:21.237Z] USDT available: 27.10903112
[2026-03-22T18:27:21.241Z] Calculated position size (USDT): 21.68722490
[2026-03-22T18:27:21.243Z] Last price: 3.485
[2026-03-22T18:27:21.245Z] Calculated quantity: 6.22302006
[2026-03-22T18:27:21.247Z] No trade executed for UNIUSDT due to signal: HOLD
[2026-03-22T18:27:21.254Z] Mapping candle data...
[2026-03-22T18:27:21.258Z] Long-term ATR (4H): 0.000060979797979797976
[2026-03-22T18:27:21.260Z] Calling analyze function...
[2026-03-22T18:27:21.263Z] Analyze function returned: Signal=HOLD, RSI=84.46, EMA=0.006926484321465454, ATR=0.0000013735307281759202, Price=0.006938
[2026-03-22T18:27:21.269Z] Trend Direction: 15m=DOWN, 4h=DOWN
[2026-03-22T18:27:21.271Z] Starting multi-timeframe confirmation...
[2026-03-22T18:27:21.274Z] Adjusted position size with sentiment: 21.68722490
[2026-03-22T18:27:21.277Z] Type of dailyLossCheck: function
[2026-03-22T18:27:21.280Z] USDT available: 27.10903112
[2026-03-22T18:27:21.285Z] Calculated position size (USDT): 21.68722490
[2026-03-22T18:27:21.286Z] Last price: 0.006938
[2026-03-22T18:27:21.291Z] Calculated quantity: 3125.86118420
[2026-03-22T18:27:21.295Z] No trade executed for VETUSDT due to signal: HOLD
[2026-03-22T18:27:21.310Z] Fetching 4H candles for frxNZDJPY
[2026-03-22T18:27:21.312Z] DEBUG: getCandles called for symbol: frxNZDJPY, timeframe: 4H
[2026-03-22T18:27:21.317Z] Mapping candle data...
[2026-03-22T18:27:21.320Z] Long-term ATR (4H): 0.35050505050505026
[2026-03-22T18:27:21.324Z] Calling analyze function...
[2026-03-22T18:27:21.330Z] Analyze function returned: Signal=HOLD, RSI=55.88, EMA=54.07609272539821, ATR=0.009985131445039335, Price=54.09
[2026-03-22T18:27:21.332Z] Trend Direction: 15m=DOWN, 4h=DOWN
[2026-03-22T18:27:21.335Z] Starting multi-timeframe confirmation...
[2026-03-22T18:27:21.337Z] Adjusted position size with sentiment: 21.68722490
[2026-03-22T18:27:21.341Z] Type of dailyLossCheck: function
[2026-03-22T18:27:21.343Z] USDT available: 27.10903112
[2026-03-22T18:27:21.346Z] Calculated position size (USDT): 21.68722490
[2026-03-22T18:27:21.347Z] Last price: 54.09
[2026-03-22T18:27:21.348Z] Calculated quantity: 0.40094703
[2026-03-22T18:27:21.349Z] No trade executed for LTCUSDT due to signal: HOLD
[2026-03-22T18:27:21.353Z] Mapping candle data...
[2026-03-22T18:27:21.356Z] Long-term ATR (4H): 0.029121212121212124
[2026-03-22T18:27:21.361Z] Calling analyze function...
[2026-03-22T18:27:21.365Z] Analyze function returned: Signal=HOLD, RSI=36.19, EMA=2.37955365538825, ATR=0.0012822883078890503, Price=2.377
[2026-03-22T18:27:21.367Z] Trend Direction: 15m=DOWN, 4h=DOWN
[2026-03-22T18:27:21.369Z] Starting multi-timeframe confirmation...
[2026-03-22T18:27:21.377Z] Adjusted position size with sentiment: 21.68722490
[2026-03-22T18:27:21.379Z] Type of dailyLossCheck: function
[2026-03-22T18:27:21.381Z] USDT available: 27.10903112
[2026-03-22T18:27:21.383Z] Calculated position size (USDT): 21.68722490
[2026-03-22T18:27:21.386Z] Last price: 2.377
[2026-03-22T18:27:21.392Z] Calculated quantity: 9.12377993
[2026-03-22T18:27:21.395Z] No trade executed for ICPUSDT due to signal: HOLD
[2026-03-22T18:27:21.399Z] Mapping candle data...
[2026-03-22T18:27:21.401Z] Long-term ATR (4H): 2.744545454545454
[2026-03-22T18:27:21.406Z] Calling analyze function...
[2026-03-22T18:27:21.414Z] Analyze function returned: Signal=HOLD, RSI=58.72, EMA=467.27603612614007, ATR=0.13291352720949526, Price=467.48
[2026-03-22T18:27:21.417Z] Trend Direction: 15m=UP, 4h=UP
[2026-03-22T18:27:21.419Z] Starting multi-timeframe confirmation...
[2026-03-22T18:27:21.421Z] Adjusted position size with sentiment: 21.68722490
[2026-03-22T18:27:21.427Z] Type of dailyLossCheck: function
[2026-03-22T18:27:21.428Z] USDT available: 27.10903112
[2026-03-22T18:27:21.430Z] Calculated position size (USDT): 21.68722490
[2026-03-22T18:27:21.431Z] Last price: 467.48
[2026-03-22T18:27:21.434Z] Calculated quantity: 0.04639177
[2026-03-22T18:27:21.436Z] No trade executed for BCHUSDT due to signal: HOLD
[2026-03-22T18:27:21.438Z] Mapping candle data...
[2026-03-22T18:27:21.442Z] Long-term ATR (4H): 0.002515151515151514
[2026-03-22T18:27:21.444Z] Calling analyze function...
[2026-03-22T18:27:21.448Z] Analyze function returned: Signal=HOLD, RSI=55.59, EMA=0.2539949401376801, ATR=0.00010484893585230012, Price=0.2541
[2026-03-22T18:27:21.451Z] Trend Direction: 15m=DOWN, 4h=DOWN
[2026-03-22T18:27:21.453Z] Starting multi-timeframe confirmation...
[2026-03-22T18:27:21.458Z] Adjusted position size with sentiment: 21.68722490
[2026-03-22T18:27:21.460Z] Type of dailyLossCheck: function
[2026-03-22T18:27:21.462Z] USDT available: 27.10903112
[2026-03-22T18:27:21.463Z] Calculated position size (USDT): 21.68722490
[2026-03-22T18:27:21.466Z] Last price: 0.2541
[2026-03-22T18:27:21.468Z] Calculated quantity: 85.34917314
[2026-03-22T18:27:21.470Z] No trade executed for ADAUSDT due to signal: HOLD
[2026-03-22T18:27:21.477Z] Mapping candle data...
[2026-03-22T18:27:21.479Z] Long-term ATR (4H): 0.01082121212121212
[2026-03-22T18:27:21.481Z] Calling analyze function...
[2026-03-22T18:27:21.485Z] Analyze function returned: Signal=HOLD, RSI=51.82, EMA=1.389562343496232, ATR=0.0005426542490027341, Price=1.3899
[2026-03-22T18:27:21.489Z] Trend Direction: 15m=DOWN, 4h=DOWN
[2026-03-22T18:27:21.495Z] Starting multi-timeframe confirmation...
[2026-03-22T18:27:21.497Z] Adjusted position size with sentiment: 21.68722490
[2026-03-22T18:27:21.500Z] Type of dailyLossCheck: function
[2026-03-22T18:27:21.502Z] USDT available: 27.10903112
[2026-03-22T18:27:21.504Z] Calculated position size (USDT): 21.68722490
[2026-03-22T18:27:21.510Z] Last price: 1.3899
[2026-03-22T18:27:21.511Z] Calculated quantity: 15.60344262
[2026-03-22T18:27:21.513Z] No trade executed for XRPUSDT due to signal: HOLD
[2026-03-22T18:27:21.517Z] Mapping candle data...
[2026-03-22T18:27:21.519Z] Long-term ATR (4H): 0.001272727272727272
[2026-03-22T18:27:21.524Z] Calling analyze function...
[2026-03-22T18:27:21.529Z] Analyze function returned: Signal=HOLD, RSI=62.66, EMA=0.11513952155794246, ATR=0.00005373420757039189, Price=0.1153
[2026-03-22T18:27:21.531Z] Trend Direction: 15m=DOWN, 4h=DOWN
[2026-03-22T18:27:21.533Z] Starting multi-timeframe confirmation...
[2026-03-22T18:27:21.536Z] Adjusted position size with sentiment: 21.68722490
[2026-03-22T18:27:21.541Z] Type of dailyLossCheck: function
[2026-03-22T18:27:21.543Z] USDT available: 27.10903112
[2026-03-22T18:27:21.545Z] Calculated position size (USDT): 21.68722490
[2026-03-22T18:27:21.547Z] Last price: 0.1153
[2026-03-22T18:27:21.549Z] Calculated quantity: 188.09388461
[2026-03-22T18:27:21.550Z] No trade executed for OPUSDT due to signal: HOLD
[2026-03-22T18:27:21.558Z] Mapping candle data...
[2026-03-22T18:27:21.560Z] Long-term ATR (4H): 0.0013985858585858588
[2026-03-22T18:27:21.561Z] Calling analyze function...
[2026-03-22T18:27:21.565Z] Analyze function returned: Signal=BUY, RSI=47.56, EMA=0.15727303419312486, ATR=0.00006253177650560083, Price=0.15728
[2026-03-22T18:27:21.567Z] Trend Direction: 15m=DOWN, 4h=DOWN
[2026-03-22T18:27:21.569Z] Starting multi-timeframe confirmation...
[2026-03-22T18:27:21.573Z] BUY signal for XLMUSDT skipped due to conflicting longer-term trends (15m: DOWN, 4h: DOWN).
[2026-03-22T18:27:21.578Z] Mapping candle data...
[2026-03-22T18:27:21.580Z] Long-term ATR (4H): 0.07334343434343439
[2026-03-22T18:27:21.583Z] Calling analyze function...
[2026-03-22T18:27:21.596Z] Analyze function returned: Signal=HOLD, RSI=56.17, EMA=8.764293299682068, ATR=0.0033696291128684414, Price=8.769
[2026-03-22T18:27:21.602Z] Trend Direction: 15m=DOWN, 4h=DOWN
[2026-03-22T18:27:21.738Z] Starting multi-timeframe confirmation...
[2026-03-22T18:27:21.758Z] Adjusted position size with sentiment: 21.68722490
[2026-03-22T18:27:21.775Z] Type of dailyLossCheck: function
[2026-03-22T18:27:21.802Z] USDT available: 27.10903112
[2026-03-22T18:27:21.806Z] Calculated position size (USDT): 21.68722490
[2026-03-22T18:27:21.810Z] Last price: 8.769
[2026-03-22T18:27:21.813Z] Calculated quantity: 2.47316968
[2026-03-22T18:27:21.837Z] No trade executed for LINKUSDT due to signal: HOLD
[2026-03-22T18:27:21.847Z] Mapping candle data...
[2026-03-22T18:27:21.852Z] Long-term ATR (4H): 0.001144343434343432
[2026-03-22T18:27:21.856Z] Calling analyze function...
[2026-03-22T18:27:21.866Z] Analyze function returned: Signal=HOLD, RSI=47.54, EMA=0.31774102261312775, ATR=0.00014166357521506947, Price=0.31767
[2026-03-22T18:27:21.923Z] Trend Direction: 15m=UP, 4h=UP
[2026-03-22T18:27:21.997Z] Starting multi-timeframe confirmation...
[2026-03-22T18:27:22.104Z] Adjusted position size with sentiment: 21.68722490
[2026-03-22T18:27:22.115Z] Type of dailyLossCheck: function
[2026-03-22T18:27:22.177Z] USDT available: 27.10903112
[2026-03-22T18:27:22.180Z] Calculated position size (USDT): 21.68722490
[2026-03-22T18:27:22.188Z] Last price: 0.31767
[2026-03-22T18:27:22.192Z] Calculated quantity: 68.26966631
[2026-03-22T18:27:22.196Z] No trade executed for TRXUSDT due to signal: HOLD
[2026-03-22T18:27:22.201Z] Mapping candle data...
[2026-03-22T18:27:22.203Z] Long-term ATR (4H): 0.010836363636363635
[2026-03-22T18:27:22.208Z] Calling analyze function...
[2026-03-22T18:27:22.215Z] Analyze function returned: Signal=HOLD, RSI=45.64, EMA=0.8716499125801126, ATR=0.0003688232636639547, Price=0.8716
[2026-03-22T18:27:22.402Z] Trend Direction: 15m=DOWN, 4h=DOWN
[2026-03-22T18:27:22.484Z] Starting multi-timeframe confirmation...
[2026-03-22T18:27:22.495Z] Adjusted position size with sentiment: 21.68722490
[2026-03-22T18:27:22.577Z] Type of dailyLossCheck: function
[2026-03-22T18:27:22.589Z] USDT available: 27.10903112
[2026-03-22T18:27:22.593Z] Calculated position size (USDT): 21.68722490
[2026-03-22T18:27:22.596Z] Last price: 0.8716
[2026-03-22T18:27:22.604Z] Calculated quantity: 24.88208455
[2026-03-22T18:27:22.606Z] No trade executed for FILUSDT due to signal: HOLD
[2026-03-22T18:27:22.612Z] Mapping candle data...
[2026-03-22T18:27:22.621Z] Long-term ATR (4H): 0.01541414141414141
[2026-03-22T18:27:22.625Z] Calling analyze function...
[2026-03-22T18:27:22.666Z] Analyze function returned: Signal=HOLD, RSI=50.75, EMA=1.4328675192070788, ATR=0.0006565739651015565, Price=1.433
[2026-03-22T18:27:22.699Z] Trend Direction: 15m=DOWN, 4h=DOWN
[2026-03-22T18:27:22.721Z] Starting multi-timeframe confirmation...
[2026-03-22T18:27:22.729Z] Adjusted position size with sentiment: 21.68722490
[2026-03-22T18:27:22.741Z] Type of dailyLossCheck: function
[2026-03-22T18:27:22.747Z] USDT available: 27.10903112
[2026-03-22T18:27:22.773Z] Calculated position size (USDT): 21.68722490
[2026-03-22T18:27:22.789Z] Last price: 1.433
[2026-03-22T18:27:22.794Z] Calculated quantity: 15.13414159
[2026-03-22T18:27:22.801Z] No trade executed for DOTUSDT due to signal: HOLD
[2026-03-22T18:27:22.808Z] Mapping candle data...
[2026-03-22T18:27:22.811Z] Long-term ATR (4H): 18.458585858585877
[2026-03-22T18:27:22.817Z] Calling analyze function...
[2026-03-22T18:27:22.825Z] Analyze function returned: Signal=HOLD, RSI=46.86, EMA=2077.5244704748993, ATR=0.7959071814613465, Price=2077.3
[2026-03-22T18:27:22.827Z] Trend Direction: 15m=DOWN, 4h=DOWN
[2026-03-22T18:27:22.829Z] Starting multi-timeframe confirmation...
[2026-03-22T18:27:22.833Z] Adjusted position size with sentiment: 21.68722490
[2026-03-22T18:27:22.835Z] Type of dailyLossCheck: function
[2026-03-22T18:27:22.836Z] USDT available: 27.10903112
[2026-03-22T18:27:22.839Z] Calculated position size (USDT): 21.68722490
[2026-03-22T18:27:22.841Z] Last price: 2077.3
[2026-03-22T18:27:22.843Z] Calculated quantity: 0.01044010
[2026-03-22T18:27:22.845Z] No trade executed for ETHUSDT due to signal: HOLD
[2026-03-22T18:27:22.850Z] Mapping candle data...
[2026-03-22T18:27:22.852Z] Long-term ATR (4H): 0.8119191919191926
[2026-03-22T18:27:22.853Z] Calling analyze function...
[2026-03-22T18:27:22.856Z] Analyze function returned: Signal=HOLD, RSI=52.54, EMA=87.21150557739367, ATR=0.03672573703539321, Price=87.231
[2026-03-22T18:27:22.859Z] Trend Direction: 15m=DOWN, 4h=DOWN
[2026-03-22T18:27:22.860Z] Starting multi-timeframe confirmation...
[2026-03-22T18:27:22.864Z] Adjusted position size with sentiment: 21.68722490
[2026-03-22T18:27:22.867Z] Type of dailyLossCheck: function
[2026-03-22T18:27:22.869Z] USDT available: 27.10903112
[2026-03-22T18:27:22.870Z] Calculated position size (USDT): 21.68722490
[2026-03-22T18:27:22.871Z] Last price: 87.231
[2026-03-22T18:27:22.904Z] Calculated quantity: 0.24861832
[2026-03-22T18:27:23.009Z] No trade executed for SOLUSDT due to signal: HOLD
[2026-03-22T18:27:23.303Z] Fetching 4H candles for frxEURAUD
[2026-03-22T18:27:23.416Z] DEBUG: getCandles called for symbol: frxEURAUD, timeframe: 4H
[2026-03-22T18:27:23.538Z] Mapping candle data...
[2026-03-22T18:27:23.580Z] Long-term ATR (4H): 0.07031313131313124
[2026-03-22T18:27:23.603Z] Calling analyze function...
[2026-03-22T18:27:23.751Z] Analyze function returned: Signal=HOLD, RSI=37.84, EMA=8.095799995615424, ATR=0.0017301700763582028, Price=8.092
[2026-03-22T18:27:23.787Z] Trend Direction: 15m=DOWN, 4h=DOWN
[2026-03-22T18:27:23.840Z] Starting multi-timeframe confirmation...
[2026-03-22T18:27:23.884Z] Adjusted position size with sentiment: 21.68722490
[2026-03-22T18:27:23.914Z] Type of dailyLossCheck: function
[2026-03-22T18:27:23.937Z] USDT available: 27.10903112
[2026-03-22T18:27:23.960Z] Calculated position size (USDT): 21.68722490
[2026-03-22T18:27:23.997Z] Last price: 8.092
[2026-03-22T18:27:24.005Z] Calculated quantity: 2.68008217
[2026-03-22T18:27:24.020Z] No trade executed for ETCUSDT due to signal: HOLD
[2026-03-22T18:27:24.034Z] Mapping candle data...
[2026-03-22T18:27:24.048Z] Long-term ATR (4H): 0.08825252525252525
[2026-03-22T18:27:24.054Z] Calling analyze function...
[2026-03-22T18:27:24.066Z] Analyze function returned: Signal=HOLD, RSI=53.99, EMA=9.059732202924534, ATR=0.0032589763362426026, Price=9.063
[2026-03-22T18:27:24.072Z] Trend Direction: 15m=DOWN, 4h=DOWN
[2026-03-22T18:27:24.158Z] Starting multi-timeframe confirmation...
[2026-03-22T18:27:24.185Z] Adjusted position size with sentiment: 21.68722490
[2026-03-22T18:27:24.192Z] Type of dailyLossCheck: function
[2026-03-22T18:27:24.216Z] USDT available: 27.10903112
[2026-03-22T18:27:24.227Z] Calculated position size (USDT): 21.68722490
[2026-03-22T18:27:24.237Z] Last price: 9.063
[2026-03-22T18:27:24.249Z] Calculated quantity: 2.39294107
[2026-03-22T18:27:24.269Z] No trade executed for AVAXUSDT due to signal: HOLD
[2026-03-22T18:27:24.282Z] Mapping candle data...
[2026-03-22T18:27:24.287Z] Long-term ATR (4H): 0.0009116161616161606
[2026-03-22T18:27:24.300Z] Calling analyze function...
[2026-03-22T18:27:24.345Z] Analyze function returned: Signal=HOLD, RSI=43.84, EMA=0.09117824038657688, ATR=0.000049833009767245344, Price=0.09115
[2026-03-22T18:27:24.369Z] Trend Direction: 15m=DOWN, 4h=DOWN
[2026-03-22T18:27:24.378Z] Starting multi-timeframe confirmation...
[2026-03-22T18:27:24.400Z] Adjusted position size with sentiment: 21.68722490
[2026-03-22T18:27:24.415Z] Type of dailyLossCheck: function
[2026-03-22T18:27:24.426Z] USDT available: 27.10903112
[2026-03-22T18:27:24.439Z] Calculated position size (USDT): 21.68722490
[2026-03-22T18:27:24.449Z] Last price: 0.09115
[2026-03-22T18:27:24.462Z] Calculated quantity: 237.92896211
[2026-03-22T18:27:24.469Z] No trade executed for DOGEUSDT due to signal: HOLD
[2026-03-22T18:27:24.479Z] Fetching 4H candles for frxGBPCHF
[2026-03-22T18:27:24.481Z] DEBUG: getCandles called for symbol: frxGBPCHF, timeframe: 4H
[2026-03-22T18:27:24.486Z] Fetching 4H candles for frxGBPCAD
[2026-03-22T18:27:24.496Z] DEBUG: getCandles called for symbol: frxGBPCAD, timeframe: 4H
[2026-03-22T18:27:24.516Z] Fetching 4H candles for frxGBPJPY
[2026-03-22T18:27:24.520Z] DEBUG: getCandles called for symbol: frxGBPJPY, timeframe: 4H
[2026-03-22T18:27:24.532Z] Fetching 4H candles for frxUSDPLN
[2026-03-22T18:27:24.535Z] DEBUG: getCandles called for symbol: frxUSDPLN, timeframe: 4H
[2026-03-22T18:27:24.544Z] Fetching 4H candles for frxUSDMXN
[2026-03-22T18:27:24.547Z] DEBUG: getCandles called for symbol: frxUSDMXN, timeframe: 4H
[2026-03-22T18:27:24.551Z] Fetching 4H candles for frxGBPNOK
[2026-03-22T18:27:24.557Z] DEBUG: getCandles called for symbol: frxGBPNOK, timeframe: 4H
[2026-03-22T18:27:24.581Z] Mapping candle data...
[2026-03-22T18:27:24.592Z] Long-term ATR (4H): 15.547105263157906
[2026-03-22T18:27:24.601Z] Calling analyze function...
[2026-03-22T18:27:24.631Z] Analyze function returned: Signal=HOLD, RSI=49.91, EMA=1411.5673268919945, ATR=0.9771874040865356, Price=1411.69
[2026-03-22T18:27:24.635Z] Trend Direction: 15m=DOWN, 4h=DOWN
[2026-03-22T18:27:24.647Z] Starting multi-timeframe confirmation...
[2026-03-22T18:27:24.651Z] Adjusted position size with sentiment: 21.68722490
[2026-03-22T18:27:24.683Z] Type of dailyLossCheck: function
[2026-03-22T18:27:24.697Z] USDT available: 27.10903112
[2026-03-22T18:27:24.729Z] Calculated position size (USDT): 21.68722490
[2026-03-22T18:27:24.758Z] Last price: 1411.69
[2026-03-22T18:27:24.763Z] Calculated quantity: 0.01536260
[2026-03-22T18:27:24.768Z] No trade executed for frxXPDUSD due to signal: HOLD
[2026-03-22T18:27:24.790Z] Mapping candle data...
[2026-03-22T18:27:24.810Z] Long-term ATR (4H): 0.0013171052631578914
[2026-03-22T18:27:24.816Z] Calling analyze function...
[2026-03-22T18:27:24.827Z] Analyze function returned: Signal=HOLD, RSI=33.47, EMA=0.788145818729009, ATR=0.00008168061214412084, Price=0.78792
[2026-03-22T18:27:24.831Z] Trend Direction: 15m=DOWN, 4h=UP
[2026-03-22T18:27:24.835Z] Starting multi-timeframe confirmation...
[2026-03-22T18:27:24.844Z] Adjusted position size with sentiment: 21.68722490
[2026-03-22T18:27:24.850Z] Type of dailyLossCheck: function
[2026-03-22T18:27:24.857Z] USDT available: 27.10903112
[2026-03-22T18:27:24.862Z] Calculated position size (USDT): 21.68722490
[2026-03-22T18:27:24.864Z] Last price: 0.78792
[2026-03-22T18:27:24.869Z] Calculated quantity: 27.52465339
[2026-03-22T18:27:24.873Z] No trade executed for frxUSDCHF due to signal: HOLD
[2026-03-22T18:27:24.879Z] Mapping candle data...
[2026-03-22T18:27:24.882Z] Long-term ATR (4H): 1.0104684210526313
[2026-03-22T18:27:24.885Z] Calling analyze function...
[2026-03-22T18:27:24.895Z] Analyze function returned: Signal=HOLD, RSI=43.63, EMA=68.00021295690647, ATR=0.08321189429656936, Price=67.917
[2026-03-22T18:27:24.897Z] Trend Direction: 15m=DOWN, 4h=DOWN
[2026-03-22T18:27:24.899Z] Starting multi-timeframe confirmation...
[2026-03-22T18:27:24.904Z] Adjusted position size with sentiment: 21.68722490
[2026-03-22T18:27:24.910Z] Type of dailyLossCheck: function
[2026-03-22T18:27:24.913Z] USDT available: 27.10903112
[2026-03-22T18:27:24.915Z] Calculated position size (USDT): 21.68722490
[2026-03-22T18:27:24.924Z] Last price: 67.917
[2026-03-22T18:27:24.929Z] Calculated quantity: 0.31931954
[2026-03-22T18:27:24.933Z] No trade executed for frxXAGUSD due to signal: HOLD
[2026-03-22T18:27:24.944Z] Mapping candle data...
[2026-03-22T18:27:24.948Z] Long-term ATR (4H): 27.17039473684208
[2026-03-22T18:27:24.954Z] Calling analyze function...
[2026-03-22T18:27:24.969Z] Analyze function returned: Signal=HOLD, RSI=43.04, EMA=4500.529119332874, ATR=3.034370902174315, Price=4498.01
[2026-03-22T18:27:24.972Z] Trend Direction: 15m=DOWN, 4h=DOWN
[2026-03-22T18:27:24.977Z] Starting multi-timeframe confirmation...
[2026-03-22T18:27:24.980Z] Adjusted position size with sentiment: 44.98010000
[2026-03-22T18:27:24.984Z] Type of dailyLossCheck: function
[2026-03-22T18:27:24.990Z] USDT available: 27.10903112
[2026-03-22T18:27:24.993Z] Calculated position size (USDT): 44.98010000
[2026-03-22T18:27:24.996Z] Last price: 4498.01
[2026-03-22T18:27:25.001Z] Calculated quantity: 0.01000000
[2026-03-22T18:27:25.009Z] No trade executed for frxXAUUSD due to signal: HOLD
[2026-03-22T18:27:25.015Z] Mapping candle data...
[2026-03-22T18:27:25.018Z] Long-term ATR (4H): 0.001967236842105275
[2026-03-22T18:27:25.027Z] Calling analyze function...
[2026-03-22T18:27:25.034Z] Analyze function returned: Signal=HOLD, RSI=73.91, EMA=1.1565639740430431, ATR=0.00013766439267700063, Price=1.15708
[2026-03-22T18:27:25.037Z] Trend Direction: 15m=DOWN, 4h=DOWN
[2026-03-22T18:27:25.041Z] Starting multi-timeframe confirmation...
[2026-03-22T18:27:25.043Z] Adjusted position size with sentiment: 21.68722490
[2026-03-22T18:27:25.046Z] Type of dailyLossCheck: function
[2026-03-22T18:27:25.050Z] USDT available: 27.10903112
[2026-03-22T18:27:25.058Z] Calculated position size (USDT): 21.68722490
[2026-03-22T18:27:25.061Z] Last price: 1.15708
[2026-03-22T18:27:25.065Z] Calculated quantity: 18.74306435
[2026-03-22T18:27:25.074Z] No trade executed for frxEURUSD due to signal: HOLD
[2026-03-22T18:27:25.080Z] Mapping candle data...
[2026-03-22T18:27:25.082Z] Long-term ATR (4H): 18.84250000000002
[2026-03-22T18:27:25.090Z] Calling analyze function...
[2026-03-22T18:27:25.097Z] Analyze function returned: Signal=HOLD, RSI=44.91, EMA=1928.9927477665697, ATR=1.3364621669630878, Price=1927.76
[2026-03-22T18:27:25.101Z] Trend Direction: 15m=DOWN, 4h=DOWN
[2026-03-22T18:27:25.109Z] Starting multi-timeframe confirmation...
[2026-03-22T18:27:25.114Z] Adjusted position size with sentiment: 21.68722490
[2026-03-22T18:27:25.116Z] Type of dailyLossCheck: function
[2026-03-22T18:27:25.125Z] USDT available: 27.10903112
[2026-03-22T18:27:25.129Z] Calculated position size (USDT): 21.68722490
[2026-03-22T18:27:25.134Z] Last price: 1927.76
[2026-03-22T18:27:25.142Z] Calculated quantity: 0.01124996
[2026-03-22T18:27:25.145Z] No trade executed for frxXPTUSD due to signal: HOLD
[2026-03-22T18:27:25.152Z] Mapping candle data...
[2026-03-22T18:27:25.159Z] Long-term ATR (4H): 0.0023874999999999925
[2026-03-22T18:27:25.163Z] Calling analyze function...
[2026-03-22T18:27:25.179Z] Analyze function returned: Signal=HOLD, RSI=67.64, EMA=1.3338678327523712, ATR=0.000165396705569508, Price=1.33432
[2026-03-22T18:27:25.184Z] Trend Direction: 15m=DOWN, 4h=DOWN
[2026-03-22T18:27:25.192Z] Starting multi-timeframe confirmation...
[2026-03-22T18:27:25.199Z] Adjusted position size with sentiment: 21.68722490
[2026-03-22T18:27:25.208Z] Type of dailyLossCheck: function
[2026-03-22T18:27:25.210Z] USDT available: 27.10903112
[2026-03-22T18:27:25.221Z] Calculated position size (USDT): 21.68722490
[2026-03-22T18:27:25.225Z] Last price: 1.33432
[2026-03-22T18:27:25.229Z] Calculated quantity: 16.25339116
[2026-03-22T18:27:25.232Z] No trade executed for frxGBPUSD due to signal: HOLD
[2026-03-22T18:27:25.242Z] Mapping candle data...
[2026-03-22T18:27:25.249Z] Long-term ATR (4H): 0.21768421052631576
[2026-03-22T18:27:25.260Z] Calling analyze function...
[2026-03-22T18:27:25.279Z] Analyze function returned: Signal=HOLD, RSI=51.13, EMA=111.8300316748268, ATR=0.02178300751901507, Price=111.826
[2026-03-22T18:27:25.291Z] Trend Direction: 15m=DOWN, 4h=UP
[2026-03-22T18:27:25.296Z] Starting multi-timeframe confirmation...
[2026-03-22T18:27:25.305Z] Adjusted position size with sentiment: 21.68722490
[2026-03-22T18:27:25.310Z] Type of dailyLossCheck: function
[2026-03-22T18:27:25.315Z] USDT available: 27.10903112
[2026-03-22T18:27:25.325Z] Calculated position size (USDT): 21.68722490
[2026-03-22T18:27:25.330Z] Last price: 111.826
[2026-03-22T18:27:25.335Z] Calculated quantity: 0.19393723
[2026-03-22T18:27:25.339Z] No trade executed for frxAUDJPY due to signal: HOLD
[2026-03-22T18:27:25.344Z] Mapping candle data...
[2026-03-22T18:27:25.346Z] Long-term ATR (4H): 0.0013417105263157881
[2026-03-22T18:27:25.349Z] Calling analyze function...
[2026-03-22T18:27:25.362Z] Analyze function returned: Signal=HOLD, RSI=51.47, EMA=1.3722478654873451, ATR=0.00012922538775760013, Price=1.37226
[2026-03-22T18:27:25.372Z] Trend Direction: 15m=DOWN, 4h=UP
[2026-03-22T18:27:25.381Z] Starting multi-timeframe confirmation...
[2026-03-22T18:27:25.389Z] Adjusted position size with sentiment: 21.68722490
[2026-03-22T18:27:25.393Z] Type of dailyLossCheck: function
[2026-03-22T18:27:25.396Z] USDT available: 27.10903112
[2026-03-22T18:27:25.401Z] Calculated position size (USDT): 21.68722490
[2026-03-22T18:27:25.407Z] Last price: 1.37226
[2026-03-22T18:27:25.409Z] Calculated quantity: 15.80402030
[2026-03-22T18:27:25.410Z] No trade executed for frxUSDCAD due to signal: HOLD
[2026-03-22T18:27:25.416Z] Fetching 4H candles for frxUSDNOK
[2026-03-22T18:27:25.422Z] DEBUG: getCandles called for symbol: frxUSDNOK, timeframe: 4H
[2026-03-22T18:27:25.427Z] Mapping candle data...
[2026-03-22T18:27:25.429Z] Long-term ATR (4H): 0.0012149999999999865
[2026-03-22T18:27:25.437Z] Calling analyze function...
[2026-03-22T18:27:25.443Z] Analyze function returned: Signal=HOLD, RSI=67.65, EMA=1.2044157361033847, ATR=0.00015085975559953358, Price=1.20469
[2026-03-22T18:27:25.446Z] Trend Direction: 15m=DOWN, 4h=UP
[2026-03-22T18:27:25.448Z] Starting multi-timeframe confirmation...
[2026-03-22T18:27:25.456Z] Adjusted position size with sentiment: 21.68722490
[2026-03-22T18:27:25.460Z] Type of dailyLossCheck: function
[2026-03-22T18:27:25.466Z] USDT available: 27.10903112
[2026-03-22T18:27:25.476Z] Calculated position size (USDT): 21.68722490
[2026-03-22T18:27:25.483Z] Last price: 1.20469
[2026-03-22T18:27:25.490Z] Calculated quantity: 18.00232831
[2026-03-22T18:27:25.497Z] No trade executed for frxAUDNZD due to signal: HOLD
[2026-03-22T18:27:25.507Z] Mapping candle data...
[2026-03-22T18:27:25.509Z] Long-term ATR (4H): 0.0007406578947368502
[2026-03-22T18:27:25.514Z] Calling analyze function...
[2026-03-22T18:27:25.714Z] Analyze function returned: Signal=HOLD, RSI=66.66, EMA=0.9115412845754698, ATR=0.00006559095226684298, Price=0.91169
[2026-03-22T18:27:25.847Z] Trend Direction: 15m=DOWN, 4h=UP
[2026-03-22T18:27:25.888Z] Starting multi-timeframe confirmation...
[2026-03-22T18:27:25.937Z] Adjusted position size with sentiment: 21.68722490
[2026-03-22T18:27:25.943Z] Type of dailyLossCheck: function
[2026-03-22T18:27:25.957Z] USDT available: 27.10903112
[2026-03-22T18:27:25.976Z] Calculated position size (USDT): 21.68722490
[2026-03-22T18:27:25.991Z] Last price: 0.91169
[2026-03-22T18:27:25.997Z] Calculated quantity: 23.78793767
[2026-03-22T18:27:26.005Z] No trade executed for frxEURCHF due to signal: HOLD
[2026-03-22T18:27:26.023Z] Mapping candle data...
[2026-03-22T18:27:26.030Z] Long-term ATR (4H): 0.1998947368421061
[2026-03-22T18:27:26.035Z] Calling analyze function...
[2026-03-22T18:27:26.057Z] Analyze function returned: Signal=HOLD, RSI=60.31, EMA=184.22501537635213, ATR=0.01742600916040626, Price=184.25
[2026-03-22T18:27:26.072Z] Trend Direction: 15m=UP, 4h=UP
[2026-03-22T18:27:26.077Z] Starting multi-timeframe confirmation...
[2026-03-22T18:27:26.088Z] Adjusted position size with sentiment: 21.68722490
[2026-03-22T18:27:26.101Z] Type of dailyLossCheck: function
[2026-03-22T18:27:26.106Z] USDT available: 27.10903112
[2026-03-22T18:27:26.118Z] Calculated position size (USDT): 21.68722490
[2026-03-22T18:27:26.131Z] Last price: 184.25
[2026-03-22T18:27:26.141Z] Calculated quantity: 0.11770543
[2026-03-22T18:27:26.152Z] No trade executed for frxEURJPY due to signal: HOLD
[2026-03-22T18:27:26.174Z] Mapping candle data...
[2026-03-22T18:27:26.207Z] Long-term ATR (4H): 0.0009110526315789426
[2026-03-22T18:27:26.213Z] Calling analyze function...
[2026-03-22T18:27:26.251Z] Analyze function returned: Signal=HOLD, RSI=53.44, EMA=0.5533267274037208, ATR=0.00009522785202610143, Price=0.55333
[2026-03-22T18:27:26.288Z] Trend Direction: 15m=DOWN, 4h=UP
[2026-03-22T18:27:26.297Z] Starting multi-timeframe confirmation...
[2026-03-22T18:27:26.305Z] Adjusted position size with sentiment: 21.68722490
[2026-03-22T18:27:26.322Z] Type of dailyLossCheck: function
[2026-03-22T18:27:26.329Z] USDT available: 27.10903112
[2026-03-22T18:27:26.390Z] Calculated position size (USDT): 21.68722490
[2026-03-22T18:27:26.430Z] Last price: 0.55333
[2026-03-22T18:27:26.455Z] Calculated quantity: 39.19401604
[2026-03-22T18:27:26.475Z] No trade executed for frxAUDCHF due to signal: HOLD
[2026-03-22T18:27:26.573Z] Fetching 4H candles for frxNZDUSD
[2026-03-22T18:27:26.604Z] DEBUG: getCandles called for symbol: frxNZDUSD, timeframe: 4H
[2026-03-22T18:27:26.824Z] Mapping candle data...
[2026-03-22T18:27:26.903Z] Long-term ATR (4H): 0.21769736842105358
[2026-03-22T18:27:27.171Z] Calling analyze function...
[2026-03-22T18:27:27.350Z] Analyze function returned: Signal=HOLD, RSI=27.62, EMA=159.28885631293846, ATR=0.013069059057638024, Price=159.242
[2026-03-22T18:27:27.399Z] Trend Direction: 15m=UP, 4h=UP
[2026-03-22T18:27:49.394Z] runBot function started.
[2026-03-22T18:27:50.441Z] Connected to Deriv WebSocket API
[2026-03-22T18:27:50.800Z] Deriv API Authorized: VRTC6531638
[2026-03-22T18:27:50.981Z] Connected to Deriv API successfully.
[2026-03-22T18:27:52.289Z] Fetched Bitget contract configurations.
[2026-03-22T18:27:52.609Z] Deriv API Contract Configurations: {"WLDAUD":{"minTradeNum":0.01,"pricePlace":5},"frxAUDCAD":{"minTradeNum":0.01,"pricePlace":5},"frxAUDCHF":{"minTradeNum":0.01,"pricePlace":5},"frxAUDJPY":{"minTradeNum":0.01,"pricePlace":5},"frxAUDNZD":{"minTradeNum":0.01,"pricePlace":5},"frxAUDUSD":{"minTradeNum":0.01,"pricePlace":5},"OTC_AS51":{"minTradeNum":0.01,"pricePlace":5},"cryBTCUSD":{"minTradeNum":0.01,"pricePlace":5},"RDBEAR":{"minTradeNum":0.01,"pricePlace":5},"BOOM50":{"minTradeNum":0.01,"pricePlace":5},"BOOM150N":{"minTradeNum":0.01,"pricePlace":5},"BOOM300N":{"minTradeNum":0.01,"pricePlace":5},"BOOM500":{"minTradeNum":0.01,"pricePlace":5},"BOOM600":{"minTradeNum":0.01,"pricePlace":5},"BOOM900":{"minTradeNum":0.01,"pricePlace":5},"BOOM1000":{"minTradeNum":0.01,"pricePlace":5},"RDBULL":{"minTradeNum":0.01,"pricePlace":5},"CRASH50":{"minTradeNum":0.01,"pricePlace":5},"CRASH150N":{"minTradeNum":0.01,"pricePlace":5},"CRASH300N":{"minTradeNum":0.01,"pricePlace":5},"CRASH500":{"minTradeNum":0.01,"pricePlace":5},"CRASH600":{"minTradeNum":0.01,"pricePlace":5},"CRASH900":{"minTradeNum":0.01,"pricePlace":5},"CRASH1000":{"minTradeNum":0.01,"pricePlace":5},"cryETHUSD":{"minTradeNum":0.01,"pricePlace":5},"WLDEUR":{"minTradeNum":0.01,"pricePlace":5},"frxEURAUD":{"minTradeNum":0.01,"pricePlace":5},"frxEURCAD":{"minTradeNum":0.01,"pricePlace":5},"frxEURCHF":{"minTradeNum":0.01,"pricePlace":5},"frxEURGBP":{"minTradeNum":0.01,"pricePlace":5},"frxEURJPY":{"minTradeNum":0.01,"pricePlace":5},"frxEURNZD":{"minTradeNum":0.01,"pricePlace":5},"frxEURUSD":{"minTradeNum":0.01,"pricePlace":5},"OTC_SX5E":{"minTradeNum":0.01,"pricePlace":5},"OTC_FCHI":{"minTradeNum":0.01,"pricePlace":5},"WLDGBP":{"minTradeNum":0.01,"pricePlace":5},"frxGBPAUD":{"minTradeNum":0.01,"pricePlace":5},"frxGBPCAD":{"minTradeNum":0.01,"pricePlace":5},"frxGBPCHF":{"minTradeNum":0.01,"pricePlace":5},"frxGBPJPY":{"minTradeNum":0.01,"pricePlace":5},"frxGBPNOK":{"minTradeNum":0.01,"pricePlace":5},"frxGBPNZD":{"minTradeNum":0.01,"pricePlace":5},"frxGBPUSD":{"minTradeNum":0.01,"pricePlace":5},"OTC_GDAXI":{"minTradeNum":0.01,"pricePlace":5},"WLDXAU":{"minTradeNum":0.01,"pricePlace":5},"frxXAUUSD":{"minTradeNum":0.01,"pricePlace":5},"OTC_HSI":{"minTradeNum":0.01,"pricePlace":5},"OTC_N225":{"minTradeNum":0.01,"pricePlace":5},"JD10":{"minTradeNum":0.01,"pricePlace":5},"JD25":{"minTradeNum":0.01,"pricePlace":5},"JD50":{"minTradeNum":0.01,"pricePlace":5},"JD75":{"minTradeNum":0.01,"pricePlace":5},"JD100":{"minTradeNum":0.01,"pricePlace":5},"frxNZDJPY":{"minTradeNum":0.01,"pricePlace":5},"frxNZDUSD":{"minTradeNum":0.01,"pricePlace":5},"OTC_AEX":{"minTradeNum":0.01,"pricePlace":5},"frxXPDUSD":{"minTradeNum":0.01,"pricePlace":5},"frxXPTUSD":{"minTradeNum":0.01,"pricePlace":5},"RB100":{"minTradeNum":0.01,"pricePlace":5},"RB200":{"minTradeNum":0.01,"pricePlace":5},"frxXAGUSD":{"minTradeNum":0.01,"pricePlace":5},"stpRNG":{"minTradeNum":0.01,"pricePlace":5},"stpRNG2":{"minTradeNum":0.01,"pricePlace":5},"stpRNG3":{"minTradeNum":0.01,"pricePlace":5},"stpRNG4":{"minTradeNum":0.01,"pricePlace":5},"stpRNG5":{"minTradeNum":0.01,"pricePlace":5},"OTC_SSMI":{"minTradeNum":0.01,"pricePlace":5},"OTC_FTSE":{"minTradeNum":0.01,"pricePlace":5},"OTC_SPC":{"minTradeNum":0.01,"pricePlace":5},"OTC_NDX":{"minTradeNum":0.01,"pricePlace":5},"WLDUSD":{"minTradeNum":0.01,"pricePlace":5},"frxUSDCAD":{"minTradeNum":0.01,"pricePlace":5},"frxUSDCHF":{"minTradeNum":0.01,"pricePlace":5},"frxUSDJPY":{"minTradeNum":0.01,"pricePlace":5},"frxUSDMXN":{"minTradeNum":0.01,"pricePlace":5},"frxUSDNOK":{"minTradeNum":0.01,"pricePlace":5},"frxUSDPLN":{"minTradeNum":0.01,"pricePlace":5},"frxUSDSEK":{"minTradeNum":0.01,"pricePlace":5},"1HZ10V":{"minTradeNum":0.01,"pricePlace":5},"R_10":{"minTradeNum":0.01,"pricePlace":5},"1HZ15V":{"minTradeNum":0.01,"pricePlace":5},"1HZ25V":{"minTradeNum":0.01,"pricePlace":5},"R_25":{"minTradeNum":0.01,"pricePlace":5},"1HZ30V":{"minTradeNum":0.01,"pricePlace":5},"1HZ50V":{"minTradeNum":0.01,"pricePlace":5},"R_50":{"minTradeNum":0.01,"pricePlace":5},"1HZ75V":{"minTradeNum":0.01,"pricePlace":5},"R_75":{"minTradeNum":0.01,"pricePlace":5},"1HZ90V":{"minTradeNum":0.01,"pricePlace":5},"1HZ100V":{"minTradeNum":0.01,"pricePlace":5},"R_100":{"minTradeNum":0.01,"pricePlace":5},"OTC_DJI":{"minTradeNum":0.01,"pricePlace":5}}
[2026-03-22T18:27:52.634Z] Fetched Deriv contract configurations.
[2026-03-22T18:27:52.641Z] Deriv Contract Configurations: {
  "WLDAUD": {
    "minTradeNum": 0.01,
    "pricePlace": 5
  },
  "frxAUDCAD": {
    "minTradeNum": 0.01,
    "pricePlace": 5
  },
  "frxAUDCHF": {
    "minTradeNum": 0.01,
    "pricePlace": 5
  },
  "frxAUDJPY": {
    "minTradeNum": 0.01,
    "pricePlace": 5
  },
  "frxAUDNZD": {
    "minTradeNum": 0.01,
    "pricePlace": 5
  },
  "frxAUDUSD": {
    "minTradeNum": 0.01,
    "pricePlace": 5
  },
  "OTC_AS51": {
    "minTradeNum": 0.01,
    "pricePlace": 5
  },
  "cryBTCUSD": {
    "minTradeNum": 0.01,
    "pricePlace": 5
  },
  "RDBEAR": {
    "minTradeNum": 0.01,
    "pricePlace": 5
  },
  "BOOM50": {
    "minTradeNum": 0.01,
    "pricePlace": 5
  },
  "BOOM150N": {
    "minTradeNum": 0.01,
    "pricePlace": 5
  },
  "BOOM300N": {
    "minTradeNum": 0.01,
    "pricePlace": 5
  },
  "BOOM500": {
    "minTradeNum": 0.01,
    "pricePlace": 5
  },
  "BOOM600": {
    "minTradeNum": 0.01,
    "pricePlace": 5
  },
  "BOOM900": {
    "minTradeNum": 0.01,
    "pricePlace": 5
  },
  "BOOM1000": {
    "minTradeNum": 0.01,
    "pricePlace": 5
  },
  "RDBULL": {
    "minTradeNum": 0.01,
    "pricePlace": 5
  },
  "CRASH50": {
    "minTradeNum": 0.01,
    "pricePlace": 5
  },
  "CRASH150N": {
    "minTradeNum": 0.01,
    "pricePlace": 5
  },
  "CRASH300N": {
    "minTradeNum": 0.01,
    "pricePlace": 5
  },
  "CRASH500": {
    "minTradeNum": 0.01,
    "pricePlace": 5
  },
  "CRASH600": {
    "minTradeNum": 0.01,
    "pricePlace": 5
  },
  "CRASH900": {
    "minTradeNum": 0.01,
    "pricePlace": 5
  },
  "CRASH1000": {
    "minTradeNum": 0.01,
    "pricePlace": 5
  },
  "cryETHUSD": {
    "minTradeNum": 0.01,
    "pricePlace": 5
  },
  "WLDEUR": {
    "minTradeNum": 0.01,
    "pricePlace": 5
  },
  "frxEURAUD": {
    "minTradeNum": 0.01,
    "pricePlace": 5
  },
  "frxEURCAD": {
    "minTradeNum": 0.01,
    "pricePlace": 5
  },
  "frxEURCHF": {
    "minTradeNum": 0.01,
    "pricePlace": 5
  },
  "frxEURGBP": {
    "minTradeNum": 0.01,
    "pricePlace": 5
  },
  "frxEURJPY": {
    "minTradeNum": 0.01,
    "pricePlace": 5
  },
  "frxEURNZD": {
    "minTradeNum": 0.01,
    "pricePlace": 5
  },
  "frxEURUSD": {
    "minTradeNum": 0.01,
    "pricePlace": 5
  },
  "OTC_SX5E": {
    "minTradeNum": 0.01,
    "pricePlace": 5
  },
  "OTC_FCHI": {
    "minTradeNum": 0.01,
    "pricePlace": 5
  },
  "WLDGBP": {
    "minTradeNum": 0.01,
    "pricePlace": 5
  },
  "frxGBPAUD": {
    "minTradeNum": 0.01,
    "pricePlace": 5
  },
  "frxGBPCAD": {
    "minTradeNum": 0.01,
    "pricePlace": 5
  },
  "frxGBPCHF": {
    "minTradeNum": 0.01,
    "pricePlace": 5
  },
  "frxGBPJPY": {
    "minTradeNum": 0.01,
    "pricePlace": 5
  },
  "frxGBPNOK": {
    "minTradeNum": 0.01,
    "pricePlace": 5
  },
  "frxGBPNZD": {
    "minTradeNum": 0.01,
    "pricePlace": 5
  },
  "frxGBPUSD": {
    "minTradeNum": 0.01,
    "pricePlace": 5
  },
  "OTC_GDAXI": {
    "minTradeNum": 0.01,
    "pricePlace": 5
  },
  "WLDXAU": {
    "minTradeNum": 0.01,
    "pricePlace": 5
  },
  "frxXAUUSD": {
    "minTradeNum": 0.01,
    "pricePlace": 5
  },
  "OTC_HSI": {
    "minTradeNum": 0.01,
    "pricePlace": 5
  },
  "OTC_N225": {
    "minTradeNum": 0.01,
    "pricePlace": 5
  },
  "JD10": {
    "minTradeNum": 0.01,
    "pricePlace": 5
  },
  "JD25": {
    "minTradeNum": 0.01,
    "pricePlace": 5
  },
  "JD50": {
    "minTradeNum": 0.01,
    "pricePlace": 5
  },
  "JD75": {
    "minTradeNum": 0.01,
    "pricePlace": 5
  },
  "JD100": {
    "minTradeNum": 0.01,
    "pricePlace": 5
  },
  "frxNZDJPY": {
    "minTradeNum": 0.01,
    "pricePlace": 5
  },
  "frxNZDUSD": {
    "minTradeNum": 0.01,
    "pricePlace": 5
  },
  "OTC_AEX": {
    "minTradeNum": 0.01,
    "pricePlace": 5
  },
  "frxXPDUSD": {
    "minTradeNum": 0.01,
    "pricePlace": 5
  },
  "frxXPTUSD": {
    "minTradeNum": 0.01,
    "pricePlace": 5
  },
  "RB100": {
    "minTradeNum": 0.01,
    "pricePlace": 5
  },
  "RB200": {
    "minTradeNum": 0.01,
    "pricePlace": 5
  },
  "frxXAGUSD": {
    "minTradeNum": 0.01,
    "pricePlace": 5
  },
  "stpRNG": {
    "minTradeNum": 0.01,
    "pricePlace": 5
  },
  "stpRNG2": {
    "minTradeNum": 0.01,
    "pricePlace": 5
  },
  "stpRNG3": {
    "minTradeNum": 0.01,
    "pricePlace": 5
  },
  "stpRNG4": {
    "minTradeNum": 0.01,
    "pricePlace": 5
  },
  "stpRNG5": {
    "minTradeNum": 0.01,
    "pricePlace": 5
  },
  "OTC_SSMI": {
    "minTradeNum": 0.01,
    "pricePlace": 5
  },
  "OTC_FTSE": {
    "minTradeNum": 0.01,
    "pricePlace": 5
  },
  "OTC_SPC": {
    "minTradeNum": 0.01,
    "pricePlace": 5
  },
  "OTC_NDX": {
    "minTradeNum": 0.01,
    "pricePlace": 5
  },
  "WLDUSD": {
    "minTradeNum": 0.01,
    "pricePlace": 5
  },
  "frxUSDCAD": {
    "minTradeNum": 0.01,
    "pricePlace": 5
  },
  "frxUSDCHF": {
    "minTradeNum": 0.01,
    "pricePlace": 5
  },
  "frxUSDJPY": {
    "minTradeNum": 0.01,
    "pricePlace": 5
  },
  "frxUSDMXN": {
    "minTradeNum": 0.01,
    "pricePlace": 5
  },
  "frxUSDNOK": {
    "minTradeNum": 0.01,
    "pricePlace": 5
  },
  "frxUSDPLN": {
    "minTradeNum": 0.01,
    "pricePlace": 5
  },
  "frxUSDSEK": {
    "minTradeNum": 0.01,
    "pricePlace": 5
  },
  "1HZ10V": {
    "minTradeNum": 0.01,
    "pricePlace": 5
  },
  "R_10": {
    "minTradeNum": 0.01,
    "pricePlace": 5
  },
  "1HZ15V": {
    "minTradeNum": 0.01,
    "pricePlace": 5
  },
  "1HZ25V": {
    "minTradeNum": 0.01,
    "pricePlace": 5
  },
  "R_25": {
    "minTradeNum": 0.01,
    "pricePlace": 5
  },
  "1HZ30V": {
    "minTradeNum": 0.01,
    "pricePlace": 5
  },
  "1HZ50V": {
    "minTradeNum": 0.01,
    "pricePlace": 5
  },
  "R_50": {
    "minTradeNum": 0.01,
    "pricePlace": 5
  },
  "1HZ75V": {
    "minTradeNum": 0.01,
    "pricePlace": 5
  },
  "R_75": {
    "minTradeNum": 0.01,
    "pricePlace": 5
  },
  "1HZ90V": {
    "minTradeNum": 0.01,
    "pricePlace": 5
  },
  "1HZ100V": {
    "minTradeNum": 0.01,
    "pricePlace": 5
  },
  "R_100": {
    "minTradeNum": 0.01,
    "pricePlace": 5
  },
  "OTC_DJI": {
    "minTradeNum": 0.01,
    "pricePlace": 5
  }
}
[2026-03-22T18:27:52.848Z] Skipping news sentiment fetch. Next fetch in approximately 3 minutes.
[2026-03-22T18:27:52.861Z] Entering symbol loop.
[2026-03-22T18:27:53.352Z] Fetched Bitget balances successfully.
[2026-03-22T18:27:53.644Z] Fetched Deriv balances successfully.
[2026-03-22T18:27:53.656Z] Initial balance set to: 27.11 USDT
[2026-03-22T18:27:53.669Z] Current Balance: 27.11 USDT, Initial Balance: 27.11 USDT, Peak Balance: 27.11 USDT
[2026-03-22T18:27:53.681Z] Daily Loss Percent: 0.00%, Total Drawdown Percent: 0.00%
[2026-03-22T18:27:53.710Z] Processing symbol: BTCUSDT
[2026-03-22T18:27:53.883Z] Fetching 1m candles for BTCUSDT
[2026-03-22T18:27:54.075Z] Processing symbol: ETHUSDT
[2026-03-22T18:27:54.087Z] Fetching 1m candles for ETHUSDT
[2026-03-22T18:27:54.094Z] Processing symbol: XRPUSDT
[2026-03-22T18:27:54.114Z] Fetching 1m candles for XRPUSDT
[2026-03-22T18:27:54.137Z] Processing symbol: ADAUSDT
[2026-03-22T18:27:54.145Z] Fetching 1m candles for ADAUSDT
[2026-03-22T18:27:54.152Z] Processing symbol: SOLUSDT
[2026-03-22T18:27:54.156Z] Fetching 1m candles for SOLUSDT
[2026-03-22T18:27:54.161Z] Processing symbol: DOGEUSDT
[2026-03-22T18:27:54.166Z] Fetching 1m candles for DOGEUSDT
[2026-03-22T18:27:54.173Z] Processing symbol: DOTUSDT
[2026-03-22T18:27:54.179Z] Fetching 1m candles for DOTUSDT
[2026-03-22T18:27:54.183Z] Processing symbol: LTCUSDT
[2026-03-22T18:27:54.191Z] Fetching 1m candles for LTCUSDT
[2026-03-22T18:27:54.198Z] Processing symbol: BCHUSDT
[2026-03-22T18:27:54.207Z] Fetching 1m candles for BCHUSDT
[2026-03-22T18:27:54.214Z] Processing symbol: LINKUSDT
[2026-03-22T18:27:54.221Z] Fetching 1m candles for LINKUSDT
[2026-03-22T18:27:54.227Z] Processing symbol: TRXUSDT
[2026-03-22T18:27:54.233Z] Fetching 1m candles for TRXUSDT
[2026-03-22T18:27:54.239Z] Processing symbol: UNIUSDT
[2026-03-22T18:27:54.241Z] Fetching 1m candles for UNIUSDT
[2026-03-22T18:27:54.251Z] Processing symbol: AVAXUSDT
[2026-03-22T18:27:54.254Z] Fetching 1m candles for AVAXUSDT
[2026-03-22T18:27:54.260Z] Processing symbol: ETCUSDT
[2026-03-22T18:27:54.274Z] Fetching 1m candles for ETCUSDT
[2026-03-22T18:27:54.287Z] Processing symbol: XLMUSDT
[2026-03-22T18:27:54.305Z] Fetching 1m candles for XLMUSDT
[2026-03-22T18:27:54.314Z] Processing symbol: FILUSDT
[2026-03-22T18:27:54.321Z] Fetching 1m candles for FILUSDT
[2026-03-22T18:27:54.337Z] Processing symbol: ICPUSDT
[2026-03-22T18:27:54.362Z] Fetching 1m candles for ICPUSDT
[2026-03-22T18:27:54.373Z] Processing symbol: VETUSDT
[2026-03-22T18:27:54.385Z] Fetching 1m candles for VETUSDT
[2026-03-22T18:27:54.393Z] Processing symbol: BNBUSDT
[2026-03-22T18:27:54.400Z] Fetching 1m candles for BNBUSDT
[2026-03-22T18:27:54.413Z] Processing symbol: OPUSDT
[2026-03-22T18:27:54.430Z] Fetching 1m candles for OPUSDT
[2026-03-22T18:27:54.438Z] Processing symbol: frxXAUUSD
[2026-03-22T18:27:54.452Z] Fetching 1m candles for frxXAUUSD
[2026-03-22T18:27:54.461Z] DEBUG: getCandles called for symbol: frxXAUUSD, timeframe: 1m
[2026-03-22T18:27:54.471Z] Processing symbol: frxXAGUSD
[2026-03-22T18:27:54.477Z] Fetching 1m candles for frxXAGUSD
[2026-03-22T18:27:54.483Z] DEBUG: getCandles called for symbol: frxXAGUSD, timeframe: 1m
[2026-03-22T18:27:54.495Z] Processing symbol: frxXPTUSD
[2026-03-22T18:27:54.499Z] Fetching 1m candles for frxXPTUSD
[2026-03-22T18:27:54.502Z] DEBUG: getCandles called for symbol: frxXPTUSD, timeframe: 1m
[2026-03-22T18:27:54.505Z] Processing symbol: frxXPDUSD
[2026-03-22T18:27:54.510Z] Fetching 1m candles for frxXPDUSD
[2026-03-22T18:27:54.514Z] DEBUG: getCandles called for symbol: frxXPDUSD, timeframe: 1m
[2026-03-22T18:27:54.522Z] Processing symbol: frxAUDUSD
[2026-03-22T18:27:54.532Z] Fetching 1m candles for frxAUDUSD
[2026-03-22T18:27:54.538Z] DEBUG: getCandles called for symbol: frxAUDUSD, timeframe: 1m
[2026-03-22T18:27:54.544Z] Processing symbol: frxEURUSD
[2026-03-22T18:27:54.554Z] Fetching 1m candles for frxEURUSD
[2026-03-22T18:27:54.559Z] DEBUG: getCandles called for symbol: frxEURUSD, timeframe: 1m
[2026-03-22T18:27:54.564Z] Processing symbol: frxGBPUSD
[2026-03-22T18:27:54.569Z] Fetching 1m candles for frxGBPUSD
[2026-03-22T18:27:54.575Z] DEBUG: getCandles called for symbol: frxGBPUSD, timeframe: 1m
[2026-03-22T18:27:54.580Z] Processing symbol: frxUSDJPY
[2026-03-22T18:27:54.583Z] Fetching 1m candles for frxUSDJPY
[2026-03-22T18:27:54.589Z] DEBUG: getCandles called for symbol: frxUSDJPY, timeframe: 1m
[2026-03-22T18:27:54.596Z] Processing symbol: frxUSDCAD
[2026-03-22T18:27:54.602Z] Fetching 1m candles for frxUSDCAD
[2026-03-22T18:27:54.604Z] DEBUG: getCandles called for symbol: frxUSDCAD, timeframe: 1m
[2026-03-22T18:27:54.617Z] Processing symbol: frxUSDCHF
[2026-03-22T18:27:54.625Z] Fetching 1m candles for frxUSDCHF
[2026-03-22T18:27:54.631Z] DEBUG: getCandles called for symbol: frxUSDCHF, timeframe: 1m
[2026-03-22T18:27:54.639Z] Processing symbol: frxAUDCAD
[2026-03-22T18:27:54.645Z] Fetching 1m candles for frxAUDCAD
[2026-03-22T18:27:54.659Z] DEBUG: getCandles called for symbol: frxAUDCAD, timeframe: 1m
[2026-03-22T18:27:54.664Z] Processing symbol: frxAUDCHF
[2026-03-22T18:27:54.670Z] Fetching 1m candles for frxAUDCHF
[2026-03-22T18:27:54.674Z] DEBUG: getCandles called for symbol: frxAUDCHF, timeframe: 1m
[2026-03-22T18:27:54.685Z] Processing symbol: frxAUDJPY
[2026-03-22T18:27:54.690Z] Fetching 1m candles for frxAUDJPY
[2026-03-22T18:27:54.697Z] DEBUG: getCandles called for symbol: frxAUDJPY, timeframe: 1m
[2026-03-22T18:27:54.707Z] Processing symbol: frxAUDNZD
[2026-03-22T18:27:54.717Z] Fetching 1m candles for frxAUDNZD
[2026-03-22T18:27:54.729Z] DEBUG: getCandles called for symbol: frxAUDNZD, timeframe: 1m
[2026-03-22T18:27:54.738Z] Processing symbol: frxEURAUD
[2026-03-22T18:27:54.747Z] Fetching 1m candles for frxEURAUD
[2026-03-22T18:27:54.749Z] DEBUG: getCandles called for symbol: frxEURAUD, timeframe: 1m
[2026-03-22T18:27:54.751Z] Processing symbol: frxEURCAD
[2026-03-22T18:27:54.754Z] Fetching 1m candles for frxEURCAD
[2026-03-22T18:27:54.757Z] DEBUG: getCandles called for symbol: frxEURCAD, timeframe: 1m
[2026-03-22T18:27:54.761Z] Processing symbol: frxEURCHF
[2026-03-22T18:27:54.769Z] Fetching 1m candles for frxEURCHF
[2026-03-22T18:27:54.771Z] DEBUG: getCandles called for symbol: frxEURCHF, timeframe: 1m
[2026-03-22T18:27:54.777Z] Processing symbol: frxEURGBP
[2026-03-22T18:27:54.783Z] Fetching 1m candles for frxEURGBP
[2026-03-22T18:27:54.793Z] DEBUG: getCandles called for symbol: frxEURGBP, timeframe: 1m
[2026-03-22T18:27:54.802Z] Processing symbol: frxEURJPY
[2026-03-22T18:27:54.815Z] Fetching 1m candles for frxEURJPY
[2026-03-22T18:27:54.820Z] DEBUG: getCandles called for symbol: frxEURJPY, timeframe: 1m
[2026-03-22T18:27:54.837Z] Processing symbol: frxEURNZD
[2026-03-22T18:27:54.878Z] Fetching 1m candles for frxEURNZD
[2026-03-22T18:27:54.885Z] DEBUG: getCandles called for symbol: frxEURNZD, timeframe: 1m
[2026-03-22T18:27:54.890Z] Processing symbol: frxGBPAUD
[2026-03-22T18:27:54.897Z] Fetching 1m candles for frxGBPAUD
[2026-03-22T18:27:54.902Z] DEBUG: getCandles called for symbol: frxGBPAUD, timeframe: 1m
[2026-03-22T18:27:54.905Z] Processing symbol: frxGBPCAD
[2026-03-22T18:27:54.910Z] Fetching 1m candles for frxGBPCAD
[2026-03-22T18:27:54.919Z] DEBUG: getCandles called for symbol: frxGBPCAD, timeframe: 1m
[2026-03-22T18:27:54.935Z] Processing symbol: frxGBPCHF
[2026-03-22T18:27:54.942Z] Fetching 1m candles for frxGBPCHF
[2026-03-22T18:27:54.948Z] DEBUG: getCandles called for symbol: frxGBPCHF, timeframe: 1m
[2026-03-22T18:27:54.952Z] Processing symbol: frxGBPJPY
[2026-03-22T18:27:54.957Z] Fetching 1m candles for frxGBPJPY
[2026-03-22T18:27:54.963Z] DEBUG: getCandles called for symbol: frxGBPJPY, timeframe: 1m
[2026-03-22T18:27:54.973Z] Processing symbol: frxGBPNOK
[2026-03-22T18:27:54.978Z] Fetching 1m candles for frxGBPNOK
[2026-03-22T18:27:55.004Z] DEBUG: getCandles called for symbol: frxGBPNOK, timeframe: 1m
[2026-03-22T18:27:55.008Z] Processing symbol: frxGBPNZD
[2026-03-22T18:27:55.013Z] Fetching 1m candles for frxGBPNZD
[2026-03-22T18:27:55.017Z] DEBUG: getCandles called for symbol: frxGBPNZD, timeframe: 1m
[2026-03-22T18:27:55.021Z] Processing symbol: frxNZDJPY
[2026-03-22T18:27:55.027Z] Fetching 1m candles for frxNZDJPY
[2026-03-22T18:27:55.032Z] DEBUG: getCandles called for symbol: frxNZDJPY, timeframe: 1m
[2026-03-22T18:27:55.041Z] Processing symbol: frxNZDUSD
[2026-03-22T18:27:55.051Z] Fetching 1m candles for frxNZDUSD
[2026-03-22T18:27:55.054Z] DEBUG: getCandles called for symbol: frxNZDUSD, timeframe: 1m
[2026-03-22T18:27:55.062Z] Processing symbol: frxUSDMXN
[2026-03-22T18:27:55.066Z] Fetching 1m candles for frxUSDMXN
[2026-03-22T18:27:55.070Z] DEBUG: getCandles called for symbol: frxUSDMXN, timeframe: 1m
[2026-03-22T18:27:55.075Z] Processing symbol: frxUSDNOK
[2026-03-22T18:27:55.087Z] Fetching 1m candles for frxUSDNOK
[2026-03-22T18:27:55.107Z] DEBUG: getCandles called for symbol: frxUSDNOK, timeframe: 1m
[2026-03-22T18:27:55.120Z] Processing symbol: frxUSDPLN
[2026-03-22T18:27:55.131Z] Fetching 1m candles for frxUSDPLN
[2026-03-22T18:27:55.146Z] DEBUG: getCandles called for symbol: frxUSDPLN, timeframe: 1m
[2026-03-22T18:27:55.149Z] Processing symbol: frxUSDSEK
[2026-03-22T18:27:55.153Z] Fetching 1m candles for frxUSDSEK
[2026-03-22T18:27:55.154Z] DEBUG: getCandles called for symbol: frxUSDSEK, timeframe: 1m
[2026-03-22T18:27:55.608Z] Fetched 1m candles for BTCUSDT. Sample: [["1774198080000","68746","68761","68744.2","68761","3.4024","233939.278"],["1774198140000","68761","68783","68760","68777.2","3.2457","223209.82477"]]
[2026-03-22T18:27:55.614Z] Fetching 15m candles for BTCUSDT
[2026-03-22T18:27:55.806Z] Fetched 1m candles for frxUSDCHF. Sample: [[1774034160000,0.78843,0.78856,0.78839,0.78855],[1774034220000,0.78855,0.7886,0.78837,0.78841]]
[2026-03-22T18:27:55.822Z] Fetching 15m candles for frxUSDCHF
[2026-03-22T18:27:55.893Z] DEBUG: getCandles called for symbol: frxUSDCHF, timeframe: 15m
[2026-03-22T18:27:55.978Z] Fetched 1m candles for frxAUDUSD. Sample: [[1774034160000,0.70142,0.70143,0.70125,0.70128],[1774034220000,0.70129,0.70139,0.70109,0.70133]]
[2026-03-22T18:27:56.059Z] Fetching 15m candles for frxAUDUSD
[2026-03-22T18:27:56.070Z] DEBUG: getCandles called for symbol: frxAUDUSD, timeframe: 15m
[2026-03-22T18:27:56.077Z] Fetched 1m candles for frxUSDJPY. Sample: [[1774034160000,159.3,159.311,159.292,159.31],[1774034220000,159.308,159.321,159.297,159.301]]
[2026-03-22T18:27:56.082Z] Fetching 15m candles for frxUSDJPY
[2026-03-22T18:27:56.115Z] DEBUG: getCandles called for symbol: frxUSDJPY, timeframe: 15m
[2026-03-22T18:27:56.121Z] Fetched 1m candles for frxXAGUSD. Sample: [[1774034160000,68.1775,68.1827,68.062,68.072],[1774034220000,68.0877,68.1249,67.958,68.0762]]
[2026-03-22T18:27:56.125Z] Fetching 15m candles for frxXAGUSD
[2026-03-22T18:27:56.129Z] DEBUG: getCandles called for symbol: frxXAGUSD, timeframe: 15m
[2026-03-22T18:27:56.139Z] Fetched 1m candles for frxEURAUD. Sample: [[1774034160000,1.64731,1.64747,1.64731,1.64741],[1774034220000,1.6474,1.64785,1.6474,1.64766]]
[2026-03-22T18:27:56.155Z] Fetching 15m candles for frxEURAUD
[2026-03-22T18:27:56.159Z] DEBUG: getCandles called for symbol: frxEURAUD, timeframe: 15m
[2026-03-22T18:27:56.358Z] Fetched 1m candles for frxAUDCHF. Sample: [[1774034160000,0.55301,0.55301,0.55296,0.55299],[1774034220000,0.553,0.553,0.55288,0.55293]]
[2026-03-22T18:27:56.376Z] Fetching 15m candles for frxAUDCHF
[2026-03-22T18:27:56.388Z] DEBUG: getCandles called for symbol: frxAUDCHF, timeframe: 15m
[2026-03-22T18:27:56.420Z] Fetched 1m candles for ICPUSDT. Sample: [["1774198080000","2.388","2.388","2.388","2.388","0","0"],["1774198140000","2.388","2.389","2.388","2.389","60.58","144.72562"]]
[2026-03-22T18:27:56.442Z] Fetching 15m candles for ICPUSDT
[2026-03-22T18:27:56.470Z] Fetched 1m candles for DOTUSDT. Sample: [["1774198080000","1.434","1.434","1.433","1.433","220","315.26"],["1774198140000","1.433","1.433","1.433","1.433","7284","10437.972"]]
[2026-03-22T18:27:56.485Z] Fetching 15m candles for DOTUSDT
[2026-03-22T18:27:56.495Z] Fetched 1m candles for ETHUSDT. Sample: [["1774198080000","2080.69","2081.1","2080.69","2080.98","97.04","201936.61"],["1774198140000","2080.98","2081.64","2080.81","2081.64","91.05","189499.6186"]]
[2026-03-22T18:27:56.500Z] Fetching 15m candles for ETHUSDT
[2026-03-22T18:27:56.511Z] Fetched 1m candles for SOLUSDT. Sample: [["1774198080000","87.382","87.416","87.376","87.402","975.2","85228.098"],["1774198140000","87.402","87.418","87.396","87.412","321.5","28102.4721"]]
[2026-03-22T18:27:56.524Z] Fetching 15m candles for SOLUSDT
[2026-03-22T18:27:56.531Z] Fetched 1m candles for AVAXUSDT. Sample: [["1774198080000","9.085","9.085","9.083","9.083","1.6","14.5335"],["1774198140000","9.083","9.083","9.081","9.081","22","199.782"]]
[2026-03-22T18:27:56.534Z] Fetching 15m candles for AVAXUSDT
[2026-03-22T18:27:56.561Z] Fetched 1m candles for LINKUSDT. Sample: [["1774198080000","8.779","8.779","8.776","8.777","62","544.236"],["1774198140000","8.777","8.777","8.776","8.777","37","324.743"]]
[2026-03-22T18:27:56.601Z] Fetching 15m candles for LINKUSDT
[2026-03-22T18:27:56.708Z] Fetched 1m candles for TRXUSDT. Sample: [["1774198080000","0.31617","0.31634","0.31617","0.31634","26947","8521.59371"],["1774198140000","0.31634","0.31682","0.31634","0.31682","392890","124409.21571"]]
[2026-03-22T18:27:56.771Z] Fetching 15m candles for TRXUSDT
[2026-03-22T18:27:56.778Z] Fetched 1m candles for FILUSDT. Sample: [["1774198080000","0.8771","0.8771","0.8768","0.8768","2754.8","2415.4456"],["1774198140000","0.8768","0.8769","0.8766","0.8769","283.9","248.93484"]]
[2026-03-22T18:27:56.783Z] Fetching 15m candles for FILUSDT
[2026-03-22T18:27:56.789Z] Fetched 1m candles for ADAUSDT. Sample: [["1774198080000","0.2545","0.2545","0.2545","0.2545","4305","1095.6225"],["1774198140000","0.2545","0.2546","0.2544","0.2546","2469","628.4284"]]
[2026-03-22T18:27:56.793Z] Fetching 15m candles for ADAUSDT
[2026-03-22T18:27:56.801Z] Fetched 1m candles for UNIUSDT. Sample: [["1774198080000","3.486","3.486","3.483","3.483","300","1044.9"],["1774198140000","3.483","3.483","3.483","3.483","0","0"]]
[2026-03-22T18:27:56.816Z] Fetching 15m candles for UNIUSDT
[2026-03-22T18:27:56.824Z] Fetched 1m candles for LTCUSDT. Sample: [["1774198080000","54.09","54.09","54.06","54.06","2.6","140.572"],["1774198140000","54.06","54.06","54.06","54.06","0","0"]]
[2026-03-22T18:27:56.829Z] Fetching 15m candles for LTCUSDT
[2026-03-22T18:27:56.851Z] Fetched 1m candles for VETUSDT. Sample: [["1774198080000","0.006952","0.006952","0.006952","0.006952","0","0"],["1774198140000","0.006952","0.006952","0.006945","0.006945","10856","75.39492"]]
[2026-03-22T18:27:56.975Z] Fetching 15m candles for VETUSDT
[2026-03-22T18:27:57.064Z] Fetched 1m candles for ETCUSDT. Sample: [["1774198080000","8.117","8.117","8.115","8.115","54","438.257"],["1774198140000","8.115","8.115","8.115","8.115","0","0"]]
[2026-03-22T18:27:57.114Z] Fetching 15m candles for ETCUSDT
[2026-03-22T18:27:57.207Z] Fetched 1m candles for OPUSDT. Sample: [["1774198080000","0.116","0.116","0.116","0.116","0","0"],["1774198140000","0.116","0.116","0.1159","0.1159","430.7","49.91813"]]
[2026-03-22T18:27:57.234Z] Fetching 15m candles for OPUSDT
[2026-03-22T18:27:57.414Z] Fetched 1m candles for DOGEUSDT. Sample: [["1774198080000","0.09158","0.09158","0.09155","0.09155","12163","1113.81661"],["1774198140000","0.09155","0.09157","0.09155","0.09157","23428","2144.83804"]]
[2026-03-22T18:27:57.424Z] Fetching 15m candles for DOGEUSDT
[2026-03-22T18:27:57.437Z] Fetched 1m candles for BCHUSDT. Sample: [["1774198080000","468.52","468.52","468.28","468.28","0.04","18.7312"],["1774198140000","468.28","468.28","468.25","468.25","0.11","51.5075"]]
[2026-03-22T18:27:57.451Z] Fetching 15m candles for BCHUSDT
[2026-03-22T18:27:57.481Z] Fetched 1m candles for BNBUSDT. Sample: [["1774198080000","629.88","629.88","629.68","629.68","70.42","44345.8928"],["1774198140000","629.68","629.73","629.67","629.73","0.18","113.3454"]]
[2026-03-22T18:27:57.498Z] Fetching 15m candles for BNBUSDT
[2026-03-22T18:27:57.516Z] Fetched 1m candles for XLMUSDT. Sample: [["1774198080000","0.1575","0.15753","0.15734","0.1575","383674","60414.88136"],["1774198140000","0.1575","0.15766","0.15742","0.15766","129022","20321.4255"]]
[2026-03-22T18:27:57.522Z] Fetching 15m candles for XLMUSDT
[2026-03-22T18:27:57.538Z] Fetched 1m candles for XRPUSDT. Sample: [["1774198080000","1.3935","1.3935","1.3929","1.3929","16229","22610.6136"],["1774198140000","1.3929","1.3936","1.3929","1.3935","7510","10461.5628"]]
[2026-03-22T18:27:57.548Z] Fetching 15m candles for XRPUSDT
[2026-03-22T18:27:57.600Z] Fetched 1m candles for frxGBPUSD. Sample: [[1774034160000,1.3334,1.33348,1.33319,1.33323],[1774034220000,1.33324,1.33339,1.33305,1.33335]]
[2026-03-22T18:27:57.643Z] Fetching 15m candles for frxGBPUSD
[2026-03-22T18:27:57.696Z] DEBUG: getCandles called for symbol: frxGBPUSD, timeframe: 15m
[2026-03-22T18:27:58.046Z] Fetching 4H candles for BTCUSDT
[2026-03-22T18:27:58.054Z] Fetched 1m candles for frxEURJPY. Sample: [[1774034160000,184.063,184.066,184.048,184.05],[1774034220000,184.049,184.086,184.048,184.082]]
[2026-03-22T18:27:58.062Z] Fetching 15m candles for frxEURJPY
[2026-03-22T18:27:58.066Z] DEBUG: getCandles called for symbol: frxEURJPY, timeframe: 15m
[2026-03-22T18:27:58.084Z] Fetching 4H candles for ICPUSDT
[2026-03-22T18:27:58.102Z] Fetching 4H candles for DOTUSDT
[2026-03-22T18:27:58.115Z] Fetching 4H candles for AVAXUSDT
[2026-03-22T18:27:58.123Z] Fetching 4H candles for ADAUSDT
[2026-03-22T18:27:58.134Z] Fetching 4H candles for ETHUSDT
[2026-03-22T18:27:58.151Z] Fetching 4H candles for LINKUSDT
[2026-03-22T18:27:58.177Z] Fetching 4H candles for TRXUSDT
[2026-03-22T18:27:58.211Z] Fetching 4H candles for SOLUSDT
[2026-03-22T18:27:58.222Z] Fetching 4H candles for FILUSDT
[2026-03-22T18:27:58.241Z] Fetching 4H candles for LTCUSDT
[2026-03-22T18:27:58.259Z] Fetching 4H candles for UNIUSDT
[2026-03-22T18:27:58.302Z] Fetching 4H candles for VETUSDT
[2026-03-22T18:27:58.356Z] Fetching 4H candles for OPUSDT
[2026-03-22T18:27:58.371Z] Fetching 4H candles for ETCUSDT
[2026-03-22T18:27:58.382Z] Fetched 1m candles for frxEURCAD. Sample: [[1774034160000,1.58511,1.58523,1.58497,1.58499],[1774034220000,1.58498,1.58519,1.58498,1.58514]]
[2026-03-22T18:27:58.398Z] Fetching 15m candles for frxEURCAD
[2026-03-22T18:27:58.406Z] DEBUG: getCandles called for symbol: frxEURCAD, timeframe: 15m
[2026-03-22T18:27:58.504Z] Fetching 4H candles for DOGEUSDT
[2026-03-22T18:27:58.514Z] Fetching 4H candles for BCHUSDT
[2026-03-22T18:27:58.541Z] Fetching 4H candles for XLMUSDT
[2026-03-22T18:27:58.561Z] Fetching 4H candles for XRPUSDT
[2026-03-22T18:27:58.600Z] Fetching 4H candles for BNBUSDT
[2026-03-22T18:27:58.721Z] Fetched 1m candles for frxUSDCAD. Sample: [[1774034160000,1.37194,1.372,1.37192,1.37198],[1774034220000,1.37199,1.3721,1.3718,1.37182]]
[2026-03-22T18:27:58.777Z] Fetching 15m candles for frxUSDCAD
[2026-03-22T18:27:58.789Z] DEBUG: getCandles called for symbol: frxUSDCAD, timeframe: 15m
[2026-03-22T18:27:58.842Z] Fetched 1m candles for frxGBPNOK. Sample: [[1774033920000,12.76802,12.76802,12.76633,12.76765],[1774033980000,12.76782,12.76797,12.76711,12.76763]]
[2026-03-22T18:27:58.852Z] Fetching 15m candles for frxGBPNOK
[2026-03-22T18:27:58.860Z] DEBUG: getCandles called for symbol: frxGBPNOK, timeframe: 15m
[2026-03-22T18:27:58.984Z] Mapping candle data...
[2026-03-22T18:27:59.013Z] Long-term ATR (4H): 461.2787878787876
[2026-03-22T18:27:59.033Z] Calling analyze function...
[2026-03-22T18:27:59.129Z] Analyze function returned: Signal=HOLD, RSI=48.47, EMA=68657.4275226847, ATR=19.877329982177525, Price=68654.7
[2026-03-22T18:27:59.177Z] Trend Direction: 15m=DOWN, 4h=DOWN
[2026-03-22T18:27:59.239Z] Starting multi-timeframe confirmation...
[2026-03-22T18:27:59.274Z] Adjusted position size with sentiment: 21.68722490
[2026-03-22T18:27:59.289Z] Type of dailyLossCheck: function
[2026-03-22T18:27:59.306Z] USDT available: 27.10903112
[2026-03-22T18:27:59.329Z] Calculated position size (USDT): 21.68722490
[2026-03-22T18:27:59.341Z] Last price: 68654.7
[2026-03-22T18:27:59.349Z] Calculated quantity: 0.00031589
[2026-03-22T18:27:59.401Z] No trade executed for BTCUSDT due to signal: HOLD
[2026-03-22T18:27:59.434Z] Mapping candle data...
[2026-03-22T18:27:59.454Z] Long-term ATR (4H): 0.01541414141414141
[2026-03-22T18:27:59.492Z] Calling analyze function...
[2026-03-22T18:27:59.542Z] Analyze function returned: Signal=HOLD, RSI=50.75, EMA=1.4328675192070788, ATR=0.0006565739651015565, Price=1.433
[2026-03-22T18:27:59.575Z] Trend Direction: 15m=DOWN, 4h=DOWN
[2026-03-22T18:27:59.592Z] Starting multi-timeframe confirmation...
[2026-03-22T18:27:59.604Z] Adjusted position size with sentiment: 21.68722490
[2026-03-22T18:27:59.620Z] Type of dailyLossCheck: function
[2026-03-22T18:27:59.628Z] USDT available: 27.10903112
[2026-03-22T18:27:59.635Z] Calculated position size (USDT): 21.68722490
[2026-03-22T18:27:59.642Z] Last price: 1.433
[2026-03-22T18:27:59.713Z] Calculated quantity: 15.13414159
[2026-03-22T18:27:59.822Z] No trade executed for DOTUSDT due to signal: HOLD
[2026-03-22T18:27:59.899Z] Mapping candle data...
[2026-03-22T18:27:59.921Z] Long-term ATR (4H): 0.029121212121212124
[2026-03-22T18:27:59.929Z] Calling analyze function...
[2026-03-22T18:27:59.986Z] Analyze function returned: Signal=HOLD, RSI=36.19, EMA=2.37955365538825, ATR=0.0012822883078890503, Price=2.377
[2026-03-22T18:27:59.993Z] Trend Direction: 15m=DOWN, 4h=DOWN
[2026-03-22T18:27:59.997Z] Starting multi-timeframe confirmation...
[2026-03-22T18:28:00.002Z] Adjusted position size with sentiment: 21.68722490
[2026-03-22T18:28:00.004Z] Type of dailyLossCheck: function
[2026-03-22T18:28:00.007Z] USDT available: 27.10903112
[2026-03-22T18:28:00.008Z] Calculated position size (USDT): 21.68722490
[2026-03-22T18:28:00.010Z] Last price: 2.377
[2026-03-22T18:28:00.016Z] Calculated quantity: 9.12377993
[2026-03-22T18:28:00.020Z] No trade executed for ICPUSDT due to signal: HOLD
[2026-03-22T18:28:00.026Z] Mapping candle data...
[2026-03-22T18:28:00.036Z] Long-term ATR (4H): 0.08825252525252525
[2026-03-22T18:28:00.039Z] Calling analyze function...
[2026-03-22T18:28:00.068Z] Analyze function returned: Signal=HOLD, RSI=53.99, EMA=9.059732202924534, ATR=0.0032589763362426026, Price=9.063
[2026-03-22T18:28:00.071Z] Trend Direction: 15m=DOWN, 4h=DOWN
[2026-03-22T18:28:00.084Z] Starting multi-timeframe confirmation...
[2026-03-22T18:28:00.089Z] Adjusted position size with sentiment: 21.68722490
[2026-03-22T18:28:00.103Z] Type of dailyLossCheck: function
[2026-03-22T18:28:00.110Z] USDT available: 27.10903112
[2026-03-22T18:28:00.123Z] Calculated position size (USDT): 21.68722490
[2026-03-22T18:28:00.137Z] Last price: 9.063
[2026-03-22T18:28:00.139Z] Calculated quantity: 2.39294107
[2026-03-22T18:28:00.151Z] No trade executed for AVAXUSDT due to signal: HOLD
[2026-03-22T18:28:00.185Z] Fetched 1m candles for frxEURUSD. Sample: [[1774034160000,1.15545,1.15549,1.15527,1.15529],[1774034220000,1.1553,1.15559,1.15526,1.15555]]
[2026-03-22T18:28:00.191Z] Fetching 15m candles for frxEURUSD
[2026-03-22T18:28:00.202Z] DEBUG: getCandles called for symbol: frxEURUSD, timeframe: 15m
[2026-03-22T18:28:00.234Z] Mapping candle data...
[2026-03-22T18:28:00.241Z] Long-term ATR (4H): 0.002515151515151514
[2026-03-22T18:28:00.251Z] Calling analyze function...
[2026-03-22T18:28:00.282Z] Analyze function returned: Signal=HOLD, RSI=55.59, EMA=0.2539949401376801, ATR=0.00010484893585230012, Price=0.2541
[2026-03-22T18:28:00.290Z] Trend Direction: 15m=DOWN, 4h=DOWN
[2026-03-22T18:28:00.310Z] Starting multi-timeframe confirmation...
[2026-03-22T18:28:00.322Z] Adjusted position size with sentiment: 21.68722490
[2026-03-22T18:28:00.332Z] Type of dailyLossCheck: function
[2026-03-22T18:28:00.348Z] USDT available: 27.10903112
[2026-03-22T18:28:00.362Z] Calculated position size (USDT): 21.68722490
[2026-03-22T18:28:00.368Z] Last price: 0.2541
[2026-03-22T18:28:00.375Z] Calculated quantity: 85.34917314
[2026-03-22T18:28:00.381Z] No trade executed for ADAUSDT due to signal: HOLD
[2026-03-22T18:28:00.387Z] Mapping candle data...
[2026-03-22T18:28:00.391Z] Long-term ATR (4H): 0.010836363636363635
[2026-03-22T18:28:00.423Z] Calling analyze function...
[2026-03-22T18:28:00.515Z] Analyze function returned: Signal=HOLD, RSI=45.64, EMA=0.8716499125801126, ATR=0.0003688232636639547, Price=0.8716
[2026-03-22T18:28:00.550Z] Trend Direction: 15m=DOWN, 4h=DOWN
[2026-03-22T18:28:00.579Z] Starting multi-timeframe confirmation...
[2026-03-22T18:28:00.593Z] Adjusted position size with sentiment: 21.68722490
[2026-03-22T18:28:00.602Z] Type of dailyLossCheck: function
[2026-03-22T18:28:00.612Z] USDT available: 27.10903112
[2026-03-22T18:28:00.625Z] Calculated position size (USDT): 21.68722490
[2026-03-22T18:28:00.638Z] Last price: 0.8716
[2026-03-22T18:28:00.642Z] Calculated quantity: 24.88208455
[2026-03-22T18:28:00.651Z] No trade executed for FILUSDT due to signal: HOLD
[2026-03-22T18:28:00.665Z] Mapping candle data...
[2026-03-22T18:28:00.672Z] Long-term ATR (4H): 0.001144343434343432
[2026-03-22T18:28:00.676Z] Calling analyze function...
[2026-03-22T18:28:00.693Z] Analyze function returned: Signal=HOLD, RSI=47.54, EMA=0.31774102261312775, ATR=0.00014166357521506947, Price=0.31767
[2026-03-22T18:28:00.699Z] Trend Direction: 15m=UP, 4h=UP
[2026-03-22T18:28:00.706Z] Starting multi-timeframe confirmation...
[2026-03-22T18:28:00.713Z] Adjusted position size with sentiment: 21.68722490
[2026-03-22T18:28:00.715Z] Type of dailyLossCheck: function
[2026-03-22T18:28:00.720Z] USDT available: 27.10903112
[2026-03-22T18:28:00.726Z] Calculated position size (USDT): 21.68722490
[2026-03-22T18:28:00.730Z] Last price: 0.31767
[2026-03-22T18:28:00.739Z] Calculated quantity: 68.26966631
[2026-03-22T18:28:00.745Z] No trade executed for TRXUSDT due to signal: HOLD
[2026-03-22T18:28:00.775Z] Mapping candle data...
[2026-03-22T18:28:00.793Z] Long-term ATR (4H): 18.462727272727296
[2026-03-22T18:28:00.798Z] Calling analyze function...
[2026-03-22T18:28:00.823Z] Analyze function returned: Signal=HOLD, RSI=44.18, EMA=2077.485422855852, ATR=0.8244786100327816, Price=2076.89
[2026-03-22T18:28:00.833Z] Trend Direction: 15m=DOWN, 4h=DOWN
[2026-03-22T18:28:00.843Z] Starting multi-timeframe confirmation...
[2026-03-22T18:28:00.849Z] Adjusted position size with sentiment: 21.68722490
[2026-03-22T18:28:00.861Z] Type of dailyLossCheck: function
[2026-03-22T18:28:00.868Z] USDT available: 27.10903112
[2026-03-22T18:28:00.884Z] Calculated position size (USDT): 21.68722490
[2026-03-22T18:28:00.899Z] Last price: 2076.89
[2026-03-22T18:28:00.929Z] Calculated quantity: 0.01044216
[2026-03-22T18:28:00.947Z] No trade executed for ETHUSDT due to signal: HOLD
[2026-03-22T18:28:00.969Z] Mapping candle data...
[2026-03-22T18:28:01.003Z] Long-term ATR (4H): 0.07334343434343439
[2026-03-22T18:28:01.034Z] Calling analyze function...
[2026-03-22T18:28:01.076Z] Analyze function returned: Signal=HOLD, RSI=56.17, EMA=8.764293299682068, ATR=0.0033696291128684414, Price=8.769
[2026-03-22T18:28:01.087Z] Trend Direction: 15m=DOWN, 4h=DOWN
[2026-03-22T18:28:01.100Z] Starting multi-timeframe confirmation...
[2026-03-22T18:28:01.120Z] Adjusted position size with sentiment: 21.68722490
[2026-03-22T18:28:01.133Z] Type of dailyLossCheck: function
[2026-03-22T18:28:01.142Z] USDT available: 27.10903112
[2026-03-22T18:28:01.152Z] Calculated position size (USDT): 21.68722490
[2026-03-22T18:28:01.162Z] Last price: 8.769
[2026-03-22T18:28:01.174Z] Calculated quantity: 2.47316968
[2026-03-22T18:28:01.202Z] No trade executed for LINKUSDT due to signal: HOLD
[2026-03-22T18:28:01.236Z] Mapping candle data...
[2026-03-22T18:28:01.259Z] Long-term ATR (4H): 0.35050505050505026
[2026-03-22T18:28:01.294Z] Calling analyze function...
[2026-03-22T18:28:01.366Z] Analyze function returned: Signal=HOLD, RSI=55.88, EMA=54.07609272539821, ATR=0.009985131445039335, Price=54.09
[2026-03-22T18:28:01.400Z] Trend Direction: 15m=DOWN, 4h=DOWN
[2026-03-22T18:28:01.820Z] Starting multi-timeframe confirmation...
[2026-03-22T18:28:01.971Z] Adjusted position size with sentiment: 21.68722490
[2026-03-22T18:28:02.026Z] Type of dailyLossCheck: function
[2026-03-22T18:28:02.044Z] USDT available: 27.10903112
[2026-03-22T18:28:02.073Z] Calculated position size (USDT): 21.68722490
[2026-03-22T18:28:02.092Z] Last price: 54.09
[2026-03-22T18:28:02.153Z] Calculated quantity: 0.40094703
[2026-03-22T18:28:02.185Z] No trade executed for LTCUSDT due to signal: HOLD
[2026-03-22T18:28:02.236Z] Mapping candle data...
[2026-03-22T18:28:02.241Z] Long-term ATR (4H): 0.03450505050505047
[2026-03-22T18:28:02.249Z] Calling analyze function...
[2026-03-22T18:28:02.275Z] Analyze function returned: Signal=HOLD, RSI=52.62, EMA=3.484501305442281, ATR=0.0009615846432711078, Price=3.485
[2026-03-22T18:28:02.280Z] Trend Direction: 15m=DOWN, 4h=DOWN
[2026-03-22T18:28:02.283Z] Starting multi-timeframe confirmation...
[2026-03-22T18:28:02.289Z] Adjusted position size with sentiment: 21.68722490
[2026-03-22T18:28:02.292Z] Type of dailyLossCheck: function
[2026-03-22T18:28:02.301Z] USDT available: 27.10903112
[2026-03-22T18:28:02.311Z] Calculated position size (USDT): 21.68722490
[2026-03-22T18:28:02.329Z] Last price: 3.485
[2026-03-22T18:28:02.333Z] Calculated quantity: 6.22302006
[2026-03-22T18:28:02.352Z] No trade executed for UNIUSDT due to signal: HOLD
[2026-03-22T18:28:02.377Z] Fetched 1m candles for frxEURCHF. Sample: [[1774034160000,0.91098,0.911,0.91096,0.911],[1774034220000,0.91102,0.91107,0.91099,0.91105]]
[2026-03-22T18:28:02.421Z] Fetching 15m candles for frxEURCHF
[2026-03-22T18:28:02.460Z] DEBUG: getCandles called for symbol: frxEURCHF, timeframe: 15m
[2026-03-22T18:28:02.478Z] Mapping candle data...
[2026-03-22T18:28:02.486Z] Long-term ATR (4H): 0.8121515151515157
[2026-03-22T18:28:02.545Z] Calling analyze function...
[2026-03-22T18:28:02.596Z] Analyze function returned: Signal=HOLD, RSI=49.15, EMA=87.20931510120319, ATR=0.038297165606822184, Price=87.208
[2026-03-22T18:28:02.641Z] Trend Direction: 15m=DOWN, 4h=DOWN
[2026-03-22T18:28:02.656Z] Starting multi-timeframe confirmation...
[2026-03-22T18:28:02.660Z] Adjusted position size with sentiment: 21.68722490
[2026-03-22T18:28:02.667Z] Type of dailyLossCheck: function
[2026-03-22T18:28:02.674Z] USDT available: 27.10903112
[2026-03-22T18:28:02.681Z] Calculated position size (USDT): 21.68722490
[2026-03-22T18:28:02.692Z] Last price: 87.208
[2026-03-22T18:28:02.708Z] Calculated quantity: 0.24868389
[2026-03-22T18:28:02.716Z] No trade executed for SOLUSDT due to signal: HOLD
[2026-03-22T18:28:02.726Z] Mapping candle data...
[2026-03-22T18:28:02.744Z] Long-term ATR (4H): 0.000060979797979797976
[2026-03-22T18:28:02.758Z] Calling analyze function...
[2026-03-22T18:28:02.784Z] Analyze function returned: Signal=HOLD, RSI=84.46, EMA=0.006926484321465454, ATR=0.0000013735307281759202, Price=0.006938
[2026-03-22T18:28:02.790Z] Trend Direction: 15m=DOWN, 4h=DOWN
[2026-03-22T18:28:02.796Z] Starting multi-timeframe confirmation...
[2026-03-22T18:28:02.802Z] Adjusted position size with sentiment: 21.68722490
[2026-03-22T18:28:02.809Z] Type of dailyLossCheck: function
[2026-03-22T18:28:02.816Z] USDT available: 27.10903112
[2026-03-22T18:28:02.819Z] Calculated position size (USDT): 21.68722490
[2026-03-22T18:28:02.825Z] Last price: 0.006938
[2026-03-22T18:28:02.827Z] Calculated quantity: 3125.86118420
[2026-03-22T18:28:02.833Z] No trade executed for VETUSDT due to signal: HOLD
[2026-03-22T18:28:02.836Z] Mapping candle data...
[2026-03-22T18:28:02.844Z] Long-term ATR (4H): 0.07031313131313124
[2026-03-22T18:28:02.851Z] Calling analyze function...
[2026-03-22T18:28:02.860Z] Analyze function returned: Signal=HOLD, RSI=37.84, EMA=8.095799995615424, ATR=0.0017301700763582028, Price=8.092
[2026-03-22T18:28:02.866Z] Trend Direction: 15m=DOWN, 4h=DOWN
[2026-03-22T18:28:02.868Z] Starting multi-timeframe confirmation...
[2026-03-22T18:28:02.886Z] Adjusted position size with sentiment: 21.68722490
[2026-03-22T18:28:02.892Z] Type of dailyLossCheck: function
[2026-03-22T18:28:02.896Z] USDT available: 27.10903112
[2026-03-22T18:28:02.918Z] Calculated position size (USDT): 21.68722490
[2026-03-22T18:28:02.921Z] Last price: 8.092
[2026-03-22T18:28:02.936Z] Calculated quantity: 2.68008217
[2026-03-22T18:28:02.940Z] No trade executed for ETCUSDT due to signal: HOLD
[2026-03-22T18:28:02.991Z] Mapping candle data...
[2026-03-22T18:28:03.130Z] Long-term ATR (4H): 0.001272727272727272
[2026-03-22T18:28:03.189Z] Calling analyze function...
[2026-03-22T18:28:26.284Z] runBot function started.
[2026-03-22T18:28:27.498Z] Connected to Deriv WebSocket API
[2026-03-22T18:28:27.868Z] Deriv API Authorized: VRTC6531638
[2026-03-22T18:28:27.875Z] Connected to Deriv API successfully.
[2026-03-22T18:28:29.174Z] Fetched Bitget contract configurations.
[2026-03-22T18:28:29.572Z] Deriv API: Processing symbol - WLDAUD
[2026-03-22T18:28:29.605Z] Deriv API: Processing symbol - frxAUDCAD
[2026-03-22T18:28:29.667Z] Deriv API: Processing symbol - frxAUDCHF
[2026-03-22T18:28:29.734Z] Deriv API: Processing symbol - frxAUDJPY
[2026-03-22T18:28:29.785Z] Deriv API: Processing symbol - frxAUDNZD
[2026-03-22T18:28:29.819Z] Deriv API: Processing symbol - frxAUDUSD
[2026-03-22T18:28:29.827Z] Deriv API: Processing symbol - OTC_AS51
[2026-03-22T18:28:29.832Z] Deriv API: Processing symbol - cryBTCUSD
[2026-03-22T18:28:29.839Z] Deriv API: Processing symbol - RDBEAR
[2026-03-22T18:28:29.844Z] Deriv API: Processing symbol - BOOM50
[2026-03-22T18:28:29.845Z] Deriv API: Processing symbol - BOOM150N
[2026-03-22T18:28:29.857Z] Deriv API: Processing symbol - BOOM300N
[2026-03-22T18:28:29.861Z] Deriv API: Processing symbol - BOOM500
[2026-03-22T18:28:29.862Z] Deriv API: Processing symbol - BOOM600
[2026-03-22T18:28:29.871Z] Deriv API: Processing symbol - BOOM900
[2026-03-22T18:28:29.884Z] Deriv API: Processing symbol - BOOM1000
[2026-03-22T18:28:29.887Z] Deriv API: Processing symbol - RDBULL
[2026-03-22T18:28:29.892Z] Deriv API: Processing symbol - CRASH50
[2026-03-22T18:28:29.895Z] Deriv API: Processing symbol - CRASH150N
[2026-03-22T18:28:29.899Z] Deriv API: Processing symbol - CRASH300N
[2026-03-22T18:28:29.902Z] Deriv API: Processing symbol - CRASH500
[2026-03-22T18:28:29.904Z] Deriv API: Processing symbol - CRASH600
[2026-03-22T18:28:29.909Z] Deriv API: Processing symbol - CRASH900
[2026-03-22T18:28:29.912Z] Deriv API: Processing symbol - CRASH1000
[2026-03-22T18:28:29.914Z] Deriv API: Processing symbol - cryETHUSD
[2026-03-22T18:28:29.919Z] Deriv API: Processing symbol - WLDEUR
[2026-03-22T18:28:29.922Z] Deriv API: Processing symbol - frxEURAUD
[2026-03-22T18:28:29.928Z] Deriv API: Processing symbol - frxEURCAD
[2026-03-22T18:28:29.934Z] Deriv API: Processing symbol - frxEURCHF
[2026-03-22T18:28:29.937Z] Deriv API: Processing symbol - frxEURGBP
[2026-03-22T18:28:29.945Z] Deriv API: Processing symbol - frxEURJPY
[2026-03-22T18:28:29.952Z] Deriv API: Processing symbol - frxEURNZD
[2026-03-22T18:28:29.960Z] Deriv API: Processing symbol - frxEURUSD
[2026-03-22T18:28:29.968Z] Deriv API: Processing symbol - OTC_SX5E
[2026-03-22T18:28:29.977Z] Deriv API: Processing symbol - OTC_FCHI
[2026-03-22T18:28:29.982Z] Deriv API: Processing symbol - WLDGBP
[2026-03-22T18:28:29.989Z] Deriv API: Processing symbol - frxGBPAUD
[2026-03-22T18:28:29.993Z] Deriv API: Processing symbol - frxGBPCAD
[2026-03-22T18:28:29.998Z] Deriv API: Processing symbol - frxGBPCHF
[2026-03-22T18:28:30.001Z] Deriv API: Processing symbol - frxGBPJPY
[2026-03-22T18:28:30.003Z] Deriv API: Processing symbol - frxGBPNOK
[2026-03-22T18:28:30.011Z] Deriv API: Processing symbol - frxGBPNZD
[2026-03-22T18:28:30.014Z] Deriv API: Processing symbol - frxGBPUSD
[2026-03-22T18:28:30.017Z] Deriv API: Processing symbol - OTC_GDAXI
[2026-03-22T18:28:30.019Z] Deriv API: Processing symbol - WLDXAU
[2026-03-22T18:28:30.022Z] Deriv API: Processing symbol - frxXAUUSD
[2026-03-22T18:28:30.027Z] Deriv API: Processing symbol - OTC_HSI
[2026-03-22T18:28:30.031Z] Deriv API: Processing symbol - OTC_N225
[2026-03-22T18:28:30.035Z] Deriv API: Processing symbol - JD10
[2026-03-22T18:28:30.039Z] Deriv API: Processing symbol - JD25
[2026-03-22T18:28:30.046Z] Deriv API: Processing symbol - JD50
[2026-03-22T18:28:30.051Z] Deriv API: Processing symbol - JD75
[2026-03-22T18:28:30.055Z] Deriv API: Processing symbol - JD100
[2026-03-22T18:28:30.061Z] Deriv API: Processing symbol - frxNZDJPY
[2026-03-22T18:28:30.062Z] Deriv API: Processing symbol - frxNZDUSD
[2026-03-22T18:28:30.066Z] Deriv API: Processing symbol - OTC_AEX
[2026-03-22T18:28:30.072Z] Deriv API: Processing symbol - frxXPDUSD
[2026-03-22T18:28:30.082Z] Deriv API: Processing symbol - frxXPTUSD
[2026-03-22T18:28:30.091Z] Deriv API: Processing symbol - RB100
[2026-03-22T18:28:30.095Z] Deriv API: Processing symbol - RB200
[2026-03-22T18:28:30.103Z] Deriv API: Processing symbol - frxXAGUSD
[2026-03-22T18:28:30.106Z] Deriv API: Processing symbol - stpRNG
[2026-03-22T18:28:30.107Z] Deriv API: Processing symbol - stpRNG2
[2026-03-22T18:28:30.110Z] Deriv API: Processing symbol - stpRNG3
[2026-03-22T18:28:30.112Z] Deriv API: Processing symbol - stpRNG4
[2026-03-22T18:28:30.117Z] Deriv API: Processing symbol - stpRNG5
[2026-03-22T18:28:30.121Z] Deriv API: Processing symbol - OTC_SSMI
[2026-03-22T18:28:30.127Z] Deriv API: Processing symbol - OTC_FTSE
[2026-03-22T18:28:30.134Z] Deriv API: Processing symbol - OTC_SPC
[2026-03-22T18:28:30.137Z] Deriv API: Processing symbol - OTC_NDX
[2026-03-22T18:28:30.144Z] Deriv API: Processing symbol - WLDUSD
[2026-03-22T18:28:30.148Z] Deriv API: Processing symbol - frxUSDCAD
[2026-03-22T18:28:30.152Z] Deriv API: Processing symbol - frxUSDCHF
[2026-03-22T18:28:30.154Z] Deriv API: Processing symbol - frxUSDJPY
[2026-03-22T18:28:30.162Z] Deriv API: Processing symbol - frxUSDMXN
[2026-03-22T18:28:30.168Z] Deriv API: Processing symbol - frxUSDNOK
[2026-03-22T18:28:30.176Z] Deriv API: Processing symbol - frxUSDPLN
[2026-03-22T18:28:30.177Z] Deriv API: Processing symbol - frxUSDSEK
[2026-03-22T18:28:30.183Z] Deriv API: Processing symbol - 1HZ10V
[2026-03-22T18:28:30.187Z] Deriv API: Processing symbol - R_10
[2026-03-22T18:28:30.195Z] Deriv API: Processing symbol - 1HZ15V
[2026-03-22T18:28:30.200Z] Deriv API: Processing symbol - 1HZ25V
[2026-03-22T18:28:30.203Z] Deriv API: Processing symbol - R_25
[2026-03-22T18:28:30.209Z] Deriv API: Processing symbol - 1HZ30V
[2026-03-22T18:28:30.211Z] Deriv API: Processing symbol - 1HZ50V
[2026-03-22T18:28:30.226Z] Deriv API: Processing symbol - R_50
[2026-03-22T18:28:30.241Z] Deriv API: Processing symbol - 1HZ75V
[2026-03-22T18:28:30.247Z] Deriv API: Processing symbol - R_75
[2026-03-22T18:28:30.255Z] Deriv API: Processing symbol - 1HZ90V
[2026-03-22T18:28:30.259Z] Deriv API: Processing symbol - 1HZ100V
[2026-03-22T18:28:30.281Z] Deriv API: Processing symbol - R_100
[2026-03-22T18:28:30.289Z] Deriv API: Processing symbol - OTC_DJI
[2026-03-22T18:28:30.297Z] Deriv API Contract Configurations: {"WLDAUD":{"minTradeNum":0.01,"pricePlace":5},"frxAUDCAD":{"minTradeNum":0.01,"pricePlace":5},"frxAUDCHF":{"minTradeNum":0.01,"pricePlace":5},"frxAUDJPY":{"minTradeNum":0.01,"pricePlace":5},"frxAUDNZD":{"minTradeNum":0.01,"pricePlace":5},"frxAUDUSD":{"minTradeNum":0.01,"pricePlace":5},"OTC_AS51":{"minTradeNum":0.01,"pricePlace":5},"cryBTCUSD":{"minTradeNum":0.01,"pricePlace":5},"RDBEAR":{"minTradeNum":0.01,"pricePlace":5},"BOOM50":{"minTradeNum":0.01,"pricePlace":5},"BOOM150N":{"minTradeNum":0.01,"pricePlace":5},"BOOM300N":{"minTradeNum":0.01,"pricePlace":5},"BOOM500":{"minTradeNum":0.01,"pricePlace":5},"BOOM600":{"minTradeNum":0.01,"pricePlace":5},"BOOM900":{"minTradeNum":0.01,"pricePlace":5},"BOOM1000":{"minTradeNum":0.01,"pricePlace":5},"RDBULL":{"minTradeNum":0.01,"pricePlace":5},"CRASH50":{"minTradeNum":0.01,"pricePlace":5},"CRASH150N":{"minTradeNum":0.01,"pricePlace":5},"CRASH300N":{"minTradeNum":0.01,"pricePlace":5},"CRASH500":{"minTradeNum":0.01,"pricePlace":5},"CRASH600":{"minTradeNum":0.01,"pricePlace":5},"CRASH900":{"minTradeNum":0.01,"pricePlace":5},"CRASH1000":{"minTradeNum":0.01,"pricePlace":5},"cryETHUSD":{"minTradeNum":0.01,"pricePlace":5},"WLDEUR":{"minTradeNum":0.01,"pricePlace":5},"frxEURAUD":{"minTradeNum":0.01,"pricePlace":5},"frxEURCAD":{"minTradeNum":0.01,"pricePlace":5},"frxEURCHF":{"minTradeNum":0.01,"pricePlace":5},"frxEURGBP":{"minTradeNum":0.01,"pricePlace":5},"frxEURJPY":{"minTradeNum":0.01,"pricePlace":5},"frxEURNZD":{"minTradeNum":0.01,"pricePlace":5},"frxEURUSD":{"minTradeNum":0.01,"pricePlace":5},"OTC_SX5E":{"minTradeNum":0.01,"pricePlace":5},"OTC_FCHI":{"minTradeNum":0.01,"pricePlace":5},"WLDGBP":{"minTradeNum":0.01,"pricePlace":5},"frxGBPAUD":{"minTradeNum":0.01,"pricePlace":5},"frxGBPCAD":{"minTradeNum":0.01,"pricePlace":5},"frxGBPCHF":{"minTradeNum":0.01,"pricePlace":5},"frxGBPJPY":{"minTradeNum":0.01,"pricePlace":5},"frxGBPNOK":{"minTradeNum":0.01,"pricePlace":5},"frxGBPNZD":{"minTradeNum":0.01,"pricePlace":5},"frxGBPUSD":{"minTradeNum":0.01,"pricePlace":5},"OTC_GDAXI":{"minTradeNum":0.01,"pricePlace":5},"WLDXAU":{"minTradeNum":0.01,"pricePlace":5},"frxXAUUSD":{"minTradeNum":0.01,"pricePlace":5},"OTC_HSI":{"minTradeNum":0.01,"pricePlace":5},"OTC_N225":{"minTradeNum":0.01,"pricePlace":5},"JD10":{"minTradeNum":0.01,"pricePlace":5},"JD25":{"minTradeNum":0.01,"pricePlace":5},"JD50":{"minTradeNum":0.01,"pricePlace":5},"JD75":{"minTradeNum":0.01,"pricePlace":5},"JD100":{"minTradeNum":0.01,"pricePlace":5},"frxNZDJPY":{"minTradeNum":0.01,"pricePlace":5},"frxNZDUSD":{"minTradeNum":0.01,"pricePlace":5},"OTC_AEX":{"minTradeNum":0.01,"pricePlace":5},"frxXPDUSD":{"minTradeNum":0.01,"pricePlace":5},"frxXPTUSD":{"minTradeNum":0.01,"pricePlace":5},"RB100":{"minTradeNum":0.01,"pricePlace":5},"RB200":{"minTradeNum":0.01,"pricePlace":5},"frxXAGUSD":{"minTradeNum":0.01,"pricePlace":5},"stpRNG":{"minTradeNum":0.01,"pricePlace":5},"stpRNG2":{"minTradeNum":0.01,"pricePlace":5},"stpRNG3":{"minTradeNum":0.01,"pricePlace":5},"stpRNG4":{"minTradeNum":0.01,"pricePlace":5},"stpRNG5":{"minTradeNum":0.01,"pricePlace":5},"OTC_SSMI":{"minTradeNum":0.01,"pricePlace":5},"OTC_FTSE":{"minTradeNum":0.01,"pricePlace":5},"OTC_SPC":{"minTradeNum":0.01,"pricePlace":5},"OTC_NDX":{"minTradeNum":0.01,"pricePlace":5},"WLDUSD":{"minTradeNum":0.01,"pricePlace":5},"frxUSDCAD":{"minTradeNum":0.01,"pricePlace":5},"frxUSDCHF":{"minTradeNum":0.01,"pricePlace":5},"frxUSDJPY":{"minTradeNum":0.01,"pricePlace":5},"frxUSDMXN":{"minTradeNum":0.01,"pricePlace":5},"frxUSDNOK":{"minTradeNum":0.01,"pricePlace":5},"frxUSDPLN":{"minTradeNum":0.01,"pricePlace":5},"frxUSDSEK":{"minTradeNum":0.01,"pricePlace":5},"1HZ10V":{"minTradeNum":0.01,"pricePlace":5},"R_10":{"minTradeNum":0.01,"pricePlace":5},"1HZ15V":{"minTradeNum":0.01,"pricePlace":5},"1HZ25V":{"minTradeNum":0.01,"pricePlace":5},"R_25":{"minTradeNum":0.01,"pricePlace":5},"1HZ30V":{"minTradeNum":0.01,"pricePlace":5},"1HZ50V":{"minTradeNum":0.01,"pricePlace":5},"R_50":{"minTradeNum":0.01,"pricePlace":5},"1HZ75V":{"minTradeNum":0.01,"pricePlace":5},"R_75":{"minTradeNum":0.01,"pricePlace":5},"1HZ90V":{"minTradeNum":0.01,"pricePlace":5},"1HZ100V":{"minTradeNum":0.01,"pricePlace":5},"R_100":{"minTradeNum":0.01,"pricePlace":5},"OTC_DJI":{"minTradeNum":0.01,"pricePlace":5}}
[2026-03-22T18:28:30.349Z] Fetched Deriv contract configurations.
[2026-03-22T18:28:30.353Z] Deriv Contract Configurations: {
  "WLDAUD": {
    "minTradeNum": 0.01,
    "pricePlace": 5
  },
  "frxAUDCAD": {
    "minTradeNum": 0.01,
    "pricePlace": 5
  },
  "frxAUDCHF": {
    "minTradeNum": 0.01,
    "pricePlace": 5
  },
  "frxAUDJPY": {
    "minTradeNum": 0.01,
    "pricePlace": 5
  },
  "frxAUDNZD": {
    "minTradeNum": 0.01,
    "pricePlace": 5
  },
  "frxAUDUSD": {
    "minTradeNum": 0.01,
    "pricePlace": 5
  },
  "OTC_AS51": {
    "minTradeNum": 0.01,
    "pricePlace": 5
  },
  "cryBTCUSD": {
    "minTradeNum": 0.01,
    "pricePlace": 5
  },
  "RDBEAR": {
    "minTradeNum": 0.01,
    "pricePlace": 5
  },
  "BOOM50": {
    "minTradeNum": 0.01,
    "pricePlace": 5
  },
  "BOOM150N": {
    "minTradeNum": 0.01,
    "pricePlace": 5
  },
  "BOOM300N": {
    "minTradeNum": 0.01,
    "pricePlace": 5
  },
  "BOOM500": {
    "minTradeNum": 0.01,
    "pricePlace": 5
  },
  "BOOM600": {
    "minTradeNum": 0.01,
    "pricePlace": 5
  },
  "BOOM900": {
    "minTradeNum": 0.01,
    "pricePlace": 5
  },
  "BOOM1000": {
    "minTradeNum": 0.01,
    "pricePlace": 5
  },
  "RDBULL": {
    "minTradeNum": 0.01,
    "pricePlace": 5
  },
  "CRASH50": {
    "minTradeNum": 0.01,
    "pricePlace": 5
  },
  "CRASH150N": {
    "minTradeNum": 0.01,
    "pricePlace": 5
  },
  "CRASH300N": {
    "minTradeNum": 0.01,
    "pricePlace": 5
  },
  "CRASH500": {
    "minTradeNum": 0.01,
    "pricePlace": 5
  },
  "CRASH600": {
    "minTradeNum": 0.01,
    "pricePlace": 5
  },
  "CRASH900": {
    "minTradeNum": 0.01,
    "pricePlace": 5
  },
  "CRASH1000": {
    "minTradeNum": 0.01,
    "pricePlace": 5
  },
  "cryETHUSD": {
    "minTradeNum": 0.01,
    "pricePlace": 5
  },
  "WLDEUR": {
    "minTradeNum": 0.01,
    "pricePlace": 5
  },
  "frxEURAUD": {
    "minTradeNum": 0.01,
    "pricePlace": 5
  },
  "frxEURCAD": {
    "minTradeNum": 0.01,
    "pricePlace": 5
  },
  "frxEURCHF": {
    "minTradeNum": 0.01,
    "pricePlace": 5
  },
  "frxEURGBP": {
    "minTradeNum": 0.01,
    "pricePlace": 5
  },
  "frxEURJPY": {
    "minTradeNum": 0.01,
    "pricePlace": 5
  },
  "frxEURNZD": {
    "minTradeNum": 0.01,
    "pricePlace": 5
  },
  "frxEURUSD": {
    "minTradeNum": 0.01,
    "pricePlace": 5
  },
  "OTC_SX5E": {
    "minTradeNum": 0.01,
    "pricePlace": 5
  },
  "OTC_FCHI": {
    "minTradeNum": 0.01,
    "pricePlace": 5
  },
  "WLDGBP": {
    "minTradeNum": 0.01,
    "pricePlace": 5
  },
  "frxGBPAUD": {
    "minTradeNum": 0.01,
    "pricePlace": 5
  },
  "frxGBPCAD": {
    "minTradeNum": 0.01,
    "pricePlace": 5
  },
  "frxGBPCHF": {
    "minTradeNum": 0.01,
    "pricePlace": 5
  },
  "frxGBPJPY": {
    "minTradeNum": 0.01,
    "pricePlace": 5
  },
  "frxGBPNOK": {
    "minTradeNum": 0.01,
    "pricePlace": 5
  },
  "frxGBPNZD": {
    "minTradeNum": 0.01,
    "pricePlace": 5
  },
  "frxGBPUSD": {
    "minTradeNum": 0.01,
    "pricePlace": 5
  },
  "OTC_GDAXI": {
    "minTradeNum": 0.01,
    "pricePlace": 5
  },
  "WLDXAU": {
    "minTradeNum": 0.01,
    "pricePlace": 5
  },
  "frxXAUUSD": {
    "minTradeNum": 0.01,
    "pricePlace": 5
  },
  "OTC_HSI": {
    "minTradeNum": 0.01,
    "pricePlace": 5
  },
  "OTC_N225": {
    "minTradeNum": 0.01,
    "pricePlace": 5
  },
  "JD10": {
    "minTradeNum": 0.01,
    "pricePlace": 5
  },
  "JD25": {
    "minTradeNum": 0.01,
    "pricePlace": 5
  },
  "JD50": {
    "minTradeNum": 0.01,
    "pricePlace": 5
  },
  "JD75": {
    "minTradeNum": 0.01,
    "pricePlace": 5
  },
  "JD100": {
    "minTradeNum": 0.01,
    "pricePlace": 5
  },
  "frxNZDJPY": {
    "minTradeNum": 0.01,
    "pricePlace": 5
  },
  "frxNZDUSD": {
    "minTradeNum": 0.01,
    "pricePlace": 5
  },
  "OTC_AEX": {
    "minTradeNum": 0.01,
    "pricePlace": 5
  },
  "frxXPDUSD": {
    "minTradeNum": 0.01,
    "pricePlace": 5
  },
  "frxXPTUSD": {
    "minTradeNum": 0.01,
    "pricePlace": 5
  },
  "RB100": {
    "minTradeNum": 0.01,
    "pricePlace": 5
  },
  "RB200": {
    "minTradeNum": 0.01,
    "pricePlace": 5
  },
  "frxXAGUSD": {
    "minTradeNum": 0.01,
    "pricePlace": 5
  },
  "stpRNG": {
    "minTradeNum": 0.01,
    "pricePlace": 5
  },
  "stpRNG2": {
    "minTradeNum": 0.01,
    "pricePlace": 5
  },
  "stpRNG3": {
    "minTradeNum": 0.01,
    "pricePlace": 5
  },
  "stpRNG4": {
    "minTradeNum": 0.01,
    "pricePlace": 5
  },
  "stpRNG5": {
    "minTradeNum": 0.01,
    "pricePlace": 5
  },
  "OTC_SSMI": {
    "minTradeNum": 0.01,
    "pricePlace": 5
  },
  "OTC_FTSE": {
    "minTradeNum": 0.01,
    "pricePlace": 5
  },
  "OTC_SPC": {
    "minTradeNum": 0.01,
    "pricePlace": 5
  },
  "OTC_NDX": {
    "minTradeNum": 0.01,
    "pricePlace": 5
  },
  "WLDUSD": {
    "minTradeNum": 0.01,
    "pricePlace": 5
  },
  "frxUSDCAD": {
    "minTradeNum": 0.01,
    "pricePlace": 5
  },
  "frxUSDCHF": {
    "minTradeNum": 0.01,
    "pricePlace": 5
  },
  "frxUSDJPY": {
    "minTradeNum": 0.01,
    "pricePlace": 5
  },
  "frxUSDMXN": {
    "minTradeNum": 0.01,
    "pricePlace": 5
  },
  "frxUSDNOK": {
    "minTradeNum": 0.01,
    "pricePlace": 5
  },
  "frxUSDPLN": {
    "minTradeNum": 0.01,
    "pricePlace": 5
  },
  "frxUSDSEK": {
    "minTradeNum": 0.01,
    "pricePlace": 5
  },
  "1HZ10V": {
    "minTradeNum": 0.01,
    "pricePlace": 5
  },
  "R_10": {
    "minTradeNum": 0.01,
    "pricePlace": 5
  },
  "1HZ15V": {
    "minTradeNum": 0.01,
    "pricePlace": 5
  },
  "1HZ25V": {
    "minTradeNum": 0.01,
    "pricePlace": 5
  },
  "R_25": {
    "minTradeNum": 0.01,
    "pricePlace": 5
  },
  "1HZ30V": {
    "minTradeNum": 0.01,
    "pricePlace": 5
  },
  "1HZ50V": {
    "minTradeNum": 0.01,
    "pricePlace": 5
  },
  "R_50": {
    "minTradeNum": 0.01,
    "pricePlace": 5
  },
  "1HZ75V": {
    "minTradeNum": 0.01,
    "pricePlace": 5
  },
  "R_75": {
    "minTradeNum": 0.01,
    "pricePlace": 5
  },
  "1HZ90V": {
    "minTradeNum": 0.01,
    "pricePlace": 5
  },
  "1HZ100V": {
    "minTradeNum": 0.01,
    "pricePlace": 5
  },
  "R_100": {
    "minTradeNum": 0.01,
    "pricePlace": 5
  },
  "OTC_DJI": {
    "minTradeNum": 0.01,
    "pricePlace": 5
  }
}
[2026-03-22T18:28:30.506Z] Skipping news sentiment fetch. Next fetch in approximately 3 minutes.
[2026-03-22T18:28:30.523Z] Entering symbol loop.
[2026-03-22T18:28:30.976Z] Fetched Bitget balances successfully.
[2026-03-22T18:28:31.258Z] Fetched Deriv balances successfully.
[2026-03-22T18:28:31.260Z] Initial balance set to: 27.11 USDT
[2026-03-22T18:28:31.262Z] Current Balance: 27.11 USDT, Initial Balance: 27.11 USDT, Peak Balance: 27.11 USDT
[2026-03-22T18:28:31.266Z] Daily Loss Percent: 0.00%, Total Drawdown Percent: 0.00%
[2026-03-22T18:28:31.277Z] Processing symbol: BTCUSDT
[2026-03-22T18:28:31.287Z] Fetching 1m candles for BTCUSDT
[2026-03-22T18:28:31.318Z] Processing symbol: ETHUSDT
[2026-03-22T18:28:31.338Z] Fetching 1m candles for ETHUSDT
[2026-03-22T18:28:31.355Z] Processing symbol: XRPUSDT
[2026-03-22T18:28:31.383Z] Fetching 1m candles for XRPUSDT
[2026-03-22T18:28:31.401Z] Processing symbol: ADAUSDT
[2026-03-22T18:28:31.408Z] Fetching 1m candles for ADAUSDT
[2026-03-22T18:28:31.445Z] Processing symbol: SOLUSDT
[2026-03-22T18:28:31.469Z] Fetching 1m candles for SOLUSDT
[2026-03-22T18:28:31.498Z] Processing symbol: DOGEUSDT
[2026-03-22T18:28:31.507Z] Fetching 1m candles for DOGEUSDT
[2026-03-22T18:28:31.526Z] Processing symbol: DOTUSDT
[2026-03-22T18:28:31.533Z] Fetching 1m candles for DOTUSDT
[2026-03-22T18:28:31.552Z] Processing symbol: LTCUSDT
[2026-03-22T18:28:31.565Z] Fetching 1m candles for LTCUSDT
[2026-03-22T18:28:31.571Z] Processing symbol: BCHUSDT
[2026-03-22T18:28:31.582Z] Fetching 1m candles for BCHUSDT
[2026-03-22T18:28:31.594Z] Processing symbol: LINKUSDT
[2026-03-22T18:28:31.603Z] Fetching 1m candles for LINKUSDT
[2026-03-22T18:28:31.640Z] Processing symbol: TRXUSDT
[2026-03-22T18:28:31.651Z] Fetching 1m candles for TRXUSDT
[2026-03-22T18:28:31.659Z] Processing symbol: UNIUSDT
[2026-03-22T18:28:31.677Z] Fetching 1m candles for UNIUSDT
[2026-03-22T18:28:31.680Z] Processing symbol: AVAXUSDT
[2026-03-22T18:28:31.683Z] Fetching 1m candles for AVAXUSDT
[2026-03-22T18:28:31.689Z] Processing symbol: ETCUSDT
[2026-03-22T18:28:31.694Z] Fetching 1m candles for ETCUSDT
[2026-03-22T18:28:31.750Z] Processing symbol: XLMUSDT
[2026-03-22T18:28:31.894Z] Fetching 1m candles for XLMUSDT
[2026-03-22T18:28:31.946Z] Processing symbol: FILUSDT
[2026-03-22T18:28:31.951Z] Fetching 1m candles for FILUSDT
[2026-03-22T18:28:31.960Z] Processing symbol: ICPUSDT
[2026-03-22T18:28:32.011Z] Fetching 1m candles for ICPUSDT
[2026-03-22T18:28:32.018Z] Processing symbol: VETUSDT
[2026-03-22T18:28:32.044Z] Fetching 1m candles for VETUSDT
[2026-03-22T18:28:32.049Z] Processing symbol: BNBUSDT
[2026-03-22T18:28:32.058Z] Fetching 1m candles for BNBUSDT
[2026-03-22T18:28:32.063Z] Processing symbol: OPUSDT
[2026-03-22T18:28:32.066Z] Fetching 1m candles for OPUSDT
[2026-03-22T18:28:32.072Z] Processing symbol: frxXAUUSD
[2026-03-22T18:28:32.082Z] Fetching 1m candles for frxXAUUSD
[2026-03-22T18:28:32.087Z] DEBUG: getCandles called for symbol: frxXAUUSD, timeframe: 1m
[2026-03-22T18:28:32.097Z] Processing symbol: frxXAGUSD
[2026-03-22T18:28:32.104Z] Fetching 1m candles for frxXAGUSD
[2026-03-22T18:28:32.115Z] DEBUG: getCandles called for symbol: frxXAGUSD, timeframe: 1m
[2026-03-22T18:28:32.119Z] Processing symbol: frxXPTUSD
[2026-03-22T18:28:32.124Z] Fetching 1m candles for frxXPTUSD
[2026-03-22T18:28:32.128Z] DEBUG: getCandles called for symbol: frxXPTUSD, timeframe: 1m
[2026-03-22T18:28:32.133Z] Processing symbol: frxXPDUSD
[2026-03-22T18:28:32.139Z] Fetching 1m candles for frxXPDUSD
[2026-03-22T18:28:32.143Z] DEBUG: getCandles called for symbol: frxXPDUSD, timeframe: 1m
[2026-03-22T18:28:32.152Z] Processing symbol: frxAUDUSD
[2026-03-22T18:28:32.160Z] Fetching 1m candles for frxAUDUSD
[2026-03-22T18:28:32.172Z] DEBUG: getCandles called for symbol: frxAUDUSD, timeframe: 1m
[2026-03-22T18:28:32.175Z] Processing symbol: frxEURUSD
[2026-03-22T18:28:32.192Z] Fetching 1m candles for frxEURUSD
[2026-03-22T18:28:32.201Z] DEBUG: getCandles called for symbol: frxEURUSD, timeframe: 1m
[2026-03-22T18:28:32.210Z] Processing symbol: frxGBPUSD
[2026-03-22T18:28:32.213Z] Fetching 1m candles for frxGBPUSD
[2026-03-22T18:28:32.216Z] DEBUG: getCandles called for symbol: frxGBPUSD, timeframe: 1m
[2026-03-22T18:28:32.220Z] Processing symbol: frxUSDJPY
[2026-03-22T18:28:32.227Z] Fetching 1m candles for frxUSDJPY
[2026-03-22T18:28:32.234Z] DEBUG: getCandles called for symbol: frxUSDJPY, timeframe: 1m
[2026-03-22T18:28:32.241Z] Processing symbol: frxUSDCAD
[2026-03-22T18:28:32.250Z] Fetching 1m candles for frxUSDCAD
[2026-03-22T18:28:32.258Z] DEBUG: getCandles called for symbol: frxUSDCAD, timeframe: 1m
[2026-03-22T18:28:32.262Z] Processing symbol: frxUSDCHF
[2026-03-22T18:28:32.272Z] Fetching 1m candles for frxUSDCHF
[2026-03-22T18:28:32.282Z] DEBUG: getCandles called for symbol: frxUSDCHF, timeframe: 1m
[2026-03-22T18:28:32.309Z] Processing symbol: frxAUDCAD
[2026-03-22T18:28:32.317Z] Fetching 1m candles for frxAUDCAD
[2026-03-22T18:28:32.325Z] DEBUG: getCandles called for symbol: frxAUDCAD, timeframe: 1m
[2026-03-22T18:28:32.333Z] Processing symbol: frxAUDCHF
[2026-03-22T18:28:32.344Z] Fetching 1m candles for frxAUDCHF
[2026-03-22T18:28:32.350Z] DEBUG: getCandles called for symbol: frxAUDCHF, timeframe: 1m
[2026-03-22T18:28:32.357Z] Processing symbol: frxAUDJPY
[2026-03-22T18:28:32.371Z] Fetching 1m candles for frxAUDJPY
[2026-03-22T18:28:32.379Z] DEBUG: getCandles called for symbol: frxAUDJPY, timeframe: 1m
[2026-03-22T18:28:32.389Z] Processing symbol: frxAUDNZD
[2026-03-22T18:28:32.409Z] Fetching 1m candles for frxAUDNZD
[2026-03-22T18:28:32.421Z] DEBUG: getCandles called for symbol: frxAUDNZD, timeframe: 1m
[2026-03-22T18:28:32.430Z] Processing symbol: frxEURAUD
[2026-03-22T18:28:32.444Z] Fetching 1m candles for frxEURAUD
[2026-03-22T18:28:32.453Z] DEBUG: getCandles called for symbol: frxEURAUD, timeframe: 1m
[2026-03-22T18:28:32.468Z] Processing symbol: frxEURCAD
[2026-03-22T18:28:32.475Z] Fetching 1m candles for frxEURCAD
[2026-03-22T18:28:32.482Z] DEBUG: getCandles called for symbol: frxEURCAD, timeframe: 1m
[2026-03-22T18:28:32.504Z] Processing symbol: frxEURCHF
[2026-03-22T18:28:32.512Z] Fetching 1m candles for frxEURCHF
[2026-03-22T18:28:32.523Z] DEBUG: getCandles called for symbol: frxEURCHF, timeframe: 1m
[2026-03-22T18:28:32.530Z] Processing symbol: frxEURGBP
[2026-03-22T18:28:32.536Z] Fetching 1m candles for frxEURGBP
[2026-03-22T18:28:32.540Z] DEBUG: getCandles called for symbol: frxEURGBP, timeframe: 1m
[2026-03-22T18:28:32.546Z] Processing symbol: frxEURJPY
[2026-03-22T18:28:32.555Z] Fetching 1m candles for frxEURJPY
[2026-03-22T18:28:32.574Z] DEBUG: getCandles called for symbol: frxEURJPY, timeframe: 1m
[2026-03-22T18:28:32.584Z] Processing symbol: frxEURNZD
[2026-03-22T18:28:32.589Z] Fetching 1m candles for frxEURNZD
[2026-03-22T18:28:32.612Z] DEBUG: getCandles called for symbol: frxEURNZD, timeframe: 1m
[2026-03-22T18:28:32.624Z] Processing symbol: frxGBPAUD
[2026-03-22T18:28:32.655Z] Fetching 1m candles for frxGBPAUD
[2026-03-22T18:28:32.661Z] DEBUG: getCandles called for symbol: frxGBPAUD, timeframe: 1m
[2026-03-22T18:28:32.692Z] Processing symbol: frxGBPCAD
[2026-03-22T18:28:32.705Z] Fetching 1m candles for frxGBPCAD
[2026-03-22T18:28:32.710Z] DEBUG: getCandles called for symbol: frxGBPCAD, timeframe: 1m
[2026-03-22T18:28:32.757Z] Processing symbol: frxGBPCHF
[2026-03-22T18:28:32.763Z] Fetching 1m candles for frxGBPCHF
[2026-03-22T18:28:32.766Z] DEBUG: getCandles called for symbol: frxGBPCHF, timeframe: 1m
[2026-03-22T18:28:32.770Z] Processing symbol: frxGBPJPY
[2026-03-22T18:28:32.776Z] Fetching 1m candles for frxGBPJPY
[2026-03-22T18:28:32.779Z] DEBUG: getCandles called for symbol: frxGBPJPY, timeframe: 1m
[2026-03-22T18:28:32.781Z] Processing symbol: frxGBPNOK
[2026-03-22T18:28:32.785Z] Fetching 1m candles for frxGBPNOK
[2026-03-22T18:28:32.788Z] DEBUG: getCandles called for symbol: frxGBPNOK, timeframe: 1m
[2026-03-22T18:28:32.797Z] Processing symbol: frxGBPNZD
[2026-03-22T18:28:32.803Z] Fetching 1m candles for frxGBPNZD
[2026-03-22T18:28:32.812Z] DEBUG: getCandles called for symbol: frxGBPNZD, timeframe: 1m
[2026-03-22T18:28:32.829Z] Processing symbol: frxNZDJPY
[2026-03-22T18:28:32.844Z] Fetching 1m candles for frxNZDJPY
[2026-03-22T18:28:32.861Z] DEBUG: getCandles called for symbol: frxNZDJPY, timeframe: 1m
[2026-03-22T18:28:32.873Z] Processing symbol: frxNZDUSD
[2026-03-22T18:28:32.902Z] Fetching 1m candles for frxNZDUSD
[2026-03-22T18:28:32.955Z] DEBUG: getCandles called for symbol: frxNZDUSD, timeframe: 1m
[2026-03-22T18:28:32.962Z] Processing symbol: frxUSDMXN
[2026-03-22T18:28:33.035Z] Fetching 1m candles for frxUSDMXN
[2026-03-22T18:28:33.188Z] DEBUG: getCandles called for symbol: frxUSDMXN, timeframe: 1m
[2026-03-22T18:28:33.240Z] Processing symbol: frxUSDNOK
[2026-03-22T18:28:33.261Z] Fetching 1m candles for frxUSDNOK
[2026-03-22T18:28:33.268Z] DEBUG: getCandles called for symbol: frxUSDNOK, timeframe: 1m
[2026-03-22T18:28:33.273Z] Processing symbol: frxUSDPLN
[2026-03-22T18:28:33.275Z] Fetching 1m candles for frxUSDPLN
[2026-03-22T18:28:33.279Z] DEBUG: getCandles called for symbol: frxUSDPLN, timeframe: 1m
[2026-03-22T18:28:33.285Z] Processing symbol: frxUSDSEK
[2026-03-22T18:28:33.292Z] Fetching 1m candles for frxUSDSEK
[2026-03-22T18:28:33.295Z] DEBUG: getCandles called for symbol: frxUSDSEK, timeframe: 1m
[2026-03-22T18:28:33.757Z] Fetched 1m candles for BTCUSDT. Sample: [["1774198140000","68761","68783","68760","68777.2","3.2457","223209.82477"],["1774198200000","68777.2","68801.3","68771","68797.5","13.0698","899015.80109"]]
[2026-03-22T18:28:33.809Z] Fetching 15m candles for BTCUSDT
[2026-03-22T18:28:34.152Z] Fetched 1m candles for frxXAGUSD. Sample: [[1774034160000,68.1775,68.1827,68.062,68.072],[1774034220000,68.0877,68.1249,67.958,68.0762]]
[2026-03-22T18:28:34.271Z] Fetching 15m candles for frxXAGUSD
[2026-03-22T18:29:23.825Z] runBot function started.
[2026-03-22T18:29:25.221Z] Connected to Deriv WebSocket API
[2026-03-22T18:29:25.588Z] Deriv API Authorized: VRTC6531638
[2026-03-22T18:29:25.597Z] Connected to Deriv API successfully.
[2026-03-22T18:29:27.031Z] Fetched Bitget contract configurations.
[2026-03-22T18:29:27.333Z] Deriv API Contract Configurations: {
  "WLDAUD": {
    "minTradeNum": 0.01,
    "pricePlace": 5
  },
  "frxAUDCAD": {
    "minTradeNum": 0.01,
    "pricePlace": 5
  },
  "frxAUDCHF": {
    "minTradeNum": 0.01,
    "pricePlace": 5
  },
  "frxAUDJPY": {
    "minTradeNum": 0.01,
    "pricePlace": 5
  },
  "frxAUDNZD": {
    "minTradeNum": 0.01,
    "pricePlace": 5
  },
  "frxAUDUSD": {
    "minTradeNum": 0.01,
    "pricePlace": 5
  },
  "OTC_AS51": {
    "minTradeNum": 0.01,
    "pricePlace": 5
  },
  "cryBTCUSD": {
    "minTradeNum": 0.01,
    "pricePlace": 5
  },
  "RDBEAR": {
    "minTradeNum": 0.01,
    "pricePlace": 5
  },
  "BOOM50": {
    "minTradeNum": 0.01,
    "pricePlace": 5
  },
  "BOOM150N": {
    "minTradeNum": 0.01,
    "pricePlace": 5
  },
  "BOOM300N": {
    "minTradeNum": 0.01,
    "pricePlace": 5
  },
  "BOOM500": {
    "minTradeNum": 0.01,
    "pricePlace": 5
  },
  "BOOM600": {
    "minTradeNum": 0.01,
    "pricePlace": 5
  },
  "BOOM900": {
    "minTradeNum": 0.01,
    "pricePlace": 5
  },
  "BOOM1000": {
    "minTradeNum": 0.01,
    "pricePlace": 5
  },
  "RDBULL": {
    "minTradeNum": 0.01,
    "pricePlace": 5
  },
  "CRASH50": {
    "minTradeNum": 0.01,
    "pricePlace": 5
  },
  "CRASH150N": {
    "minTradeNum": 0.01,
    "pricePlace": 5
  },
  "CRASH300N": {
    "minTradeNum": 0.01,
    "pricePlace": 5
  },
  "CRASH500": {
    "minTradeNum": 0.01,
    "pricePlace": 5
  },
  "CRASH600": {
    "minTradeNum": 0.01,
    "pricePlace": 5
  },
  "CRASH900": {
    "minTradeNum": 0.01,
    "pricePlace": 5
  },
  "CRASH1000": {
    "minTradeNum": 0.01,
    "pricePlace": 5
  },
  "cryETHUSD": {
    "minTradeNum": 0.01,
    "pricePlace": 5
  },
  "WLDEUR": {
    "minTradeNum": 0.01,
    "pricePlace": 5
  },
  "frxEURAUD": {
    "minTradeNum": 0.01,
    "pricePlace": 5
  },
  "frxEURCAD": {
    "minTradeNum": 0.01,
    "pricePlace": 5
  },
  "frxEURCHF": {
    "minTradeNum": 0.01,
    "pricePlace": 5
  },
  "frxEURGBP": {
    "minTradeNum": 0.01,
    "pricePlace": 5
  },
  "frxEURJPY": {
    "minTradeNum": 0.01,
    "pricePlace": 5
  },
  "frxEURNZD": {
    "minTradeNum": 0.01,
    "pricePlace": 5
  },
  "frxEURUSD": {
    "minTradeNum": 0.01,
    "pricePlace": 5
  },
  "OTC_SX5E": {
    "minTradeNum": 0.01,
    "pricePlace": 5
  },
  "OTC_FCHI": {
    "minTradeNum": 0.01,
    "pricePlace": 5
  },
  "WLDGBP": {
    "minTradeNum": 0.01,
    "pricePlace": 5
  },
  "frxGBPAUD": {
    "minTradeNum": 0.01,
    "pricePlace": 5
  },
  "frxGBPCAD": {
    "minTradeNum": 0.01,
    "pricePlace": 5
  },
  "frxGBPCHF": {
    "minTradeNum": 0.01,
    "pricePlace": 5
  },
  "frxGBPJPY": {
    "minTradeNum": 0.01,
    "pricePlace": 5
  },
  "frxGBPNOK": {
    "minTradeNum": 0.01,
    "pricePlace": 5
  },
  "frxGBPNZD": {
    "minTradeNum": 0.01,
    "pricePlace": 5
  },
  "frxGBPUSD": {
    "minTradeNum": 0.01,
    "pricePlace": 5
  },
  "OTC_GDAXI": {
    "minTradeNum": 0.01,
    "pricePlace": 5
  },
  "WLDXAU": {
    "minTradeNum": 0.01,
    "pricePlace": 5
  },
  "frxXAUUSD": {
    "minTradeNum": 0.01,
    "pricePlace": 5
  },
  "OTC_HSI": {
    "minTradeNum": 0.01,
    "pricePlace": 5
  },
  "OTC_N225": {
    "minTradeNum": 0.01,
    "pricePlace": 5
  },
  "JD10": {
    "minTradeNum": 0.01,
    "pricePlace": 5
  },
  "JD25": {
    "minTradeNum": 0.01,
    "pricePlace": 5
  },
  "JD50": {
    "minTradeNum": 0.01,
    "pricePlace": 5
  },
  "JD75": {
    "minTradeNum": 0.01,
    "pricePlace": 5
  },
  "JD100": {
    "minTradeNum": 0.01,
    "pricePlace": 5
  },
  "frxNZDJPY": {
    "minTradeNum": 0.01,
    "pricePlace": 5
  },
  "frxNZDUSD": {
    "minTradeNum": 0.01,
    "pricePlace": 5
  },
  "OTC_AEX": {
    "minTradeNum": 0.01,
    "pricePlace": 5
  },
  "frxXPDUSD": {
    "minTradeNum": 0.01,
    "pricePlace": 5
  },
  "frxXPTUSD": {
    "minTradeNum": 0.01,
    "pricePlace": 5
  },
  "RB100": {
    "minTradeNum": 0.01,
    "pricePlace": 5
  },
  "RB200": {
    "minTradeNum": 0.01,
    "pricePlace": 5
  },
  "frxXAGUSD": {
    "minTradeNum": 0.01,
    "pricePlace": 5
  },
  "stpRNG": {
    "minTradeNum": 0.01,
    "pricePlace": 5
  },
  "stpRNG2": {
    "minTradeNum": 0.01,
    "pricePlace": 5
  },
  "stpRNG3": {
    "minTradeNum": 0.01,
    "pricePlace": 5
  },
  "stpRNG4": {
    "minTradeNum": 0.01,
    "pricePlace": 5
  },
  "stpRNG5": {
    "minTradeNum": 0.01,
    "pricePlace": 5
  },
  "OTC_SSMI": {
    "minTradeNum": 0.01,
    "pricePlace": 5
  },
  "OTC_FTSE": {
    "minTradeNum": 0.01,
    "pricePlace": 5
  },
  "OTC_SPC": {
    "minTradeNum": 0.01,
    "pricePlace": 5
  },
  "OTC_NDX": {
    "minTradeNum": 0.01,
    "pricePlace": 5
  },
  "WLDUSD": {
    "minTradeNum": 0.01,
    "pricePlace": 5
  },
  "frxUSDCAD": {
    "minTradeNum": 0.01,
    "pricePlace": 5
  },
  "frxUSDCHF": {
    "minTradeNum": 0.01,
    "pricePlace": 5
  },
  "frxUSDJPY": {
    "minTradeNum": 0.01,
    "pricePlace": 5
  },
  "frxUSDMXN": {
    "minTradeNum": 0.01,
    "pricePlace": 5
  },
  "frxUSDNOK": {
    "minTradeNum": 0.01,
    "pricePlace": 5
  },
  "frxUSDPLN": {
    "minTradeNum": 0.01,
    "pricePlace": 5
  },
  "frxUSDSEK": {
    "minTradeNum": 0.01,
    "pricePlace": 5
  },
  "1HZ10V": {
    "minTradeNum": 0.01,
    "pricePlace": 5
  },
  "R_10": {
    "minTradeNum": 0.01,
    "pricePlace": 5
  },
  "1HZ15V": {
    "minTradeNum": 0.01,
    "pricePlace": 5
  },
  "1HZ25V": {
    "minTradeNum": 0.01,
    "pricePlace": 5
  },
  "R_25": {
    "minTradeNum": 0.01,
    "pricePlace": 5
  },
  "1HZ30V": {
    "minTradeNum": 0.01,
    "pricePlace": 5
  },
  "1HZ50V": {
    "minTradeNum": 0.01,
    "pricePlace": 5
  },
  "R_50": {
    "minTradeNum": 0.01,
    "pricePlace": 5
  },
  "1HZ75V": {
    "minTradeNum": 0.01,
    "pricePlace": 5
  },
  "R_75": {
    "minTradeNum": 0.01,
    "pricePlace": 5
  },
  "1HZ90V": {
    "minTradeNum": 0.01,
    "pricePlace": 5
  },
  "1HZ100V": {
    "minTradeNum": 0.01,
    "pricePlace": 5
  },
  "R_100": {
    "minTradeNum": 0.01,
    "pricePlace": 5
  },
  "OTC_DJI": {
    "minTradeNum": 0.01,
    "pricePlace": 5
  }
}
[2026-03-22T18:29:27.540Z] Fetched Deriv contract configurations.
[2026-03-22T18:29:27.544Z] Deriv Contract Configurations: {
  "WLDAUD": {
    "minTradeNum": 0.01,
    "pricePlace": 5
  },
  "frxAUDCAD": {
    "minTradeNum": 0.01,
    "pricePlace": 5
  },
  "frxAUDCHF": {
    "minTradeNum": 0.01,
    "pricePlace": 5
  },
  "frxAUDJPY": {
    "minTradeNum": 0.01,
    "pricePlace": 5
  },
  "frxAUDNZD": {
    "minTradeNum": 0.01,
    "pricePlace": 5
  },
  "frxAUDUSD": {
    "minTradeNum": 0.01,
    "pricePlace": 5
  },
  "OTC_AS51": {
    "minTradeNum": 0.01,
    "pricePlace": 5
  },
  "cryBTCUSD": {
    "minTradeNum": 0.01,
    "pricePlace": 5
  },
  "RDBEAR": {
    "minTradeNum": 0.01,
    "pricePlace": 5
  },
  "BOOM50": {
    "minTradeNum": 0.01,
    "pricePlace": 5
  },
  "BOOM150N": {
    "minTradeNum": 0.01,
    "pricePlace": 5
  },
  "BOOM300N": {
    "minTradeNum": 0.01,
    "pricePlace": 5
  },
  "BOOM500": {
    "minTradeNum": 0.01,
    "pricePlace": 5
  },
  "BOOM600": {
    "minTradeNum": 0.01,
    "pricePlace": 5
  },
  "BOOM900": {
    "minTradeNum": 0.01,
    "pricePlace": 5
  },
  "BOOM1000": {
    "minTradeNum": 0.01,
    "pricePlace": 5
  },
  "RDBULL": {
    "minTradeNum": 0.01,
    "pricePlace": 5
  },
  "CRASH50": {
    "minTradeNum": 0.01,
    "pricePlace": 5
  },
  "CRASH150N": {
    "minTradeNum": 0.01,
    "pricePlace": 5
  },
  "CRASH300N": {
    "minTradeNum": 0.01,
    "pricePlace": 5
  },
  "CRASH500": {
    "minTradeNum": 0.01,
    "pricePlace": 5
  },
  "CRASH600": {
    "minTradeNum": 0.01,
    "pricePlace": 5
  },
  "CRASH900": {
    "minTradeNum": 0.01,
    "pricePlace": 5
  },
  "CRASH1000": {
    "minTradeNum": 0.01,
    "pricePlace": 5
  },
  "cryETHUSD": {
    "minTradeNum": 0.01,
    "pricePlace": 5
  },
  "WLDEUR": {
    "minTradeNum": 0.01,
    "pricePlace": 5
  },
  "frxEURAUD": {
    "minTradeNum": 0.01,
    "pricePlace": 5
  },
  "frxEURCAD": {
    "minTradeNum": 0.01,
    "pricePlace": 5
  },
  "frxEURCHF": {
    "minTradeNum": 0.01,
    "pricePlace": 5
  },
  "frxEURGBP": {
    "minTradeNum": 0.01,
    "pricePlace": 5
  },
  "frxEURJPY": {
    "minTradeNum": 0.01,
    "pricePlace": 5
  },
  "frxEURNZD": {
    "minTradeNum": 0.01,
    "pricePlace": 5
  },
  "frxEURUSD": {
    "minTradeNum": 0.01,
    "pricePlace": 5
  },
  "OTC_SX5E": {
    "minTradeNum": 0.01,
    "pricePlace": 5
  },
  "OTC_FCHI": {
    "minTradeNum": 0.01,
    "pricePlace": 5
  },
  "WLDGBP": {
    "minTradeNum": 0.01,
    "pricePlace": 5
  },
  "frxGBPAUD": {
    "minTradeNum": 0.01,
    "pricePlace": 5
  },
  "frxGBPCAD": {
    "minTradeNum": 0.01,
    "pricePlace": 5
  },
  "frxGBPCHF": {
    "minTradeNum": 0.01,
    "pricePlace": 5
  },
  "frxGBPJPY": {
    "minTradeNum": 0.01,
    "pricePlace": 5
  },
  "frxGBPNOK": {
    "minTradeNum": 0.01,
    "pricePlace": 5
  },
  "frxGBPNZD": {
    "minTradeNum": 0.01,
    "pricePlace": 5
  },
  "frxGBPUSD": {
    "minTradeNum": 0.01,
    "pricePlace": 5
  },
  "OTC_GDAXI": {
    "minTradeNum": 0.01,
    "pricePlace": 5
  },
  "WLDXAU": {
    "minTradeNum": 0.01,
    "pricePlace": 5
  },
  "frxXAUUSD": {
    "minTradeNum": 0.01,
    "pricePlace": 5
  },
  "OTC_HSI": {
    "minTradeNum": 0.01,
    "pricePlace": 5
  },
  "OTC_N225": {
    "minTradeNum": 0.01,
    "pricePlace": 5
  },
  "JD10": {
    "minTradeNum": 0.01,
    "pricePlace": 5
  },
  "JD25": {
    "minTradeNum": 0.01,
    "pricePlace": 5
  },
  "JD50": {
    "minTradeNum": 0.01,
    "pricePlace": 5
  },
  "JD75": {
    "minTradeNum": 0.01,
    "pricePlace": 5
  },
  "JD100": {
    "minTradeNum": 0.01,
    "pricePlace": 5
  },
  "frxNZDJPY": {
    "minTradeNum": 0.01,
    "pricePlace": 5
  },
  "frxNZDUSD": {
    "minTradeNum": 0.01,
    "pricePlace": 5
  },
  "OTC_AEX": {
    "minTradeNum": 0.01,
    "pricePlace": 5
  },
  "frxXPDUSD": {
    "minTradeNum": 0.01,
    "pricePlace": 5
  },
  "frxXPTUSD": {
    "minTradeNum": 0.01,
    "pricePlace": 5
  },
  "RB100": {
    "minTradeNum": 0.01,
    "pricePlace": 5
  },
  "RB200": {
    "minTradeNum": 0.01,
    "pricePlace": 5
  },
  "frxXAGUSD": {
    "minTradeNum": 0.01,
    "pricePlace": 5
  },
  "stpRNG": {
    "minTradeNum": 0.01,
    "pricePlace": 5
  },
  "stpRNG2": {
    "minTradeNum": 0.01,
    "pricePlace": 5
  },
  "stpRNG3": {
    "minTradeNum": 0.01,
    "pricePlace": 5
  },
  "stpRNG4": {
    "minTradeNum": 0.01,
    "pricePlace": 5
  },
  "stpRNG5": {
    "minTradeNum": 0.01,
    "pricePlace": 5
  },
  "OTC_SSMI": {
    "minTradeNum": 0.01,
    "pricePlace": 5
  },
  "OTC_FTSE": {
    "minTradeNum": 0.01,
    "pricePlace": 5
  },
  "OTC_SPC": {
    "minTradeNum": 0.01,
    "pricePlace": 5
  },
  "OTC_NDX": {
    "minTradeNum": 0.01,
    "pricePlace": 5
  },
  "WLDUSD": {
    "minTradeNum": 0.01,
    "pricePlace": 5
  },
  "frxUSDCAD": {
    "minTradeNum": 0.01,
    "pricePlace": 5
  },
  "frxUSDCHF": {
    "minTradeNum": 0.01,
    "pricePlace": 5
  },
  "frxUSDJPY": {
    "minTradeNum": 0.01,
    "pricePlace": 5
  },
  "frxUSDMXN": {
    "minTradeNum": 0.01,
    "pricePlace": 5
  },
  "frxUSDNOK": {
    "minTradeNum": 0.01,
    "pricePlace": 5
  },
  "frxUSDPLN": {
    "minTradeNum": 0.01,
    "pricePlace": 5
  },
  "frxUSDSEK": {
    "minTradeNum": 0.01,
    "pricePlace": 5
  },
  "1HZ10V": {
    "minTradeNum": 0.01,
    "pricePlace": 5
  },
  "R_10": {
    "minTradeNum": 0.01,
    "pricePlace": 5
  },
  "1HZ15V": {
    "minTradeNum": 0.01,
    "pricePlace": 5
  },
  "1HZ25V": {
    "minTradeNum": 0.01,
    "pricePlace": 5
  },
  "R_25": {
    "minTradeNum": 0.01,
    "pricePlace": 5
  },
  "1HZ30V": {
    "minTradeNum": 0.01,
    "pricePlace": 5
  },
  "1HZ50V": {
    "minTradeNum": 0.01,
    "pricePlace": 5
  },
  "R_50": {
    "minTradeNum": 0.01,
    "pricePlace": 5
  },
  "1HZ75V": {
    "minTradeNum": 0.01,
    "pricePlace": 5
  },
  "R_75": {
    "minTradeNum": 0.01,
    "pricePlace": 5
  },
  "1HZ90V": {
    "minTradeNum": 0.01,
    "pricePlace": 5
  },
  "1HZ100V": {
    "minTradeNum": 0.01,
    "pricePlace": 5
  },
  "R_100": {
    "minTradeNum": 0.01,
    "pricePlace": 5
  },
  "OTC_DJI": {
    "minTradeNum": 0.01,
    "pricePlace": 5
  }
}
[2026-03-22T18:29:27.775Z] Skipping news sentiment fetch. Next fetch in approximately 3 minutes.
[2026-03-22T18:29:27.794Z] Entering symbol loop.
[2026-03-22T18:29:28.236Z] Fetched Bitget balances successfully.
[2026-03-22T18:29:28.519Z] Fetched Deriv balances successfully.
[2026-03-22T18:29:28.522Z] Initial balance set to: 27.11 USDT
[2026-03-22T18:29:28.525Z] Current Balance: 27.11 USDT, Initial Balance: 27.11 USDT, Peak Balance: 27.11 USDT
[2026-03-22T18:29:28.532Z] Daily Loss Percent: 0.00%, Total Drawdown Percent: 0.00%
[2026-03-22T18:29:28.541Z] Processing symbol: BTCUSDT
[2026-03-22T18:29:28.569Z] Fetching 1m candles for BTCUSDT
[2026-03-22T18:29:28.576Z] Processing symbol: ETHUSDT
[2026-03-22T18:29:28.655Z] Fetching 1m candles for ETHUSDT
[2026-03-22T18:29:28.675Z] Processing symbol: XRPUSDT
[2026-03-22T18:29:28.696Z] Fetching 1m candles for XRPUSDT
[2026-03-22T18:29:28.703Z] Processing symbol: ADAUSDT
[2026-03-22T18:29:28.716Z] Fetching 1m candles for ADAUSDT
[2026-03-22T18:29:28.723Z] Processing symbol: SOLUSDT
[2026-03-22T18:29:28.737Z] Fetching 1m candles for SOLUSDT
[2026-03-22T18:29:28.755Z] Processing symbol: DOGEUSDT
[2026-03-22T18:29:28.771Z] Fetching 1m candles for DOGEUSDT
[2026-03-22T18:29:28.789Z] Processing symbol: DOTUSDT
[2026-03-22T18:29:28.819Z] Fetching 1m candles for DOTUSDT
[2026-03-22T18:29:28.845Z] Processing symbol: LTCUSDT
[2026-03-22T18:29:28.887Z] Fetching 1m candles for LTCUSDT
[2026-03-22T18:29:28.903Z] Processing symbol: BCHUSDT
[2026-03-22T18:29:28.923Z] Fetching 1m candles for BCHUSDT
[2026-03-22T18:29:28.957Z] Processing symbol: LINKUSDT
[2026-03-22T18:29:28.971Z] Fetching 1m candles for LINKUSDT
[2026-03-22T18:29:28.987Z] Processing symbol: TRXUSDT
[2026-03-22T18:29:28.989Z] Fetching 1m candles for TRXUSDT
[2026-03-22T18:29:29.004Z] Processing symbol: UNIUSDT
[2026-03-22T18:29:29.022Z] Fetching 1m candles for UNIUSDT
[2026-03-22T18:29:29.032Z] Processing symbol: AVAXUSDT
[2026-03-22T18:29:29.050Z] Fetching 1m candles for AVAXUSDT
[2026-03-22T18:29:29.054Z] Processing symbol: ETCUSDT
[2026-03-22T18:29:29.086Z] Fetching 1m candles for ETCUSDT
[2026-03-22T18:29:29.102Z] Processing symbol: XLMUSDT
[2026-03-22T18:29:29.116Z] Fetching 1m candles for XLMUSDT
[2026-03-22T18:29:29.119Z] Processing symbol: FILUSDT
[2026-03-22T18:29:29.129Z] Fetching 1m candles for FILUSDT
[2026-03-22T18:29:29.135Z] Processing symbol: ICPUSDT
[2026-03-22T18:29:29.138Z] Fetching 1m candles for ICPUSDT
[2026-03-22T18:29:29.150Z] Processing symbol: VETUSDT
[2026-03-22T18:29:29.153Z] Fetching 1m candles for VETUSDT
[2026-03-22T18:29:29.163Z] Processing symbol: BNBUSDT
[2026-03-22T18:29:29.167Z] Fetching 1m candles for BNBUSDT
[2026-03-22T18:29:29.170Z] Processing symbol: OPUSDT
[2026-03-22T18:29:29.182Z] Fetching 1m candles for OPUSDT
[2026-03-22T18:29:29.187Z] Processing symbol: frxXAUUSD
[2026-03-22T18:29:29.196Z] Fetching 1m candles for frxXAUUSD
[2026-03-22T18:29:29.200Z] DEBUG: getCandles called for symbol: frxXAUUSD, timeframe: 1m
[2026-03-22T18:29:29.205Z] Processing symbol: frxXAGUSD
[2026-03-22T18:29:29.216Z] Fetching 1m candles for frxXAGUSD
[2026-03-22T18:29:29.219Z] DEBUG: getCandles called for symbol: frxXAGUSD, timeframe: 1m
[2026-03-22T18:29:29.228Z] Processing symbol: frxXPTUSD
[2026-03-22T18:29:29.235Z] Fetching 1m candles for frxXPTUSD
[2026-03-22T18:29:29.249Z] DEBUG: getCandles called for symbol: frxXPTUSD, timeframe: 1m
[2026-03-22T18:29:29.267Z] Processing symbol: frxXPDUSD
[2026-03-22T18:29:29.281Z] Fetching 1m candles for frxXPDUSD
[2026-03-22T18:29:29.313Z] DEBUG: getCandles called for symbol: frxXPDUSD, timeframe: 1m
[2026-03-22T18:29:29.330Z] Processing symbol: frxAUDUSD
[2026-03-22T18:29:29.336Z] Fetching 1m candles for frxAUDUSD
[2026-03-22T18:29:29.354Z] DEBUG: getCandles called for symbol: frxAUDUSD, timeframe: 1m
[2026-03-22T18:29:29.371Z] Processing symbol: frxEURUSD
[2026-03-22T18:29:29.384Z] Fetching 1m candles for frxEURUSD
[2026-03-22T18:29:29.399Z] DEBUG: getCandles called for symbol: frxEURUSD, timeframe: 1m
[2026-03-22T18:29:29.419Z] Processing symbol: frxGBPUSD
[2026-03-22T18:29:29.484Z] Fetching 1m candles for frxGBPUSD
[2026-03-22T18:29:29.502Z] DEBUG: getCandles called for symbol: frxGBPUSD, timeframe: 1m
[2026-03-22T18:29:29.515Z] Processing symbol: frxUSDJPY
[2026-03-22T18:29:29.520Z] Fetching 1m candles for frxUSDJPY
[2026-03-22T18:29:29.584Z] DEBUG: getCandles called for symbol: frxUSDJPY, timeframe: 1m
[2026-03-22T18:29:29.599Z] Processing symbol: frxUSDCAD
[2026-03-22T18:29:29.614Z] Fetching 1m candles for frxUSDCAD
[2026-03-22T18:29:29.628Z] DEBUG: getCandles called for symbol: frxUSDCAD, timeframe: 1m
[2026-03-22T18:29:29.633Z] Processing symbol: frxUSDCHF
[2026-03-22T18:29:29.635Z] Fetching 1m candles for frxUSDCHF
[2026-03-22T18:29:29.645Z] DEBUG: getCandles called for symbol: frxUSDCHF, timeframe: 1m
[2026-03-22T18:29:29.650Z] Processing symbol: frxAUDCAD
[2026-03-22T18:29:29.653Z] Fetching 1m candles for frxAUDCAD
[2026-03-22T18:29:29.663Z] DEBUG: getCandles called for symbol: frxAUDCAD, timeframe: 1m
[2026-03-22T18:29:29.666Z] Processing symbol: frxAUDCHF
[2026-03-22T18:29:29.669Z] Fetching 1m candles for frxAUDCHF
[2026-03-22T18:29:29.682Z] DEBUG: getCandles called for symbol: frxAUDCHF, timeframe: 1m
[2026-03-22T18:29:29.685Z] Processing symbol: frxAUDJPY
[2026-03-22T18:29:29.686Z] Fetching 1m candles for frxAUDJPY
[2026-03-22T18:29:29.694Z] DEBUG: getCandles called for symbol: frxAUDJPY, timeframe: 1m
[2026-03-22T18:29:29.698Z] Processing symbol: frxAUDNZD
[2026-03-22T18:29:29.703Z] Fetching 1m candles for frxAUDNZD
[2026-03-22T18:29:29.710Z] DEBUG: getCandles called for symbol: frxAUDNZD, timeframe: 1m
[2026-03-22T18:29:29.714Z] Processing symbol: frxEURAUD
[2026-03-22T18:29:29.716Z] Fetching 1m candles for frxEURAUD
[2026-03-22T18:29:29.719Z] DEBUG: getCandles called for symbol: frxEURAUD, timeframe: 1m
[2026-03-22T18:29:29.729Z] Processing symbol: frxEURCAD
[2026-03-22T18:29:29.732Z] Fetching 1m candles for frxEURCAD
[2026-03-22T18:29:29.738Z] DEBUG: getCandles called for symbol: frxEURCAD, timeframe: 1m
[2026-03-22T18:29:29.745Z] Processing symbol: frxEURCHF
[2026-03-22T18:29:29.747Z] Fetching 1m candles for frxEURCHF
[2026-03-22T18:29:29.751Z] DEBUG: getCandles called for symbol: frxEURCHF, timeframe: 1m
[2026-03-22T18:29:29.754Z] Processing symbol: frxEURGBP
[2026-03-22T18:29:29.760Z] Fetching 1m candles for frxEURGBP
[2026-03-22T18:29:29.762Z] DEBUG: getCandles called for symbol: frxEURGBP, timeframe: 1m
[2026-03-22T18:29:29.766Z] Processing symbol: frxEURJPY
[2026-03-22T18:29:29.768Z] Fetching 1m candles for frxEURJPY
[2026-03-22T18:29:29.775Z] DEBUG: getCandles called for symbol: frxEURJPY, timeframe: 1m
[2026-03-22T18:29:29.778Z] Processing symbol: frxEURNZD
[2026-03-22T18:29:29.781Z] Fetching 1m candles for frxEURNZD
[2026-03-22T18:29:29.785Z] DEBUG: getCandles called for symbol: frxEURNZD, timeframe: 1m
[2026-03-22T18:29:29.793Z] Processing symbol: frxGBPAUD
[2026-03-22T18:29:29.796Z] Fetching 1m candles for frxGBPAUD
[2026-03-22T18:29:29.843Z] DEBUG: getCandles called for symbol: frxGBPAUD, timeframe: 1m
[2026-03-22T18:29:29.937Z] Processing symbol: frxGBPCAD
[2026-03-22T18:29:29.986Z] Fetching 1m candles for frxGBPCAD
[2026-03-22T18:29:30.009Z] DEBUG: getCandles called for symbol: frxGBPCAD, timeframe: 1m
[2026-03-22T18:29:30.014Z] Processing symbol: frxGBPCHF
[2026-03-22T18:29:30.057Z] Fetching 1m candles for frxGBPCHF
[2026-03-22T18:29:30.086Z] DEBUG: getCandles called for symbol: frxGBPCHF, timeframe: 1m
[2026-03-22T18:29:30.095Z] Processing symbol: frxGBPJPY
[2026-03-22T18:29:30.099Z] Fetching 1m candles for frxGBPJPY
[2026-03-22T18:29:30.110Z] DEBUG: getCandles called for symbol: frxGBPJPY, timeframe: 1m
[2026-03-22T18:29:30.114Z] Processing symbol: frxGBPNOK
[2026-03-22T18:29:30.119Z] Fetching 1m candles for frxGBPNOK
[2026-03-22T18:29:30.124Z] DEBUG: getCandles called for symbol: frxGBPNOK, timeframe: 1m
[2026-03-22T18:29:30.140Z] Processing symbol: frxGBPNZD
[2026-03-22T18:29:30.145Z] Fetching 1m candles for frxGBPNZD
[2026-03-22T18:29:30.147Z] DEBUG: getCandles called for symbol: frxGBPNZD, timeframe: 1m
[2026-03-22T18:29:30.154Z] Processing symbol: frxNZDJPY
[2026-03-22T18:29:30.160Z] Fetching 1m candles for frxNZDJPY
[2026-03-22T18:29:30.162Z] DEBUG: getCandles called for symbol: frxNZDJPY, timeframe: 1m
[2026-03-22T18:29:30.166Z] Processing symbol: frxNZDUSD
[2026-03-22T18:29:30.173Z] Fetching 1m candles for frxNZDUSD
[2026-03-22T18:29:30.175Z] DEBUG: getCandles called for symbol: frxNZDUSD, timeframe: 1m
[2026-03-22T18:29:30.178Z] Processing symbol: frxUSDMXN
[2026-03-22T18:29:30.181Z] Fetching 1m candles for frxUSDMXN
[2026-03-22T18:29:30.184Z] DEBUG: getCandles called for symbol: frxUSDMXN, timeframe: 1m
[2026-03-22T18:29:30.193Z] Processing symbol: frxUSDNOK
[2026-03-22T18:29:30.209Z] Fetching 1m candles for frxUSDNOK
[2026-03-22T18:29:30.213Z] DEBUG: getCandles called for symbol: frxUSDNOK, timeframe: 1m
[2026-03-22T18:29:30.217Z] Processing symbol: frxUSDPLN
[2026-03-22T18:29:30.224Z] Fetching 1m candles for frxUSDPLN
[2026-03-22T18:29:30.229Z] DEBUG: getCandles called for symbol: frxUSDPLN, timeframe: 1m
[2026-03-22T18:29:30.232Z] Processing symbol: frxUSDSEK
[2026-03-22T18:29:30.238Z] Fetching 1m candles for frxUSDSEK
[2026-03-22T18:29:30.242Z] DEBUG: getCandles called for symbol: frxUSDSEK, timeframe: 1m
[2026-03-22T18:29:30.711Z] Fetched 1m candles for BTCUSDT. Sample: [["1774198200000","68777.2","68801.3","68771","68797.5","13.0698","899015.80109"],["1774198260000","68797.5","68802.2","68780.3","68795.1","3.8628","265732.64416"]]
[2026-03-22T18:29:30.715Z] Fetching 15m candles for BTCUSDT
[2026-03-22T18:29:30.824Z] Fetched 1m candles for frxXAUUSD. Sample: [[1774034160000,4507.11,4507.11,4500.65,4501.53],[1774034220000,4501.79,4502.89,4493.47,4499.96]]
[2026-03-22T18:29:30.828Z] Fetching 15m candles for frxXAUUSD
[2026-03-22T18:29:30.831Z] DEBUG: getCandles called for symbol: frxXAUUSD, timeframe: 15m
[2026-03-22T18:29:30.848Z] Fetched 1m candles for frxUSDJPY. Sample: [[1774034160000,159.3,159.311,159.292,159.31],[1774034220000,159.308,159.321,159.297,159.301]]
[2026-03-22T18:29:30.859Z] Fetching 15m candles for frxUSDJPY
[2026-03-22T18:29:30.862Z] DEBUG: getCandles called for symbol: frxUSDJPY, timeframe: 15m
[2026-03-22T18:29:30.878Z] Fetched 1m candles for frxAUDJPY. Sample: [[1774034160000,111.735,111.735,111.716,111.72],[1774034220000,111.721,111.731,111.698,111.723]]
[2026-03-22T18:29:30.888Z] Fetching 15m candles for frxAUDJPY
[2026-03-22T18:29:30.893Z] DEBUG: getCandles called for symbol: frxAUDJPY, timeframe: 15m
[2026-03-22T18:29:30.943Z] Fetched 1m candles for frxEURCHF. Sample: [[1774034160000,0.91098,0.911,0.91096,0.911],[1774034220000,0.91102,0.91107,0.91099,0.91105]]
[2026-03-22T18:29:30.961Z] Fetching 15m candles for frxEURCHF
[2026-03-22T18:29:30.974Z] DEBUG: getCandles called for symbol: frxEURCHF, timeframe: 15m
[2026-03-22T18:29:30.990Z] Fetched 1m candles for frxXAGUSD. Sample: [[1774034160000,68.1775,68.1827,68.062,68.072],[1774034220000,68.0877,68.1249,67.958,68.0762]]
[2026-03-22T18:29:30.993Z] Fetching 15m candles for frxXAGUSD
[2026-03-22T18:29:31.001Z] DEBUG: getCandles called for symbol: frxXAGUSD, timeframe: 15m
[2026-03-22T18:29:31.025Z] Fetched 1m candles for frxAUDUSD. Sample: [[1774034160000,0.70142,0.70143,0.70125,0.70128],[1774034220000,0.70129,0.70139,0.70109,0.70133]]
[2026-03-22T18:29:31.040Z] Fetching 15m candles for frxAUDUSD
[2026-03-22T18:29:31.045Z] DEBUG: getCandles called for symbol: frxAUDUSD, timeframe: 15m
[2026-03-22T18:29:31.059Z] Fetched 1m candles for frxEURGBP. Sample: [[1774034160000,0.86655,0.86655,0.86652,0.86653],[1774034220000,0.86654,0.86667,0.86654,0.86666]]
[2026-03-22T18:29:31.075Z] Fetching 15m candles for frxEURGBP
[2026-03-22T18:29:31.094Z] DEBUG: getCandles called for symbol: frxEURGBP, timeframe: 15m
[2026-03-22T18:29:31.121Z] Fetched 1m candles for frxEURAUD. Sample: [[1774034160000,1.64731,1.64747,1.64731,1.64741],[1774034220000,1.6474,1.64785,1.6474,1.64766]]
[2026-03-22T18:29:31.127Z] Fetching 15m candles for frxEURAUD
[2026-03-22T18:29:31.143Z] DEBUG: getCandles called for symbol: frxEURAUD, timeframe: 15m
[2026-03-22T18:29:31.158Z] Fetched 1m candles for frxEURCAD. Sample: [[1774034160000,1.58511,1.58523,1.58497,1.58499],[1774034220000,1.58498,1.58519,1.58498,1.58514]]
[2026-03-22T18:29:31.173Z] Fetching 15m candles for frxEURCAD
[2026-03-22T18:29:31.183Z] DEBUG: getCandles called for symbol: frxEURCAD, timeframe: 15m
[2026-03-22T18:29:31.194Z] Fetched 1m candles for frxXPDUSD. Sample: [[1774034160000,1412.38,1413.97,1412.06,1412.16],[1774034220000,1412.16,1412.93,1411.53,1412.58]]
[2026-03-22T18:29:31.204Z] Fetching 15m candles for frxXPDUSD
[2026-03-22T18:29:31.207Z] DEBUG: getCandles called for symbol: frxXPDUSD, timeframe: 15m
[2026-03-22T18:29:31.435Z] Fetched 1m candles for frxXPTUSD. Sample: [[1774034160000,1924.14,1925.44,1923.24,1923.52],[1774034220000,1923.64,1926.4,1922.42,1924.01]]
[2026-03-22T18:29:31.441Z] Fetching 15m candles for frxXPTUSD
[2026-03-22T18:29:31.471Z] DEBUG: getCandles called for symbol: frxXPTUSD, timeframe: 15m
[2026-03-22T18:29:31.510Z] Fetched 1m candles for ICPUSDT. Sample: [["1774198200000","2.389","2.389","2.389","2.389","0","0"],["1774198260000","2.389","2.389","2.388","2.388","61.09","145.88292"]]
[2026-03-22T18:29:31.522Z] Fetching 15m candles for ICPUSDT
[2026-03-22T18:29:31.537Z] Fetched 1m candles for UNIUSDT. Sample: [["1774198200000","3.483","3.484","3.483","3.484","171","595.646"],["1774198260000","3.484","3.484","3.484","3.484","95","330.98"]]
[2026-03-22T18:29:31.539Z] Fetching 15m candles for UNIUSDT
[2026-03-22T18:29:31.556Z] Fetched 1m candles for DOTUSDT. Sample: [["1774198200000","1.433","1.433","1.433","1.433","0","0"],["1774198260000","1.433","1.434","1.433","1.434","8","11.472"]]
[2026-03-22T18:29:31.564Z] Fetching 15m candles for DOTUSDT
[2026-03-22T18:29:31.633Z] Fetched 1m candles for BCHUSDT. Sample: [["1774198200000","468.25","468.25","468.18","468.24","0.47","220.0675"],["1774198260000","468.24","468.24","468.16","468.18","0.28","131.0857"]]
[2026-03-22T18:29:31.647Z] Fetching 15m candles for BCHUSDT
[2026-03-22T18:29:31.686Z] Fetched 1m candles for ETHUSDT. Sample: [["1774198200000","2081.64","2082","2081.08","2082","617.9","1286151.615"],["1774198260000","2082","2082.3","2081.07","2081.51","226.8","472181.6022"]]
[2026-03-22T18:29:31.702Z] Fetching 15m candles for ETHUSDT
[2026-03-22T18:29:31.723Z] Fetched 1m candles for AVAXUSDT. Sample: [["1774198200000","9.081","9.084","9.081","9.082","85.2","773.9547"],["1774198260000","9.082","9.087","9.082","9.085","11.9","108.1221"]]
[2026-03-22T18:29:31.737Z] Fetching 15m candles for AVAXUSDT
[2026-03-22T18:29:31.756Z] Fetched 1m candles for ETCUSDT. Sample: [["1774198200000","8.115","8.115","8.115","8.115","0","0"],["1774198260000","8.115","8.121","8.115","8.12","10","81.204"]]
[2026-03-22T18:29:31.768Z] Fetching 15m candles for ETCUSDT
[2026-03-22T18:29:31.778Z] Fetched 1m candles for LTCUSDT. Sample: [["1774198200000","54.06","54.06","54.06","54.06","0","0"],["1774198260000","54.06","54.06","54.06","54.06","0","0"]]
[2026-03-22T18:29:31.786Z] Fetching 15m candles for LTCUSDT
[2026-03-22T18:29:31.796Z] Fetched 1m candles for ADAUSDT. Sample: [["1774198200000","0.2546","0.2546","0.2545","0.2545","13681","3483.0977"],["1774198260000","0.2545","0.2546","0.2545","0.2545","16556","4215.0311"]]
[2026-03-22T18:29:31.803Z] Fetching 15m candles for ADAUSDT
[2026-03-22T18:29:31.807Z] Fetched 1m candles for SOLUSDT. Sample: [["1774198200000","87.412","87.449","87.4","87.449","1074","93890.2502"],["1774198260000","87.449","87.449","87.39","87.441","336.8","29438.0213"]]
[2026-03-22T18:29:31.814Z] Fetching 15m candles for SOLUSDT
[2026-03-22T18:29:31.822Z] Fetched 1m candles for XRPUSDT. Sample: [["1774198200000","1.3935","1.3938","1.3931","1.3938","37857","52741.2418"],["1774198260000","1.3938","1.3939","1.3931","1.3936","3840","5351.8915"]]
[2026-03-22T18:29:31.857Z] Fetching 15m candles for XRPUSDT
[2026-03-22T18:29:31.872Z] Fetched 1m candles for DOGEUSDT. Sample: [["1774198200000","0.09157","0.09163","0.09157","0.09163","22684","2077.49905"],["1774198260000","0.09163","0.09164","0.09159","0.09163","38655","3541.47035"]]
[2026-03-22T18:29:31.884Z] Fetching 15m candles for DOGEUSDT
[2026-03-22T18:29:31.889Z] Fetched 1m candles for OPUSDT. Sample: [["1774198200000","0.1159","0.116","0.1159","0.116","20661.5","2396.734"],["1774198260000","0.116","0.116","0.116","0.116","10039.1","1164.5356"]]
[2026-03-22T18:29:31.900Z] Fetching 15m candles for OPUSDT
[2026-03-22T18:29:31.915Z] Fetched 1m candles for FILUSDT. Sample: [["1774198200000","0.8769","0.8775","0.8769","0.8773","1031.3","904.81317"],["1774198260000","0.8773","0.8774","0.8772","0.8774","400.1","350.99769"]]
[2026-03-22T18:29:31.921Z] Fetching 15m candles for FILUSDT
[2026-03-22T18:29:31.931Z] Fetched 1m candles for BNBUSDT. Sample: [["1774198200000","629.73","629.93","629.73","629.93","0.04","25.1972"],["1774198260000","629.93","630.04","629.93","630.04","0.07","44.1028"]]
[2026-03-22T18:29:31.938Z] Fetching 15m candles for BNBUSDT
[2026-03-22T18:29:31.954Z] Fetched 1m candles for VETUSDT. Sample: [["1774198200000","0.006945","0.006947","0.006945","0.006947","5428","37.708316"],["1774198260000","0.006947","0.006947","0.006947","0.006947","0","0"]]
[2026-03-22T18:29:31.961Z] Fetching 15m candles for VETUSDT
[2026-03-22T18:29:31.971Z] Fetched 1m candles for LINKUSDT. Sample: [["1774198200000","8.777","8.784","8.777","8.783","539","4732.973"],["1774198260000","8.783","8.783","8.78","8.78","3","26.34"]]
[2026-03-22T18:29:31.982Z] Fetching 15m candles for LINKUSDT
[2026-03-22T18:29:32.003Z] Fetched 1m candles for XLMUSDT. Sample: [["1774198200000","0.15766","0.15768","0.15764","0.15768","46773","7373.81323"],["1774198260000","0.15768","0.1577","0.15762","0.15765","103957","16390.64383"]]
[2026-03-22T18:29:32.032Z] Fetching 15m candles for XLMUSDT
[2026-03-22T18:29:32.078Z] Fetched 1m candles for frxAUDCHF. Sample: [[1774034160000,0.55301,0.55301,0.55296,0.55299],[1774034220000,0.553,0.553,0.55288,0.55293]]
[2026-03-22T18:29:32.081Z] Fetching 15m candles for frxAUDCHF
[2026-03-22T18:29:32.087Z] DEBUG: getCandles called for symbol: frxAUDCHF, timeframe: 15m
[2026-03-22T18:29:32.112Z] Fetching 4H candles for BTCUSDT
[2026-03-22T18:29:32.138Z] Fetched 1m candles for TRXUSDT. Sample: [["1774198200000","0.31682","0.31701","0.31658","0.31658","283394","89827.28829"],["1774198260000","0.31658","0.31675","0.31658","0.31671","2012","637.16673"]]
[2026-03-22T18:29:32.149Z] Fetching 15m candles for TRXUSDT
[2026-03-22T18:29:32.170Z] Fetched 1m candles for frxUSDCHF. Sample: [[1774034160000,0.78843,0.78856,0.78839,0.78855],[1774034220000,0.78855,0.7886,0.78837,0.78841]]
[2026-03-22T18:29:32.180Z] Fetching 15m candles for frxUSDCHF
[2026-03-22T18:29:32.184Z] DEBUG: getCandles called for symbol: frxUSDCHF, timeframe: 15m
[2026-03-22T18:29:32.237Z] Fetched 1m candles for frxEURNZD. Sample: [[1774034160000,1.98414,1.9845,1.98414,1.98442],[1774034220000,1.98442,1.98472,1.98432,1.98447]]
[2026-03-22T18:29:32.244Z] Fetching 15m candles for frxEURNZD
[2026-03-22T18:29:32.248Z] DEBUG: getCandles called for symbol: frxEURNZD, timeframe: 15m
[2026-03-22T18:29:32.262Z] Fetching 4H candles for ICPUSDT
[2026-03-22T18:29:32.270Z] Fetching 4H candles for UNIUSDT
[2026-03-22T18:29:32.281Z] Fetched 1m candles for frxEURUSD. Sample: [[1774034160000,1.15545,1.15549,1.15527,1.15529],[1774034220000,1.1553,1.15559,1.15526,1.15555]]
[2026-03-22T18:29:32.301Z] Fetching 15m candles for frxEURUSD
[2026-03-22T18:29:32.315Z] DEBUG: getCandles called for symbol: frxEURUSD, timeframe: 15m
[2026-03-22T18:29:32.410Z] Fetched 1m candles for frxGBPUSD. Sample: [[1774034160000,1.3334,1.33348,1.33319,1.33323],[1774034220000,1.33324,1.33339,1.33305,1.33335]]
[2026-03-22T18:29:32.416Z] Fetching 15m candles for frxGBPUSD
[2026-03-22T18:29:32.421Z] DEBUG: getCandles called for symbol: frxGBPUSD, timeframe: 15m
[2026-03-22T18:29:32.434Z] Fetched 1m candles for frxAUDNZD. Sample: [[1774034160000,1.20446,1.20464,1.20444,1.20457],[1774034220000,1.20458,1.20458,1.20436,1.20441]]
[2026-03-22T18:29:32.448Z] Fetching 15m candles for frxAUDNZD
[2026-03-22T18:29:32.453Z] DEBUG: getCandles called for symbol: frxAUDNZD, timeframe: 15m
[2026-03-22T18:29:32.564Z] Fetched 1m candles for frxUSDCAD. Sample: [[1774034160000,1.37194,1.372,1.37192,1.37198],[1774034220000,1.37199,1.3721,1.3718,1.37182]]
[2026-03-22T18:29:32.570Z] Fetching 15m candles for frxUSDCAD
[2026-03-22T18:29:32.586Z] DEBUG: getCandles called for symbol: frxUSDCAD, timeframe: 15m
[2026-03-22T18:29:32.635Z] Fetching 4H candles for BCHUSDT
[2026-03-22T18:29:32.649Z] Fetching 4H candles for DOTUSDT
[2026-03-22T18:29:32.660Z] Fetching 4H candles for ETHUSDT
[2026-03-22T18:29:32.682Z] Fetching 4H candles for ETCUSDT
[2026-03-22T18:29:32.731Z] Fetching 4H candles for ADAUSDT
[2026-03-22T18:29:32.766Z] Fetching 4H candles for LTCUSDT
[2026-03-22T18:29:32.785Z] Fetching 4H candles for SOLUSDT
[2026-03-22T18:29:32.801Z] Fetching 4H candles for AVAXUSDT
[2026-03-22T18:29:32.819Z] Fetched 1m candles for frxAUDCAD. Sample: [[1774034160000,0.96226,0.96231,0.96206,0.9621],[1774034220000,0.96212,0.96214,0.96193,0.96206]]
[2026-03-22T18:29:32.833Z] Fetching 15m candles for frxAUDCAD
[2026-03-22T18:29:32.836Z] DEBUG: getCandles called for symbol: frxAUDCAD, timeframe: 15m
[2026-03-22T18:29:32.846Z] Fetching 4H candles for XRPUSDT
[2026-03-22T18:29:32.851Z] Fetching 4H candles for OPUSDT
[2026-03-22T18:29:32.866Z] Fetching 4H candles for DOGEUSDT
[2026-03-22T18:29:32.973Z] Fetching 4H candles for FILUSDT
[2026-03-22T18:29:32.984Z] Fetching 4H candles for VETUSDT
[2026-03-22T18:29:33.012Z] Fetching 4H candles for BNBUSDT
[2026-03-22T18:29:33.086Z] Fetching 4H candles for LINKUSDT
[2026-03-22T18:29:33.123Z] Fetching 4H candles for XLMUSDT
[2026-03-22T18:29:33.248Z] Fetched 1m candles for frxNZDUSD. Sample: [[1774034160000,0.58234,0.58234,0.58216,0.58218],[1774034220000,0.58219,0.58236,0.5821,0.5823]]
[2026-03-22T18:29:33.255Z] Fetching 15m candles for frxNZDUSD
[2026-03-22T18:29:33.259Z] DEBUG: getCandles called for symbol: frxNZDUSD, timeframe: 15m
[2026-03-22T18:29:33.278Z] Mapping candle data...
[2026-03-22T18:29:33.308Z] Long-term ATR (4H): 461.26464646464615
[2026-03-22T18:29:33.313Z] Calling analyze function...
[2026-03-22T18:29:33.346Z] Analyze function returned: Signal=HOLD, RSI=49.04, EMA=68656.80970906193, ATR=18.376793791328335, Price=68656
[2026-03-22T18:29:33.355Z] Trend Direction: 15m=DOWN, 4h=DOWN
[2026-03-22T18:29:33.359Z] Starting multi-timeframe confirmation...
[2026-03-22T18:29:33.364Z] Adjusted position size with sentiment: 21.68722490
[2026-03-22T18:29:33.373Z] Type of dailyLossCheck: function
[2026-03-22T18:29:33.378Z] USDT available: 27.10903112
[2026-03-22T18:29:33.387Z] Calculated position size (USDT): 21.68722490
[2026-03-22T18:29:33.394Z] Last price: 68656
[2026-03-22T18:29:33.397Z] Calculated quantity: 0.00031588
[2026-03-22T18:29:33.413Z] No trade executed for BTCUSDT due to signal: HOLD
[2026-03-22T18:29:33.853Z] Fetching 4H candles for TRXUSDT
[2026-03-22T18:29:33.942Z] Mapping candle data...
[2026-03-22T18:29:33.968Z] Long-term ATR (4H): 0.029070707070707073
[2026-03-22T18:29:33.999Z] Calling analyze function...
[2026-03-22T18:29:34.024Z] Analyze function returned: Signal=HOLD, RSI=53.61, EMA=2.3799974020027777, ATR=0.0015037276307905125, Price=2.382
[2026-03-22T18:29:34.043Z] Trend Direction: 15m=DOWN, 4h=DOWN
[2026-03-22T18:29:34.058Z] Starting multi-timeframe confirmation...
[2026-03-22T18:29:34.074Z] Adjusted position size with sentiment: 21.68722490
[2026-03-22T18:29:34.089Z] Type of dailyLossCheck: function
[2026-03-22T18:29:34.129Z] USDT available: 27.10903112
[2026-03-22T18:29:34.218Z] Calculated position size (USDT): 21.68722490
[2026-03-22T18:29:34.282Z] Last price: 2.382
[2026-03-22T18:29:34.336Z] Calculated quantity: 9.10462842
[2026-03-22T18:29:34.357Z] No trade executed for ICPUSDT due to signal: HOLD
[2026-03-22T18:29:34.403Z] Mapping candle data...
[2026-03-22T18:29:34.410Z] Long-term ATR (4H): 0.03450505050505047
[2026-03-22T18:29:34.422Z] Calling analyze function...
[2026-03-22T18:29:34.436Z] Analyze function returned: Signal=HOLD, RSI=52.61, EMA=3.4845916660522693, ATR=0.0008292975989284788, Price=3.485
[2026-03-22T18:29:34.439Z] Trend Direction: 15m=DOWN, 4h=DOWN
[2026-03-22T18:29:34.443Z] Starting multi-timeframe confirmation...
[2026-03-22T18:29:34.454Z] Adjusted position size with sentiment: 21.68722490
[2026-03-22T18:29:34.458Z] Type of dailyLossCheck: function
[2026-03-22T18:29:34.467Z] USDT available: 27.10903112
[2026-03-22T18:29:34.473Z] Calculated position size (USDT): 21.68722490
[2026-03-22T18:29:34.480Z] Last price: 3.485
[2026-03-22T18:29:34.491Z] Calculated quantity: 6.22302006
[2026-03-22T18:29:34.502Z] No trade executed for UNIUSDT due to signal: HOLD
[2026-03-22T18:29:34.580Z] Fetched 1m candles for frxGBPJPY. Sample: [[1774034160000,212.412,212.419,212.39,212.397],[1774034220000,212.397,212.408,212.38,212.401]]
[2026-03-22T18:29:34.585Z] Fetching 15m candles for frxGBPJPY
[2026-03-22T18:29:34.590Z] DEBUG: getCandles called for symbol: frxGBPJPY, timeframe: 15m
[2026-03-22T18:29:34.626Z] Mapping candle data...
[2026-03-22T18:29:34.665Z] Long-term ATR (4H): 0.01541414141414141
[2026-03-22T18:29:34.671Z] Calling analyze function...
[2026-03-22T18:29:34.690Z] Analyze function returned: Signal=HOLD, RSI=50.74, EMA=1.432891506477617, ATR=0.0005663626365436806, Price=1.433
[2026-03-22T18:29:34.713Z] Trend Direction: 15m=DOWN, 4h=DOWN
[2026-03-22T18:29:34.723Z] Starting multi-timeframe confirmation...
[2026-03-22T18:29:34.733Z] Adjusted position size with sentiment: 21.68722490
[2026-03-22T18:29:34.738Z] Type of dailyLossCheck: function
[2026-03-22T18:29:34.753Z] USDT available: 27.10903112
[2026-03-22T18:29:34.770Z] Calculated position size (USDT): 21.68722490
[2026-03-22T18:29:34.789Z] Last price: 1.433
[2026-03-22T18:29:34.802Z] Calculated quantity: 15.13414159
[2026-03-22T18:29:34.815Z] No trade executed for DOTUSDT due to signal: HOLD
[2026-03-22T18:29:34.868Z] Mapping candle data...
[2026-03-22T18:29:34.898Z] Long-term ATR (4H): 2.743737373737374
[2026-03-22T18:29:34.916Z] Calling analyze function...
[2026-03-22T18:29:34.969Z] Analyze function returned: Signal=HOLD, RSI=61.21, EMA=467.32755979223947, ATR=0.12389811705760183, Price=467.56
[2026-03-22T18:29:35.036Z] Trend Direction: 15m=UP, 4h=UP
[2026-03-22T18:29:35.166Z] Starting multi-timeframe confirmation...
[2026-03-22T18:29:35.272Z] Adjusted position size with sentiment: 21.68722490
[2026-03-22T18:29:35.335Z] Type of dailyLossCheck: function
[2026-03-22T18:29:35.363Z] USDT available: 27.10903112
[2026-03-22T18:29:35.369Z] Calculated position size (USDT): 21.68722490
[2026-03-22T18:29:35.385Z] Last price: 467.56
[2026-03-22T18:29:35.400Z] Calculated quantity: 0.04638383
[2026-03-22T18:29:35.420Z] No trade executed for BCHUSDT due to signal: HOLD
[2026-03-22T18:29:35.436Z] Mapping candle data...
[2026-03-22T18:29:35.519Z] Long-term ATR (4H): 0.07031313131313124
[2026-03-22T18:29:35.576Z] Calling analyze function...
[2026-03-22T18:29:35.603Z] Analyze function returned: Signal=HOLD, RSI=37.84, EMA=8.095110762137017, ATR=0.0014924270751774389, Price=8.092
[2026-03-22T18:29:35.676Z] Trend Direction: 15m=DOWN, 4h=DOWN
[2026-03-22T18:29:35.691Z] Starting multi-timeframe confirmation...
[2026-03-22T18:29:35.723Z] Adjusted position size with sentiment: 21.68722490
[2026-03-22T18:29:35.751Z] Type of dailyLossCheck: function
[2026-03-22T18:29:35.765Z] USDT available: 27.10903112
[2026-03-22T18:29:35.770Z] Calculated position size (USDT): 21.68722490
[2026-03-22T18:29:35.845Z] Last price: 8.092
[2026-03-22T18:29:35.865Z] Calculated quantity: 2.68008217
[2026-03-22T18:29:35.876Z] No trade executed for ETCUSDT due to signal: HOLD
[2026-03-22T18:29:35.897Z] Mapping candle data...
[2026-03-22T18:29:35.918Z] Long-term ATR (4H): 0.002516161616161615
[2026-03-22T18:29:35.931Z] Calling analyze function...
[2026-03-22T18:29:35.951Z] Analyze function returned: Signal=HOLD, RSI=50.19, EMA=0.25399585513627343, ATR=0.00010367029728705469, Price=0.254
[2026-03-22T18:29:35.964Z] Trend Direction: 15m=DOWN, 4h=DOWN
[2026-03-22T18:29:35.967Z] Starting multi-timeframe confirmation...
[2026-03-22T18:29:35.978Z] Adjusted position size with sentiment: 21.68722490
[2026-03-22T18:29:35.980Z] Type of dailyLossCheck: function
[2026-03-22T18:29:35.999Z] USDT available: 27.10903112
[2026-03-22T18:29:36.011Z] Calculated position size (USDT): 21.68722490
[2026-03-22T18:29:36.015Z] Last price: 0.254
[2026-03-22T18:29:36.046Z] Calculated quantity: 85.38277518
[2026-03-22T18:29:36.050Z] No trade executed for ADAUSDT due to signal: HOLD
[2026-03-22T18:29:36.101Z] Mapping candle data...
[2026-03-22T18:29:36.128Z] Long-term ATR (4H): 0.35050505050505026
[2026-03-22T18:29:36.166Z] Calling analyze function...
[2026-03-22T18:29:36.196Z] Analyze function returned: Signal=HOLD, RSI=55.88, EMA=54.07861471463574, ATR=0.008613881606224458, Price=54.09
[2026-03-22T18:29:36.216Z] Trend Direction: 15m=DOWN, 4h=DOWN
[2026-03-22T18:29:36.249Z] Starting multi-timeframe confirmation...
[2026-03-22T18:29:36.264Z] Adjusted position size with sentiment: 21.68722490
[2026-03-22T18:29:36.299Z] Type of dailyLossCheck: function
[2026-03-22T18:29:36.333Z] USDT available: 27.10903112
[2026-03-22T18:29:36.346Z] Calculated position size (USDT): 21.68722490
[2026-03-22T18:29:36.366Z] Last price: 54.09
[2026-03-22T18:29:36.393Z] Calculated quantity: 0.40094703
[2026-03-22T18:29:36.431Z] No trade executed for LTCUSDT due to signal: HOLD
[2026-03-22T18:29:36.481Z] Mapping candle data...
[2026-03-22T18:29:36.503Z] Long-term ATR (4H): 0.010823232323232321
[2026-03-22T18:29:36.535Z] Calling analyze function...
[2026-03-22T18:29:36.562Z] Analyze function returned: Signal=HOLD, RSI=49.18, EMA=1.3895967460834315, ATR=0.0005082070553054012, Price=1.3897
[2026-03-22T18:29:36.579Z] Trend Direction: 15m=DOWN, 4h=DOWN
[2026-03-22T18:29:36.599Z] Starting multi-timeframe confirmation...
[2026-03-22T18:29:36.626Z] Adjusted position size with sentiment: 21.68722490
[2026-03-22T18:29:36.643Z] Type of dailyLossCheck: function
[2026-03-22T18:29:36.662Z] USDT available: 27.10903112
[2026-03-22T18:29:36.676Z] Calculated position size (USDT): 21.68722490
[2026-03-22T18:29:36.695Z] Last price: 1.3897
[2026-03-22T18:29:36.707Z] Calculated quantity: 15.60568820
[2026-03-22T18:29:36.710Z] No trade executed for XRPUSDT due to signal: HOLD
[2026-03-22T18:29:36.726Z] Mapping candle data...
[2026-03-22T18:29:36.728Z] Long-term ATR (4H): 0.08825252525252525
[2026-03-22T18:29:36.730Z] Calling analyze function...
[2026-03-22T18:29:36.745Z] Analyze function returned: Signal=HOLD, RSI=52.78, EMA=9.060669595010333, ATR=0.0034278668921890257, Price=9.063
[2026-03-22T18:29:36.759Z] Trend Direction: 15m=DOWN, 4h=DOWN
[2026-03-22T18:29:36.769Z] Starting multi-timeframe confirmation...
[2026-03-22T18:29:36.778Z] Adjusted position size with sentiment: 21.68722490
[2026-03-22T18:29:36.793Z] Type of dailyLossCheck: function
[2026-03-22T18:29:36.811Z] USDT available: 27.10903112
[2026-03-22T18:29:36.847Z] Calculated position size (USDT): 21.68722490
[2026-03-22T18:29:36.860Z] Last price: 9.063
[2026-03-22T18:29:36.895Z] Calculated quantity: 2.39294107
[2026-03-22T18:29:36.925Z] No trade executed for AVAXUSDT due to signal: HOLD
[2026-03-22T18:29:36.937Z] Mapping candle data...
[2026-03-22T18:29:36.947Z] Long-term ATR (4H): 0.010833333333333335
[2026-03-22T18:29:36.962Z] Calling analyze function...
[2026-03-22T18:29:37.028Z] Analyze function returned: Signal=HOLD, RSI=50.18, EMA=0.8716952687179447, ATR=0.00033791976341978377, Price=0.8719
[2026-03-22T18:29:37.057Z] Trend Direction: 15m=DOWN, 4h=DOWN
[2026-03-22T18:29:37.094Z] Starting multi-timeframe confirmation...
[2026-03-22T18:29:37.110Z] Adjusted position size with sentiment: 21.68722490
[2026-03-22T18:29:37.127Z] Type of dailyLossCheck: function
[2026-03-22T18:29:37.145Z] USDT available: 27.10903112
[2026-03-22T18:29:37.193Z] Calculated position size (USDT): 21.68722490
[2026-03-22T18:29:37.248Z] Last price: 0.8719
[2026-03-22T18:29:37.622Z] Calculated quantity: 24.87352322
[2026-03-22T18:29:37.787Z] No trade executed for FILUSDT due to signal: HOLD
[2026-03-22T18:29:37.915Z] Mapping candle data...
[2026-03-22T18:29:37.981Z] Long-term ATR (4H): 0.001272727272727272
[2026-03-22T18:29:38.008Z] Calling analyze function...
[2026-03-22T18:29:38.029Z] Analyze function returned: Signal=HOLD, RSI=62.66, EMA=0.11516862949645108, ATR=0.000046325683623964946, Price=0.1153
[2026-03-22T18:29:38.051Z] Trend Direction: 15m=DOWN, 4h=DOWN
[2026-03-22T18:29:38.074Z] Starting multi-timeframe confirmation...
[2026-03-22T18:29:38.086Z] Adjusted position size with sentiment: 21.68722490
[2026-03-22T18:29:38.107Z] Type of dailyLossCheck: function
[2026-03-22T18:29:38.119Z] USDT available: 27.10903112
[2026-03-22T18:29:38.132Z] Calculated position size (USDT): 21.68722490
[2026-03-22T18:29:38.146Z] Last price: 0.1153
[2026-03-22T18:29:38.181Z] Calculated quantity: 188.09388461
[2026-03-22T18:29:38.194Z] No trade executed for OPUSDT due to signal: HOLD
[2026-03-22T18:29:38.230Z] Mapping candle data...
[2026-03-22T18:29:38.299Z] Long-term ATR (4H): 0.000060979797979797976
[2026-03-22T18:29:38.306Z] Calling analyze function...
[2026-03-22T18:29:38.379Z] Analyze function returned: Signal=HOLD, RSI=84.5, EMA=0.00692857327960628, ATR=0.0000011835362458864092, Price=0.006938
[2026-03-22T18:29:38.415Z] Trend Direction: 15m=DOWN, 4h=DOWN
[2026-03-22T18:29:38.434Z] Starting multi-timeframe confirmation...
[2026-03-22T18:29:38.446Z] Adjusted position size with sentiment: 21.68722490
[2026-03-22T18:29:38.453Z] Type of dailyLossCheck: function
[2026-03-22T18:29:38.460Z] USDT available: 27.10903112
[2026-03-22T18:29:38.479Z] Calculated position size (USDT): 21.68722490
[2026-03-22T18:29:38.485Z] Last price: 0.006938
[2026-03-22T18:29:38.514Z] Calculated quantity: 3125.86118420
[2026-03-22T18:29:38.568Z] No trade executed for VETUSDT due to signal: HOLD
[2026-03-22T18:29:38.599Z] Mapping candle data...
[2026-03-22T18:29:38.620Z] Long-term ATR (4H): 3.558181818181811
[2026-03-22T18:29:38.652Z] Calling analyze function...
[2026-03-22T18:29:38.753Z] Analyze function returned: Signal=HOLD, RSI=63.06, EMA=630.1016149489346, ATR=0.1580128437823541, Price=630.54
[2026-03-22T18:29:38.818Z] Trend Direction: 15m=DOWN, 4h=DOWN
[2026-03-22T18:29:38.835Z] Starting multi-timeframe confirmation...
[2026-03-22T18:29:38.852Z] Adjusted position size with sentiment: 21.68722490
[2026-03-22T18:29:38.861Z] Type of dailyLossCheck: function
[2026-03-22T18:29:38.870Z] USDT available: 27.10903112
[2026-03-22T18:29:38.878Z] Calculated position size (USDT): 21.68722490
[2026-03-22T18:29:38.882Z] Last price: 630.54
[2026-03-22T18:29:38.889Z] Calculated quantity: 0.03439469
[2026-03-22T18:29:38.911Z] No trade executed for BNBUSDT due to signal: HOLD
[2026-03-22T18:29:38.922Z] Fetched 1m candles for frxGBPAUD. Sample: [[1774034160000,1.90102,1.90122,1.90101,1.90116],[1774034220000,1.90114,1.90146,1.90106,1.90115]]
[2026-03-22T18:29:38.935Z] Fetching 15m candles for frxGBPAUD
[2026-03-22T18:29:38.945Z] DEBUG: getCandles called for symbol: frxGBPAUD, timeframe: 15m
[2026-03-22T18:29:38.983Z] Mapping candle data...
[2026-03-22T18:29:39.003Z] Long-term ATR (4H): 18.46010101010103
[2026-03-22T18:29:39.013Z] Calling analyze function...
[2026-03-22T18:29:39.061Z] Analyze function returned: Signal=HOLD, RSI=46.39, EMA=2077.445242698111, ATR=0.7976916050279429, Price=2077.15
[2026-03-22T18:29:39.093Z] Trend Direction: 15m=DOWN, 4h=DOWN
[2026-03-22T18:29:39.101Z] Starting multi-timeframe confirmation...
[2026-03-22T18:29:39.118Z] Adjusted position size with sentiment: 21.68722490
[2026-03-22T18:29:39.161Z] Type of dailyLossCheck: function
[2026-03-22T18:29:39.167Z] USDT available: 27.10903112
[2026-03-22T18:29:39.201Z] Calculated position size (USDT): 21.68722490
[2026-03-22T18:29:39.215Z] Last price: 2077.15
[2026-03-22T18:29:39.224Z] Calculated quantity: 0.01044086
[2026-03-22T18:29:39.242Z] No trade executed for ETHUSDT due to signal: HOLD
[2026-03-22T18:29:39.315Z] Mapping candle data...
[2026-03-22T18:29:39.343Z] Long-term ATR (4H): 0.812303030303031
[2026-03-22T18:29:39.350Z] Calling analyze function...
[2026-03-22T18:29:39.391Z] Analyze function returned: Signal=HOLD, RSI=46.92, EMA=87.20705305462685, ATR=0.036621217167868994, Price=87.193
[2026-03-22T18:29:39.396Z] Trend Direction: 15m=DOWN, 4h=DOWN
[2026-03-22T18:29:39.405Z] Starting multi-timeframe confirmation...
[2026-03-22T18:29:39.410Z] Adjusted position size with sentiment: 21.68722490
[2026-03-22T18:29:39.416Z] Type of dailyLossCheck: function
[2026-03-22T18:29:39.426Z] USDT available: 27.10903112
[2026-03-22T18:29:39.430Z] Calculated position size (USDT): 21.68722490
[2026-03-22T18:29:39.443Z] Last price: 87.193
[2026-03-22T18:29:39.446Z] Calculated quantity: 0.24872667
[2026-03-22T18:29:39.459Z] No trade executed for SOLUSDT due to signal: HOLD
[2026-03-22T18:29:39.472Z] Mapping candle data...
[2026-03-22T18:29:39.479Z] Long-term ATR (4H): 0.0009118181818181807
[2026-03-22T18:29:39.491Z] Calling analyze function...
[2026-03-22T18:29:39.508Z] Analyze function returned: Signal=HOLD, RSI=41.39, EMA=0.09116793100426109, ATR=0.00004296915589726381, Price=0.09113
[2026-03-22T18:29:39.511Z] Trend Direction: 15m=DOWN, 4h=DOWN
[2026-03-22T18:29:39.522Z] Starting multi-timeframe confirmation...
[2026-03-22T18:29:39.525Z] Adjusted position size with sentiment: 21.68722490
[2026-03-22T18:29:39.528Z] Type of dailyLossCheck: function
[2026-03-22T18:29:39.539Z] USDT available: 27.10903112
[2026-03-22T18:29:39.542Z] Calculated position size (USDT): 21.68722490
[2026-03-22T18:29:39.545Z] Last price: 0.09113
[2026-03-22T18:29:39.549Z] Calculated quantity: 237.98117959
[2026-03-22T18:29:39.556Z] No trade executed for DOGEUSDT due to signal: HOLD
[2026-03-22T18:29:39.606Z] Fetched 1m candles for frxUSDPLN. Sample: [[1774034160000,3.7022,3.7024,3.7014,3.7021],[1774034220000,3.7021,3.7025,3.7018,3.702]]
[2026-03-22T18:29:39.613Z] Fetching 15m candles for frxUSDPLN
[2026-03-22T18:29:39.621Z] DEBUG: getCandles called for symbol: frxUSDPLN, timeframe: 15m
[2026-03-22T18:29:39.632Z] Mapping candle data...
[2026-03-22T18:29:39.639Z] Long-term ATR (4H): 0.0011459595959595937
[2026-03-22T18:29:39.643Z] Calling analyze function...
[2026-03-22T18:29:39.668Z] Analyze function returned: Signal=HOLD, RSI=52.96, EMA=0.31775959174165896, ATR=0.00013399179226951738, Price=0.31783
[2026-03-22T18:29:39.677Z] Trend Direction: 15m=UP, 4h=UP
[2026-03-22T18:29:39.698Z] Starting multi-timeframe confirmation...
[2026-03-22T18:29:39.707Z] Adjusted position size with sentiment: 21.68722490
[2026-03-22T18:29:39.721Z] Type of dailyLossCheck: function
[2026-03-22T18:29:39.743Z] USDT available: 27.10903112
[2026-03-22T18:29:39.760Z] Calculated position size (USDT): 21.68722490
[2026-03-22T18:29:39.774Z] Last price: 0.31783
[2026-03-22T18:29:39.777Z] Calculated quantity: 68.23529842
[2026-03-22T18:29:39.789Z] No trade executed for TRXUSDT due to signal: HOLD
[2026-03-22T18:29:39.795Z] Mapping candle data...
[2026-03-22T18:29:39.805Z] Long-term ATR (4H): 0.001398787878787879
[2026-03-22T18:29:39.810Z] Calling analyze function...
[2026-03-22T18:29:39.825Z] Analyze function returned: Signal=HOLD, RSI=45.83, EMA=0.15726910682804832, ATR=0.00005390312462408955, Price=0.15726
[2026-03-22T18:29:39.829Z] Trend Direction: 15m=DOWN, 4h=DOWN
[2026-03-22T18:29:39.834Z] Starting multi-timeframe confirmation...
[2026-03-22T18:29:39.841Z] Adjusted position size with sentiment: 21.68722490
[2026-03-22T18:29:39.853Z] Type of dailyLossCheck: function
[2026-03-22T18:29:39.858Z] USDT available: 27.10903112
[2026-03-22T18:29:39.869Z] Calculated position size (USDT): 21.68722490
[2026-03-22T18:29:39.873Z] Last price: 0.15726
[2026-03-22T18:29:39.876Z] Calculated quantity: 137.90680972
[2026-03-22T18:29:39.879Z] No trade executed for XLMUSDT due to signal: HOLD
[2026-03-22T18:29:39.888Z] Mapping candle data...
[2026-03-22T18:29:39.891Z] Long-term ATR (4H): 0.07332323232323236
[2026-03-22T18:29:39.894Z] Calling analyze function...
[2026-03-22T18:29:39.902Z] Analyze function returned: Signal=HOLD, RSI=58.54, EMA=8.765510028206664, ATR=0.0030380610653710067, Price=8.771
[2026-03-22T18:29:39.904Z] Trend Direction: 15m=DOWN, 4h=DOWN
[2026-03-22T18:29:39.906Z] Starting multi-timeframe confirmation...
[2026-03-22T18:29:39.908Z] Adjusted position size with sentiment: 21.68722490
[2026-03-22T18:29:39.913Z] Type of dailyLossCheck: function
[2026-03-22T18:29:39.919Z] USDT available: 27.10903112
[2026-03-22T18:29:39.922Z] Calculated position size (USDT): 21.68722490
[2026-03-22T18:29:39.929Z] Last price: 8.771
[2026-03-22T18:29:39.939Z] Calculated quantity: 2.47260573
[2026-03-22T18:29:39.949Z] No trade executed for LINKUSDT due to signal: HOLD
[2026-03-22T18:29:39.958Z] Fetched 1m candles for frxGBPNOK. Sample: [[1774033920000,12.76802,12.76802,12.76633,12.76765],[1774033980000,12.76782,12.76797,12.76711,12.76763]]
[2026-03-22T18:29:39.962Z] Fetching 15m candles for frxGBPNOK
[2026-03-22T18:29:39.971Z] DEBUG: getCandles called for symbol: frxGBPNOK, timeframe: 15m
[2026-03-22T18:29:39.976Z] Fetched 1m candles for frxGBPCHF. Sample: [[1774034160000,1.05128,1.05131,1.05125,1.05131],[1774034220000,1.05133,1.05133,1.05119,1.05121]]
[2026-03-22T18:29:39.983Z] Fetching 15m candles for frxGBPCHF
[2026-03-22T18:29:39.989Z] DEBUG: getCandles called for symbol: frxGBPCHF, timeframe: 15m
[2026-03-22T18:29:40.006Z] Fetched 1m candles for frxEURJPY. Sample: [[1774034160000,184.063,184.066,184.048,184.05],[1774034220000,184.049,184.086,184.048,184.082]]
[2026-03-22T18:29:40.011Z] Fetching 15m candles for frxEURJPY
[2026-03-22T18:29:40.021Z] DEBUG: getCandles called for symbol: frxEURJPY, timeframe: 15m
[2026-03-22T18:29:40.040Z] Fetched 1m candles for frxUSDNOK. Sample: [[1774034160000,9.57679,9.57841,9.57645,9.5783],[1774034220000,9.57828,9.57857,9.57675,9.57734]]
[2026-03-22T18:29:40.050Z] Fetching 15m candles for frxUSDNOK
[2026-03-22T18:29:40.057Z] DEBUG: getCandles called for symbol: frxUSDNOK, timeframe: 15m
[2026-03-22T18:29:40.067Z] Fetched 1m candles for frxNZDJPY. Sample: [[1774034160000,92.767,92.767,92.744,92.747],[1774034220000,92.747,92.768,92.738,92.761]]
[2026-03-22T18:29:40.070Z] Fetching 15m candles for frxNZDJPY
[2026-03-22T18:29:40.076Z] DEBUG: getCandles called for symbol: frxNZDJPY, timeframe: 15m
[2026-03-22T18:29:40.088Z] Fetched 1m candles for frxGBPNZD. Sample: [[1774034160000,2.28974,2.29018,2.28974,2.29005],[1774034220000,2.29004,2.29015,2.28959,2.28975]]
[2026-03-22T18:29:40.106Z] Fetching 15m candles for frxGBPNZD
[2026-03-22T18:29:40.118Z] DEBUG: getCandles called for symbol: frxGBPNZD, timeframe: 15m
[2026-03-22T18:29:40.124Z] Fetched 1m candles for frxGBPCAD. Sample: [[1774034160000,1.82922,1.82939,1.82903,1.8291],[1774034220000,1.8291,1.82913,1.82898,1.82901]]
[2026-03-22T18:29:40.128Z] Fetching 15m candles for frxGBPCAD
[2026-03-22T18:29:40.135Z] DEBUG: getCandles called for symbol: frxGBPCAD, timeframe: 15m
[2026-03-22T18:29:40.142Z] Fetched 1m candles for frxUSDMXN. Sample: [[1774034160000,17.9575,17.961,17.9554,17.9603],[1774034220000,17.9604,17.9624,17.954,17.9556]]
[2026-03-22T18:29:40.154Z] Fetching 15m candles for frxUSDMXN
[2026-03-22T18:29:40.160Z] DEBUG: getCandles called for symbol: frxUSDMXN, timeframe: 15m
[2026-03-22T18:29:40.193Z] Fetched 1m candles for frxUSDSEK. Sample: [[1774034160000,9.36208,9.36386,9.36175,9.36376],[1774034220000,9.36371,9.36422,9.36147,9.36177]]
[2026-03-22T18:29:40.208Z] Fetching 15m candles for frxUSDSEK
[2026-03-22T18:29:40.331Z] DEBUG: getCandles called for symbol: frxUSDSEK, timeframe: 15m
[2026-03-22T18:29:40.354Z] Fetching 4H candles for frxAUDJPY
[2026-03-22T18:29:40.384Z] DEBUG: getCandles called for symbol: frxAUDJPY, timeframe: 4H
[2026-03-22T18:29:40.394Z] Fetching 4H candles for frxEURCHF
[2026-03-22T18:29:40.442Z] DEBUG: getCandles called for symbol: frxEURCHF, timeframe: 4H
[2026-03-22T18:29:40.499Z] Fetching 4H candles for frxXAUUSD
[2026-03-22T18:29:40.592Z] DEBUG: getCandles called for symbol: frxXAUUSD, timeframe: 4H
[2026-03-22T18:29:40.643Z] Fetching 4H candles for frxUSDJPY
[2026-03-22T18:29:40.649Z] DEBUG: getCandles called for symbol: frxUSDJPY, timeframe: 4H
[2026-03-22T18:29:40.655Z] Fetching 4H candles for frxXAGUSD
[2026-03-22T18:29:40.660Z] DEBUG: getCandles called for symbol: frxXAGUSD, timeframe: 4H
[2026-03-22T18:29:40.688Z] Fetching 4H candles for frxAUDUSD
[2026-03-22T18:29:40.707Z] DEBUG: getCandles called for symbol: frxAUDUSD, timeframe: 4H
[2026-03-22T18:29:40.715Z] Fetching 4H candles for frxEURGBP
[2026-03-22T18:29:40.718Z] DEBUG: getCandles called for symbol: frxEURGBP, timeframe: 4H
[2026-03-22T18:29:40.724Z] Fetching 4H candles for frxEURAUD
[2026-03-22T18:29:40.728Z] DEBUG: getCandles called for symbol: frxEURAUD, timeframe: 4H
[2026-03-22T18:29:40.735Z] Fetching 4H candles for frxEURCAD
[2026-03-22T18:29:40.737Z] DEBUG: getCandles called for symbol: frxEURCAD, timeframe: 4H
[2026-03-22T18:29:40.742Z] Fetching 4H candles for frxXPDUSD
[2026-03-22T18:29:40.747Z] DEBUG: getCandles called for symbol: frxXPDUSD, timeframe: 4H
[2026-03-22T18:29:40.757Z] Fetching 4H candles for frxXPTUSD
[2026-03-22T18:29:40.823Z] DEBUG: getCandles called for symbol: frxXPTUSD, timeframe: 4H
[2026-03-22T18:29:40.847Z] Fetching 4H candles for frxAUDCHF
[2026-03-22T18:29:40.850Z] DEBUG: getCandles called for symbol: frxAUDCHF, timeframe: 4H
[2026-03-22T18:29:40.857Z] Fetching 4H candles for frxEURNZD
[2026-03-22T18:29:40.865Z] DEBUG: getCandles called for symbol: frxEURNZD, timeframe: 4H
[2026-03-22T18:29:40.873Z] Fetching 4H candles for frxUSDCHF
[2026-03-22T18:29:40.878Z] DEBUG: getCandles called for symbol: frxUSDCHF, timeframe: 4H
[2026-03-22T18:29:40.885Z] Fetching 4H candles for frxEURUSD
[2026-03-22T18:29:40.889Z] DEBUG: getCandles called for symbol: frxEURUSD, timeframe: 4H
[2026-03-22T18:29:40.900Z] Fetching 4H candles for frxGBPUSD
[2026-03-22T18:29:40.903Z] DEBUG: getCandles called for symbol: frxGBPUSD, timeframe: 4H
[2026-03-22T18:29:40.916Z] Fetching 4H candles for frxAUDNZD
[2026-03-22T18:29:40.919Z] DEBUG: getCandles called for symbol: frxAUDNZD, timeframe: 4H
[2026-03-22T18:29:40.930Z] Fetching 4H candles for frxUSDCAD
[2026-03-22T18:29:40.933Z] DEBUG: getCandles called for symbol: frxUSDCAD, timeframe: 4H
[2026-03-22T18:29:40.939Z] Fetching 4H candles for frxAUDCAD
[2026-03-22T18:29:40.943Z] DEBUG: getCandles called for symbol: frxAUDCAD, timeframe: 4H
[2026-03-22T18:29:40.963Z] Fetching 4H candles for frxNZDUSD
[2026-03-22T18:29:40.972Z] DEBUG: getCandles called for symbol: frxNZDUSD, timeframe: 4H
[2026-03-22T18:29:40.994Z] Fetching 4H candles for frxGBPJPY
[2026-03-22T18:29:41.003Z] DEBUG: getCandles called for symbol: frxGBPJPY, timeframe: 4H
[2026-03-22T18:29:41.011Z] Fetching 4H candles for frxGBPAUD
[2026-03-22T18:29:41.015Z] DEBUG: getCandles called for symbol: frxGBPAUD, timeframe: 4H
[2026-03-22T18:29:41.023Z] Fetching 4H candles for frxUSDPLN
[2026-03-22T18:29:41.031Z] DEBUG: getCandles called for symbol: frxUSDPLN, timeframe: 4H
[2026-03-22T18:29:41.039Z] Fetching 4H candles for frxGBPNOK
[2026-03-22T18:29:41.046Z] DEBUG: getCandles called for symbol: frxGBPNOK, timeframe: 4H
[2026-03-22T18:29:41.100Z] Fetching 4H candles for frxGBPCHF
[2026-03-22T18:29:41.104Z] DEBUG: getCandles called for symbol: frxGBPCHF, timeframe: 4H
[2026-03-22T18:29:41.118Z] Fetching 4H candles for frxEURJPY
[2026-03-22T18:29:41.123Z] DEBUG: getCandles called for symbol: frxEURJPY, timeframe: 4H
[2026-03-22T18:29:41.135Z] Fetching 4H candles for frxGBPNZD
[2026-03-22T18:29:41.143Z] DEBUG: getCandles called for symbol: frxGBPNZD, timeframe: 4H
[2026-03-22T18:29:41.154Z] Fetching 4H candles for frxUSDNOK
[2026-03-22T18:29:41.159Z] DEBUG: getCandles called for symbol: frxUSDNOK, timeframe: 4H
[2026-03-22T18:29:41.168Z] Fetching 4H candles for frxUSDMXN
[2026-03-22T18:29:41.171Z] DEBUG: getCandles called for symbol: frxUSDMXN, timeframe: 4H
[2026-03-22T18:29:41.182Z] Fetching 4H candles for frxGBPCAD
[2026-03-22T18:29:41.200Z] DEBUG: getCandles called for symbol: frxGBPCAD, timeframe: 4H
[2026-03-22T18:29:41.209Z] Fetching 4H candles for frxNZDJPY
[2026-03-22T18:29:41.223Z] DEBUG: getCandles called for symbol: frxNZDJPY, timeframe: 4H
[2026-03-22T18:29:41.246Z] Fetching 4H candles for frxUSDSEK
[2026-03-22T18:29:41.250Z] DEBUG: getCandles called for symbol: frxUSDSEK, timeframe: 4H
[2026-03-22T18:29:41.258Z] Mapping candle data...
[2026-03-22T18:29:41.264Z] Long-term ATR (4H): 0.21768421052631576
[2026-03-22T18:29:41.268Z] Calling analyze function...
[2026-03-22T18:29:41.279Z] Analyze function returned: Signal=HOLD, RSI=51.13, EMA=111.8300316748268, ATR=0.02178300751901507, Price=111.826
[2026-03-22T18:29:41.282Z] Trend Direction: 15m=DOWN, 4h=UP
[2026-03-22T18:29:41.286Z] Starting multi-timeframe confirmation...
[2026-03-22T18:29:41.289Z] Adjusted position size with sentiment: 21.68722490
[2026-03-22T18:29:41.297Z] Type of dailyLossCheck: function
[2026-03-22T18:29:41.302Z] USDT available: 27.10903112
[2026-03-22T18:29:41.309Z] Calculated position size (USDT): 21.68722490
[2026-03-22T18:29:41.315Z] Last price: 111.826
[2026-03-22T18:29:41.318Z] Calculated quantity: 0.19393723
[2026-03-22T18:29:41.322Z] No trade executed for frxAUDJPY due to signal: HOLD
[2026-03-22T18:29:41.334Z] Mapping candle data...
[2026-03-22T18:29:41.336Z] Long-term ATR (4H): 0.0007406578947368502
[2026-03-22T18:29:41.341Z] Calling analyze function...
[2026-03-22T18:29:41.350Z] Analyze function returned: Signal=HOLD, RSI=66.66, EMA=0.9115412845754698, ATR=0.00006559095226684298, Price=0.91169
[2026-03-22T18:29:41.353Z] Trend Direction: 15m=DOWN, 4h=UP
[2026-03-22T18:29:41.360Z] Starting multi-timeframe confirmation...
[2026-03-22T18:29:41.365Z] Adjusted position size with sentiment: 21.68722490
[2026-03-22T18:29:41.368Z] Type of dailyLossCheck: function
[2026-03-22T18:29:41.370Z] USDT available: 27.10903112
[2026-03-22T18:29:41.380Z] Calculated position size (USDT): 21.68722490
[2026-03-22T18:29:41.381Z] Last price: 0.91169
[2026-03-22T18:29:41.383Z] Calculated quantity: 23.78793767
[2026-03-22T18:29:41.386Z] No trade executed for frxEURCHF due to signal: HOLD
[2026-03-22T18:29:41.391Z] Mapping candle data...
[2026-03-22T18:29:41.395Z] Long-term ATR (4H): 27.17039473684208
[2026-03-22T18:29:41.397Z] Calling analyze function...
[2026-03-22T18:29:41.404Z] Analyze function returned: Signal=HOLD, RSI=43.04, EMA=4500.529119332874, ATR=3.034370902174315, Price=4498.01
[2026-03-22T18:29:41.407Z] Trend Direction: 15m=DOWN, 4h=DOWN
[2026-03-22T18:29:41.413Z] Starting multi-timeframe confirmation...
[2026-03-22T18:29:41.416Z] Adjusted position size with sentiment: 44.98010000
[2026-03-22T18:29:41.420Z] Type of dailyLossCheck: function
[2026-03-22T18:29:41.422Z] USDT available: 27.10903112
[2026-03-22T18:29:41.431Z] Calculated position size (USDT): 44.98010000
[2026-03-22T18:29:41.440Z] Last price: 4498.01
[2026-03-22T18:29:41.446Z] Calculated quantity: 0.01000000
[2026-03-22T18:29:41.452Z] No trade executed for frxXAUUSD due to signal: HOLD
[2026-03-22T18:29:41.468Z] Mapping candle data...
[2026-03-22T18:29:41.470Z] Long-term ATR (4H): 0.21769736842105358
[2026-03-22T18:29:41.473Z] Calling analyze function...
[2026-03-22T18:29:41.484Z] Analyze function returned: Signal=HOLD, RSI=27.62, EMA=159.28885631293846, ATR=0.013069059057638024, Price=159.242
[2026-03-22T18:29:41.487Z] Trend Direction: 15m=UP, 4h=UP
[2026-03-22T18:29:41.491Z] Starting multi-timeframe confirmation...
[2026-03-22T18:29:41.495Z] Adjusted position size with sentiment: 21.68722490
[2026-03-22T18:29:41.498Z] Type of dailyLossCheck: function
[2026-03-22T18:29:41.509Z] USDT available: 27.10903112
[2026-03-22T18:29:41.512Z] Calculated position size (USDT): 21.68722490
[2026-03-22T18:29:41.530Z] Last price: 159.242
[2026-03-22T18:29:41.536Z] Calculated quantity: 0.13619036
[2026-03-22T18:29:41.540Z] No trade executed for frxUSDJPY due to signal: HOLD
[2026-03-22T18:29:41.547Z] Mapping candle data...
[2026-03-22T18:29:41.549Z] Long-term ATR (4H): 1.0104684210526313
[2026-03-22T18:29:41.552Z] Calling analyze function...
[2026-03-22T18:29:41.564Z] Analyze function returned: Signal=HOLD, RSI=43.63, EMA=68.00021295690647, ATR=0.08321189429656936, Price=67.917
[2026-03-22T18:29:41.567Z] Trend Direction: 15m=DOWN, 4h=DOWN
[2026-03-22T18:29:41.571Z] Starting multi-timeframe confirmation...
[2026-03-22T18:29:41.579Z] Adjusted position size with sentiment: 21.68722490
[2026-03-22T18:29:41.584Z] Type of dailyLossCheck: function
[2026-03-22T18:29:41.587Z] USDT available: 27.10903112
[2026-03-22T18:29:41.595Z] Calculated position size (USDT): 21.68722490
[2026-03-22T18:29:41.597Z] Last price: 67.917
[2026-03-22T18:29:41.601Z] Calculated quantity: 0.31931954
[2026-03-22T18:29:41.604Z] No trade executed for frxXAGUSD due to signal: HOLD
[2026-03-22T18:29:41.614Z] Mapping candle data...
[2026-03-22T18:29:41.619Z] Long-term ATR (4H): 0.0022593421052631408
[2026-03-22T18:29:41.627Z] Calling analyze function...
[2026-03-22T18:29:41.634Z] Analyze function returned: Signal=HOLD, RSI=69.68, EMA=1.5870165746402547, ATR=0.00024039447241472545, Price=1.58775
[2026-03-22T18:29:41.637Z] Trend Direction: 15m=DOWN, 4h=UP
[2026-03-22T18:29:41.642Z] Starting multi-timeframe confirmation...
[2026-03-22T18:29:41.647Z] Adjusted position size with sentiment: 21.68722490
[2026-03-22T18:29:41.662Z] Type of dailyLossCheck: function
[2026-03-22T18:29:41.669Z] USDT available: 27.10903112
[2026-03-22T18:29:41.677Z] Calculated position size (USDT): 21.68722490
[2026-03-22T18:29:41.682Z] Last price: 1.58775
[2026-03-22T18:29:41.694Z] Calculated quantity: 13.65909299
[2026-03-22T18:29:41.702Z] No trade executed for frxEURCAD due to signal: HOLD
[2026-03-22T18:29:41.716Z] Mapping candle data...
[2026-03-22T18:29:41.720Z] Long-term ATR (4H): 0.0017528947368420922
[2026-03-22T18:29:41.730Z] Calling analyze function...
[2026-03-22T18:29:41.736Z] Analyze function returned: Signal=HOLD, RSI=63.49, EMA=0.7020623389389212, ATR=0.0001221026971157213, Price=0.70225
[2026-03-22T18:29:41.762Z] Trend Direction: 15m=DOWN, 4h=DOWN
[2026-03-22T18:29:41.766Z] Starting multi-timeframe confirmation...
[2026-03-22T18:29:41.780Z] Adjusted position size with sentiment: 21.68722490
[2026-03-22T18:29:41.783Z] Type of dailyLossCheck: function
[2026-03-22T18:29:41.786Z] USDT available: 27.10903112
[2026-03-22T18:29:41.795Z] Calculated position size (USDT): 21.68722490
[2026-03-22T18:29:41.799Z] Last price: 0.70225
[2026-03-22T18:29:41.803Z] Calculated quantity: 30.88248472
[2026-03-22T18:29:41.812Z] No trade executed for frxAUDUSD due to signal: HOLD
[2026-03-22T18:29:41.833Z] Mapping candle data...
[2026-03-22T18:29:41.859Z] Long-term ATR (4H): 0.0024089473684210487
[2026-03-22T18:29:41.881Z] Calling analyze function...
[2026-03-22T18:29:41.900Z] Analyze function returned: Signal=HOLD, RSI=55.51, EMA=1.6473936135412843, ATR=0.0002971193285008095, Price=1.64773
[2026-03-22T18:29:41.908Z] Trend Direction: 15m=UP, 4h=UP
[2026-03-22T18:29:41.910Z] Starting multi-timeframe confirmation...
[2026-03-22T18:29:41.911Z] Adjusted position size with sentiment: 21.68722490
[2026-03-22T18:29:41.913Z] Type of dailyLossCheck: function
[2026-03-22T18:29:41.915Z] USDT available: 27.10903112
[2026-03-22T18:29:41.918Z] Calculated position size (USDT): 21.68722490
[2026-03-22T18:29:41.919Z] Last price: 1.64773
[2026-03-22T18:29:41.924Z] Calculated quantity: 13.16188022
[2026-03-22T18:29:41.929Z] No trade executed for frxEURAUD due to signal: HOLD
[2026-03-22T18:29:41.944Z] Mapping candle data...
[2026-03-22T18:29:41.947Z] Long-term ATR (4H): 15.547105263157906
[2026-03-22T18:29:41.950Z] Calling analyze function...
[2026-03-22T18:29:41.962Z] Analyze function returned: Signal=HOLD, RSI=49.91, EMA=1411.5673268919945, ATR=0.9771874040865356, Price=1411.69
[2026-03-22T18:29:41.964Z] Trend Direction: 15m=DOWN, 4h=DOWN
[2026-03-22T18:29:41.966Z] Starting multi-timeframe confirmation...
[2026-03-22T18:29:41.975Z] Adjusted position size with sentiment: 21.68722490
[2026-03-22T18:29:41.979Z] Type of dailyLossCheck: function
[2026-03-22T18:29:41.982Z] USDT available: 27.10903112
[2026-03-22T18:29:41.992Z] Calculated position size (USDT): 21.68722490
[2026-03-22T18:29:41.997Z] Last price: 1411.69
[2026-03-22T18:29:42.001Z] Calculated quantity: 0.01536260
[2026-03-22T18:29:42.008Z] No trade executed for frxXPDUSD due to signal: HOLD
[2026-03-22T18:29:42.016Z] Mapping candle data...
[2026-03-22T18:29:42.025Z] Long-term ATR (4H): 0.0023874999999999925
[2026-03-22T18:29:42.029Z] Calling analyze function...
[2026-03-22T18:29:42.042Z] Analyze function returned: Signal=HOLD, RSI=67.64, EMA=1.3338678327523712, ATR=0.000165396705569508, Price=1.33432
[2026-03-22T18:29:42.046Z] Trend Direction: 15m=DOWN, 4h=DOWN
[2026-03-22T18:29:42.049Z] Starting multi-timeframe confirmation...
[2026-03-22T18:29:42.057Z] Adjusted position size with sentiment: 21.68722490
[2026-03-22T18:29:42.060Z] Type of dailyLossCheck: function
[2026-03-22T18:29:42.065Z] USDT available: 27.10903112
[2026-03-22T18:29:42.068Z] Calculated position size (USDT): 21.68722490
[2026-03-22T18:29:42.078Z] Last price: 1.33432
[2026-03-22T18:29:42.082Z] Calculated quantity: 16.25339116
[2026-03-22T18:29:42.088Z] No trade executed for frxGBPUSD due to signal: HOLD
[2026-03-22T18:29:42.095Z] Mapping candle data...
[2026-03-22T18:29:42.101Z] Long-term ATR (4H): 0.0012149999999999865
[2026-03-22T18:29:42.107Z] Calling analyze function...
[2026-03-22T18:29:42.126Z] Analyze function returned: Signal=HOLD, RSI=67.65, EMA=1.2044157361033847, ATR=0.00015085975559953358, Price=1.20469
[2026-03-22T18:29:42.132Z] Trend Direction: 15m=DOWN, 4h=UP
[2026-03-22T18:29:42.141Z] Starting multi-timeframe confirmation...
[2026-03-22T18:29:42.144Z] Adjusted position size with sentiment: 21.68722490
[2026-03-22T18:29:42.149Z] Type of dailyLossCheck: function
[2026-03-22T18:29:42.158Z] USDT available: 27.10903112
[2026-03-22T18:29:42.167Z] Calculated position size (USDT): 21.68722490
[2026-03-22T18:29:42.176Z] Last price: 1.20469
[2026-03-22T18:29:42.181Z] Calculated quantity: 18.00232831
[2026-03-22T18:29:42.184Z] No trade executed for frxAUDNZD due to signal: HOLD
[2026-03-22T18:29:42.217Z] Mapping candle data...
[2026-03-22T18:29:42.233Z] Long-term ATR (4H): 0.0005438157894736956
[2026-03-22T18:29:42.260Z] Calling analyze function...
[2026-03-22T18:29:42.288Z] Analyze function returned: Signal=HOLD, RSI=65.35, EMA=0.8670794969664791, ATR=0.00007069512980029764, Price=0.86719
[2026-03-22T18:29:42.311Z] Trend Direction: 15m=UP, 4h=DOWN
[2026-03-22T18:29:42.321Z] Starting multi-timeframe confirmation...
[2026-03-22T18:29:42.342Z] Adjusted position size with sentiment: 21.68722490
[2026-03-22T18:29:42.349Z] Type of dailyLossCheck: function
[2026-03-22T18:29:42.358Z] USDT available: 27.10903112
[2026-03-22T18:29:42.361Z] Calculated position size (USDT): 21.68722490
[2026-03-22T18:29:42.374Z] Last price: 0.86719
[2026-03-22T18:29:42.383Z] Calculated quantity: 25.00861968
[2026-03-22T18:29:42.391Z] No trade executed for frxEURGBP due to signal: HOLD
[2026-03-22T18:29:42.399Z] Mapping candle data...
[2026-03-22T18:29:42.407Z] Long-term ATR (4H): 0.0009110526315789426
[2026-03-22T18:29:42.414Z] Calling analyze function...
[2026-03-22T18:29:42.430Z] Analyze function returned: Signal=HOLD, RSI=53.44, EMA=0.5533267274037208, ATR=0.00009522785202610143, Price=0.55333
[2026-03-22T18:29:42.438Z] Trend Direction: 15m=DOWN, 4h=UP
[2026-03-22T18:29:42.442Z] Starting multi-timeframe confirmation...
[2026-03-22T18:29:42.450Z] Adjusted position size with sentiment: 21.68722490
[2026-03-22T18:29:42.460Z] Type of dailyLossCheck: function
[2026-03-22T18:29:42.480Z] USDT available: 27.10903112
[2026-03-22T18:29:42.492Z] Calculated position size (USDT): 21.68722490
[2026-03-22T18:29:42.499Z] Last price: 0.55333
[2026-03-22T18:29:42.526Z] Calculated quantity: 39.19401604
[2026-03-22T18:29:42.531Z] No trade executed for frxAUDCHF due to signal: HOLD
[2026-03-22T18:29:42.544Z] Mapping candle data...
[2026-03-22T18:29:42.548Z] Long-term ATR (4H): 18.84250000000002
[2026-03-22T18:29:42.557Z] Calling analyze function...
[2026-03-22T18:29:42.572Z] Analyze function returned: Signal=HOLD, RSI=44.91, EMA=1928.9927477665697, ATR=1.3364621669630878, Price=1927.76
[2026-03-22T18:29:42.578Z] Trend Direction: 15m=DOWN, 4h=DOWN
[2026-03-22T18:29:42.588Z] Starting multi-timeframe confirmation...
[2026-03-22T18:29:42.594Z] Adjusted position size with sentiment: 21.68722490
[2026-03-22T18:29:42.718Z] Type of dailyLossCheck: function
[2026-03-22T18:29:42.793Z] USDT available: 27.10903112
[2026-03-22T18:29:42.835Z] Calculated position size (USDT): 21.68722490
[2026-03-22T18:29:42.844Z] Last price: 1927.76
[2026-03-22T18:29:42.856Z] Calculated quantity: 0.01124996
[2026-03-22T18:29:42.861Z] No trade executed for frxXPTUSD due to signal: HOLD
[2026-03-22T18:29:42.865Z] Mapping candle data...
[2026-03-22T18:29:42.908Z] Long-term ATR (4H): 0.0013171052631578914
[2026-03-22T18:29:42.914Z] Calling analyze function...
[2026-03-22T18:29:42.925Z] Analyze function returned: Signal=HOLD, RSI=33.47, EMA=0.788145818729009, ATR=0.00008168061214412084, Price=0.78792
[2026-03-22T18:29:42.927Z] Trend Direction: 15m=DOWN, 4h=UP
[2026-03-22T18:29:42.931Z] Starting multi-timeframe confirmation...
[2026-03-22T18:29:42.938Z] Adjusted position size with sentiment: 21.68722490
[2026-03-22T18:29:42.941Z] Type of dailyLossCheck: function
[2026-03-22T18:29:42.943Z] USDT available: 27.10903112
[2026-03-22T18:29:42.947Z] Calculated position size (USDT): 21.68722490
[2026-03-22T18:29:42.953Z] Last price: 0.78792
[2026-03-22T18:29:42.956Z] Calculated quantity: 27.52465339
[2026-03-22T18:29:42.959Z] No trade executed for frxUSDCHF due to signal: HOLD
[2026-03-22T18:29:42.964Z] Mapping candle data...
[2026-03-22T18:29:42.968Z] Long-term ATR (4H): 0.0013417105263157881
[2026-03-22T18:29:42.974Z] Calling analyze function...
[2026-03-22T18:29:42.990Z] Analyze function returned: Signal=HOLD, RSI=51.47, EMA=1.3722478654873451, ATR=0.00012922538775760013, Price=1.37226
[2026-03-22T18:29:42.993Z] Trend Direction: 15m=DOWN, 4h=UP
[2026-03-22T18:29:43.007Z] Starting multi-timeframe confirmation...
[2026-03-22T18:29:43.017Z] Adjusted position size with sentiment: 21.68722490
[2026-03-22T18:29:43.022Z] Type of dailyLossCheck: function
[2026-03-22T18:29:43.040Z] USDT available: 27.10903112
[2026-03-22T18:29:43.041Z] Calculated position size (USDT): 21.68722490
[2026-03-22T18:29:43.043Z] Last price: 1.37226
[2026-03-22T18:29:43.054Z] Calculated quantity: 15.80402030
[2026-03-22T18:29:43.058Z] No trade executed for frxUSDCAD due to signal: HOLD
[2026-03-22T18:29:43.062Z] Mapping candle data...
[2026-03-22T18:29:43.066Z] Long-term ATR (4H): 0.001967236842105275
[2026-03-22T18:29:43.073Z] Calling analyze function...
[2026-03-22T18:29:43.078Z] Analyze function returned: Signal=HOLD, RSI=73.91, EMA=1.1565639740430431, ATR=0.00013766439267700063, Price=1.15708
[2026-03-22T18:29:43.083Z] Trend Direction: 15m=DOWN, 4h=DOWN
[2026-03-22T18:29:43.087Z] Starting multi-timeframe confirmation...
[2026-03-22T18:29:43.090Z] Adjusted position size with sentiment: 21.68722490
[2026-03-22T18:29:43.100Z] Type of dailyLossCheck: function
[2026-03-22T18:29:43.106Z] USDT available: 27.10903112
[2026-03-22T18:29:43.109Z] Calculated position size (USDT): 21.68722490
[2026-03-22T18:29:43.113Z] Last price: 1.15708
[2026-03-22T18:29:43.120Z] Calculated quantity: 18.74306435
[2026-03-22T18:29:43.135Z] No trade executed for frxEURUSD due to signal: HOLD
[2026-03-22T18:29:43.158Z] Mapping candle data...
[2026-03-22T18:29:43.171Z] Long-term ATR (4H): 0.002662763157894736
[2026-03-22T18:29:43.174Z] Calling analyze function...
[2026-03-22T18:29:43.179Z] Analyze function returned: Signal=HOLD, RSI=68.51, EMA=1.9841558422647145, ATR=0.0002935921174633473, Price=1.98498
[2026-03-22T18:29:43.187Z] Trend Direction: 15m=UP, 4h=UP
[2026-03-22T18:29:43.189Z] Starting multi-timeframe confirmation...
[2026-03-22T18:29:43.192Z] Adjusted position size with sentiment: 21.68722490
[2026-03-22T18:29:43.194Z] Type of dailyLossCheck: function
[2026-03-22T18:29:43.196Z] USDT available: 27.10903112
[2026-03-22T18:29:43.203Z] Calculated position size (USDT): 21.68722490
[2026-03-22T18:29:43.211Z] Last price: 1.98498
[2026-03-22T18:29:43.221Z] Calculated quantity: 10.92566419
[2026-03-22T18:29:43.228Z] No trade executed for frxEURNZD due to signal: HOLD
[2026-03-22T18:29:43.236Z] Mapping candle data...
[2026-03-22T18:29:43.239Z] Long-term ATR (4H): 0.00201184210526316
[2026-03-22T18:29:43.241Z] Calling analyze function...
[2026-03-22T18:29:43.245Z] Analyze function returned: Signal=HOLD, RSI=64.89, EMA=0.9633638135833719, ATR=0.0001720674354108004, Price=0.96369
[2026-03-22T18:29:43.249Z] Trend Direction: 15m=DOWN, 4h=UP
[2026-03-22T18:29:43.257Z] Starting multi-timeframe confirmation...
[2026-03-22T18:29:43.260Z] Adjusted position size with sentiment: 21.68722490
[2026-03-22T18:29:43.262Z] Type of dailyLossCheck: function
[2026-03-22T18:29:43.267Z] USDT available: 27.10903112
[2026-03-22T18:29:43.270Z] Calculated position size (USDT): 21.68722490
[2026-03-22T18:29:43.273Z] Last price: 0.96369
[2026-03-22T18:29:43.276Z] Calculated quantity: 22.50435814
[2026-03-22T18:29:43.278Z] No trade executed for frxAUDCAD due to signal: HOLD
[2026-03-22T18:29:43.288Z] Mapping candle data...
[2026-03-22T18:29:43.291Z] Long-term ATR (4H): 0.0028085526315789464
[2026-03-22T18:29:43.293Z] Calling analyze function...
[2026-03-22T18:29:43.304Z] Analyze function returned: Signal=HOLD, RSI=50.33, EMA=1.8999092272732307, ATR=0.0003430260899591939, Price=1.90005
[2026-03-22T18:29:43.307Z] Trend Direction: 15m=UP, 4h=UP
[2026-03-22T18:29:43.312Z] Starting multi-timeframe confirmation...
[2026-03-22T18:29:43.320Z] Adjusted position size with sentiment: 21.68722490
[2026-03-22T18:29:43.323Z] Type of dailyLossCheck: function
[2026-03-22T18:29:43.327Z] USDT available: 27.10903112
[2026-03-22T18:29:43.335Z] Calculated position size (USDT): 21.68722490
[2026-03-22T18:29:43.338Z] Last price: 1.90005
[2026-03-22T18:29:43.341Z] Calculated quantity: 11.41402852
[2026-03-22T18:29:43.343Z] No trade executed for frxGBPAUD due to signal: HOLD
[2026-03-22T18:29:43.352Z] Mapping candle data...
[2026-03-22T18:29:43.355Z] Long-term ATR (4H): 0.009977631578947382
[2026-03-22T18:29:43.358Z] Calling analyze function...
[2026-03-22T18:29:43.369Z] Analyze function returned: Signal=HOLD, RSI=24.15, EMA=3.6986631719150638, ATR=0.0006986194988003168, Price=3.6965
[2026-03-22T18:29:43.372Z] Trend Direction: 15m=UP, 4h=UP
[2026-03-22T18:29:43.374Z] Starting multi-timeframe confirmation...
[2026-03-22T18:29:43.376Z] Adjusted position size with sentiment: 21.68722490
[2026-03-22T18:29:43.385Z] Type of dailyLossCheck: function
[2026-03-22T18:29:43.390Z] USDT available: 27.10903112
[2026-03-22T18:29:43.394Z] Calculated position size (USDT): 21.68722490
[2026-03-22T18:29:43.399Z] Last price: 3.6965
[2026-03-22T18:29:43.401Z] Calculated quantity: 5.86696196
[2026-03-22T18:29:43.403Z] No trade executed for frxUSDPLN due to signal: HOLD
[2026-03-22T18:29:43.406Z] Mapping candle data...
[2026-03-22T18:29:43.409Z] Long-term ATR (4H): 0.23835526315789335
[2026-03-22T18:29:43.411Z] Calling analyze function...
[2026-03-22T18:29:43.422Z] Analyze function returned: Signal=HOLD, RSI=52.38, EMA=212.46872878664334, ATR=0.02385922434458518, Price=212.476
[2026-03-22T18:29:43.424Z] Trend Direction: 15m=UP, 4h=UP
[2026-03-22T18:29:43.428Z] Starting multi-timeframe confirmation...
[2026-03-22T18:29:43.441Z] Adjusted position size with sentiment: 21.68722490
[2026-03-22T18:29:43.454Z] Type of dailyLossCheck: function
[2026-03-22T18:29:43.457Z] USDT available: 27.10903112
[2026-03-22T18:29:43.462Z] Calculated position size (USDT): 21.68722490
[2026-03-22T18:29:43.469Z] Last price: 212.476
[2026-03-22T18:29:43.472Z] Calculated quantity: 0.10206906
[2026-03-22T18:29:43.476Z] No trade executed for frxGBPJPY due to signal: HOLD
[2026-03-22T18:29:43.485Z] Mapping candle data...
[2026-03-22T18:29:43.487Z] Long-term ATR (4H): 0.0014439473684210579
[2026-03-22T18:29:43.488Z] Calling analyze function...
[2026-03-22T18:29:43.497Z] Analyze function returned: Signal=HOLD, RSI=53.74, EMA=0.582905029874913, ATR=0.00008642877521857425, Price=0.58293
[2026-03-22T18:29:43.501Z] Trend Direction: 15m=DOWN, 4h=DOWN
[2026-03-22T18:29:43.509Z] Starting multi-timeframe confirmation...
[2026-03-22T18:29:43.516Z] Adjusted position size with sentiment: 21.68722490
[2026-03-22T18:29:43.520Z] Type of dailyLossCheck: function
[2026-03-22T18:29:43.527Z] USDT available: 27.10903112
[2026-03-22T18:29:43.537Z] Calculated position size (USDT): 21.68722490
[2026-03-22T18:29:43.538Z] Last price: 0.58293
[2026-03-22T18:29:43.541Z] Calculated quantity: 37.20382361
[2026-03-22T18:29:43.543Z] No trade executed for frxNZDUSD due to signal: HOLD
[2026-03-22T18:29:43.547Z] Mapping candle data...
[2026-03-22T18:29:43.552Z] Long-term ATR (4H): 0.016657236842105242
[2026-03-22T18:29:43.553Z] Calling analyze function...
[2026-03-22T18:29:43.556Z] Analyze function returned: Signal=HOLD, RSI=68.31, EMA=12.761989407397023, ATR=0.0025167504540889465, Price=12.76649
[2026-03-22T18:29:43.559Z] Trend Direction: 15m=UP, 4h=DOWN
[2026-03-22T18:29:43.566Z] Starting multi-timeframe confirmation...
[2026-03-22T18:29:43.572Z] Adjusted position size with sentiment: 21.68722490
[2026-03-22T18:29:43.580Z] Type of dailyLossCheck: function
[2026-03-22T18:29:43.586Z] USDT available: 27.10903112
[2026-03-22T18:29:43.598Z] Calculated position size (USDT): 21.68722490
[2026-03-22T18:29:43.602Z] Last price: 12.76649
[2026-03-22T18:29:43.624Z] Calculated quantity: 1.69876175
[2026-03-22T18:29:43.636Z] No trade executed for frxGBPNOK due to signal: HOLD
[2026-03-22T18:29:43.670Z] Mapping candle data...
[2026-03-22T18:29:43.701Z] Long-term ATR (4H): 0.1998947368421061
[2026-03-22T18:29:43.715Z] Calling analyze function...
[2026-03-22T18:29:43.734Z] Analyze function returned: Signal=HOLD, RSI=60.31, EMA=184.22501537635213, ATR=0.01742600916040626, Price=184.25
[2026-03-22T18:29:43.740Z] Trend Direction: 15m=UP, 4h=UP
[2026-03-22T18:29:43.742Z] Starting multi-timeframe confirmation...
[2026-03-22T18:29:43.750Z] Adjusted position size with sentiment: 21.68722490
[2026-03-22T18:29:43.756Z] Type of dailyLossCheck: function
[2026-03-22T18:29:43.762Z] USDT available: 27.10903112
[2026-03-22T18:29:43.767Z] Calculated position size (USDT): 21.68722490
[2026-03-22T18:29:43.801Z] Last price: 184.25
[2026-03-22T18:29:43.803Z] Calculated quantity: 0.11770543
[2026-03-22T18:29:43.807Z] No trade executed for frxEURJPY due to signal: HOLD
[2026-03-22T18:29:43.815Z] Mapping candle data...
[2026-03-22T18:29:43.818Z] Long-term ATR (4H): 0.0011801315789473545
[2026-03-22T18:29:43.819Z] Calling analyze function...
[2026-03-22T18:29:43.827Z] Analyze function returned: Signal=HOLD, RSI=55.33, EMA=1.0512848462650703, ATR=0.000112326995366551, Price=1.05136
[2026-03-22T18:29:43.831Z] Trend Direction: 15m=DOWN, 4h=UP
[2026-03-22T18:29:43.834Z] Starting multi-timeframe confirmation...
[2026-03-22T18:29:43.836Z] Adjusted position size with sentiment: 21.68722490
[2026-03-22T18:29:43.838Z] Type of dailyLossCheck: function
[2026-03-22T18:29:43.852Z] USDT available: 27.10903112
[2026-03-22T18:29:43.857Z] Calculated position size (USDT): 21.68722490
[2026-03-22T18:29:43.868Z] Last price: 1.05136
[2026-03-22T18:29:43.874Z] Calculated quantity: 20.62778201
[2026-03-22T18:29:43.878Z] No trade executed for frxGBPCHF due to signal: HOLD
[2026-03-22T18:29:43.886Z] Mapping candle data...
[2026-03-22T18:29:43.889Z] Long-term ATR (4H): 0.017794210526315826
[2026-03-22T18:29:43.892Z] Calling analyze function...
[2026-03-22T18:29:43.903Z] Analyze function returned: Signal=HOLD, RSI=44.35, EMA=9.566624400603146, ATR=0.0011776474819125758, Price=9.56577
[2026-03-22T18:29:43.907Z] Trend Direction: 15m=UP, 4h=DOWN
[2026-03-22T18:29:43.908Z] Starting multi-timeframe confirmation...
[2026-03-22T18:29:43.911Z] Adjusted position size with sentiment: 21.68722490
[2026-03-22T18:29:43.914Z] Type of dailyLossCheck: function
[2026-03-22T18:29:43.916Z] USDT available: 27.10903112
[2026-03-22T18:29:43.918Z] Calculated position size (USDT): 21.68722490
[2026-03-22T18:29:43.930Z] Last price: 9.56577
[2026-03-22T18:29:43.951Z] Calculated quantity: 2.26716980
[2026-03-22T18:29:43.956Z] No trade executed for frxUSDNOK due to signal: HOLD
[2026-03-22T18:29:43.978Z] Mapping candle data...
[2026-03-22T18:29:43.987Z] Long-term ATR (4H): 0.003263026315789464
[2026-03-22T18:29:43.994Z] Calling analyze function...
[2026-03-22T18:29:44.106Z] Analyze function returned: Signal=HOLD, RSI=62.34, EMA=2.2883275097966895, ATR=0.00037395549819568174, Price=2.28897
[2026-03-22T18:29:44.378Z] Trend Direction: 15m=UP, 4h=UP
[2026-03-22T18:29:44.530Z] Starting multi-timeframe confirmation...
[2026-03-22T18:29:44.579Z] Adjusted position size with sentiment: 21.68722490
[2026-03-22T18:29:44.655Z] Type of dailyLossCheck: function
[2026-03-22T18:29:44.792Z] USDT available: 27.10903112
[2026-03-22T18:29:44.867Z] Calculated position size (USDT): 21.68722490
[2026-03-22T18:29:44.945Z] Last price: 2.28897
[2026-03-22T18:29:44.994Z] Calculated quantity: 9.47466542
[2026-03-22T18:29:45.030Z] No trade executed for frxGBPNZD due to signal: HOLD
[2026-03-22T18:29:45.131Z] Mapping candle data...
[2026-03-22T18:29:45.178Z] Long-term ATR (4H): 0.05173026315789473
[2026-03-22T18:29:45.209Z] Calling analyze function...
[2026-03-22T18:29:45.314Z] Analyze function returned: Signal=HOLD, RSI=36.04, EMA=17.920155012576025, ATR=0.003201092502371834, Price=17.9171
[2026-03-22T18:29:45.366Z] Trend Direction: 15m=UP, 4h=UP
[2026-03-22T18:29:45.403Z] Starting multi-timeframe confirmation...
[2026-03-22T18:29:45.443Z] Adjusted position size with sentiment: 21.68722490
[2026-03-22T18:29:45.489Z] Type of dailyLossCheck: function
[2026-03-22T18:29:45.530Z] USDT available: 27.10903112
[2026-03-22T18:29:45.577Z] Calculated position size (USDT): 21.68722490
[2026-03-22T18:29:45.626Z] Last price: 17.9171
[2026-03-22T18:29:45.666Z] Calculated quantity: 1.21042049
[2026-03-22T18:29:45.676Z] No trade executed for frxUSDMXN due to signal: HOLD
[2026-03-22T18:29:45.685Z] Mapping candle data...
[2026-03-22T18:29:45.723Z] Long-term ATR (4H): 0.0027544736842105245
[2026-03-22T18:29:45.745Z] Calling analyze function...
[2026-03-22T18:29:46.082Z] Analyze function returned: Signal=HOLD, RSI=68.03, EMA=1.8303284609351014, ATR=0.00026545827137731216, Price=1.83099
[2026-03-22T18:29:46.172Z] Trend Direction: 15m=DOWN, 4h=UP
[2026-03-22T18:29:46.210Z] Starting multi-timeframe confirmation...
[2026-03-22T18:29:46.254Z] Adjusted position size with sentiment: 21.68722490
[2026-03-22T18:29:46.298Z] Type of dailyLossCheck: function
[2026-03-22T18:29:46.348Z] USDT available: 27.10903112
[2026-03-22T18:29:46.411Z] Calculated position size (USDT): 21.68722490
[2026-03-22T18:29:46.481Z] Last price: 1.83099
[2026-03-22T18:29:46.508Z] Calculated quantity: 11.84453487
[2026-03-22T18:29:46.531Z] No trade executed for frxGBPCAD due to signal: HOLD
[2026-03-22T18:29:46.550Z] Mapping candle data...
[2026-03-22T18:29:46.569Z] Long-term ATR (4H): 0.16836842105263186
[2026-03-22T18:29:46.593Z] Calling analyze function...
[2026-03-22T18:29:46.665Z] Analyze function returned: Signal=HOLD, RSI=40.73, EMA=92.84951141123031, ATR=0.01492950662299718, Price=92.827
[2026-03-22T18:29:46.797Z] Trend Direction: 15m=DOWN, 4h=DOWN
[2026-03-22T18:29:46.875Z] Starting multi-timeframe confirmation...
[2026-03-22T18:29:46.907Z] Adjusted position size with sentiment: 21.68722490
[2026-03-22T18:29:46.920Z] Type of dailyLossCheck: function
[2026-03-22T18:29:46.931Z] USDT available: 27.10903112
[2026-03-22T18:29:46.934Z] Calculated position size (USDT): 21.68722490
[2026-03-22T18:29:46.937Z] Last price: 92.827
[2026-03-22T18:29:46.940Z] Calculated quantity: 0.23363057
[2026-03-22T18:29:46.943Z] No trade executed for frxNZDJPY due to signal: HOLD
[2026-03-22T18:29:46.950Z] Mapping candle data...
[2026-03-22T18:29:46.953Z] Long-term ATR (4H): 0.02706000000000006
[2026-03-22T18:29:46.954Z] Calling analyze function...
[2026-03-22T18:29:46.959Z] Analyze function returned: Signal=HOLD, RSI=29.92, EMA=9.348677588201673, ATR=0.001352764130313392, Price=9.34486
[2026-03-22T18:29:46.965Z] Trend Direction: 15m=UP, 4h=UP
[2026-03-22T18:29:46.968Z] Starting multi-timeframe confirmation...
[2026-03-22T18:29:46.970Z] Adjusted position size with sentiment: 21.68722490
[2026-03-22T18:29:46.974Z] Type of dailyLossCheck: function
[2026-03-22T18:29:46.976Z] USDT available: 27.10903112
[2026-03-22T18:29:46.980Z] Calculated position size (USDT): 21.68722490
[2026-03-22T18:29:46.985Z] Last price: 9.34486
[2026-03-22T18:29:46.994Z] Calculated quantity: 2.32076509
[2026-03-22T18:29:47.003Z] No trade executed for frxUSDSEK due to signal: HOLD
[2026-03-22T18:30:35.464Z] runBot function started.
[2026-03-22T18:30:36.887Z] Connected to Deriv WebSocket API
[2026-03-22T18:30:37.304Z] Deriv API Authorized: VRTC6531638
[2026-03-22T18:30:37.454Z] Connected to Deriv API successfully.
[2026-03-22T18:30:38.992Z] Fetched Bitget contract configurations.
[2026-03-22T18:30:39.296Z] Deriv API Contract Configurations written to deriv_active_symbols.json
[2026-03-22T18:30:39.305Z] Fetched Deriv contract configurations.
[2026-03-22T18:30:39.310Z] Deriv Contract Configurations: {
  "WLDAUD": {
    "minTradeNum": 0.01,
    "pricePlace": 5
  },
  "frxAUDCAD": {
    "minTradeNum": 0.01,
    "pricePlace": 5
  },
  "frxAUDCHF": {
    "minTradeNum": 0.01,
    "pricePlace": 5
  },
  "frxAUDJPY": {
    "minTradeNum": 0.01,
    "pricePlace": 5
  },
  "frxAUDNZD": {
    "minTradeNum": 0.01,
    "pricePlace": 5
  },
  "frxAUDUSD": {
    "minTradeNum": 0.01,
    "pricePlace": 5
  },
  "OTC_AS51": {
    "minTradeNum": 0.01,
    "pricePlace": 5
  },
  "cryBTCUSD": {
    "minTradeNum": 0.01,
    "pricePlace": 5
  },
  "RDBEAR": {
    "minTradeNum": 0.01,
    "pricePlace": 5
  },
  "BOOM50": {
    "minTradeNum": 0.01,
    "pricePlace": 5
  },
  "BOOM150N": {
    "minTradeNum": 0.01,
    "pricePlace": 5
  },
  "BOOM300N": {
    "minTradeNum": 0.01,
    "pricePlace": 5
  },
  "BOOM500": {
    "minTradeNum": 0.01,
    "pricePlace": 5
  },
  "BOOM600": {
    "minTradeNum": 0.01,
    "pricePlace": 5
  },
  "BOOM900": {
    "minTradeNum": 0.01,
    "pricePlace": 5
  },
  "BOOM1000": {
    "minTradeNum": 0.01,
    "pricePlace": 5
  },
  "RDBULL": {
    "minTradeNum": 0.01,
    "pricePlace": 5
  },
  "CRASH50": {
    "minTradeNum": 0.01,
    "pricePlace": 5
  },
  "CRASH150N": {
    "minTradeNum": 0.01,
    "pricePlace": 5
  },
  "CRASH300N": {
    "minTradeNum": 0.01,
    "pricePlace": 5
  },
  "CRASH500": {
    "minTradeNum": 0.01,
    "pricePlace": 5
  },
  "CRASH600": {
    "minTradeNum": 0.01,
    "pricePlace": 5
  },
  "CRASH900": {
    "minTradeNum": 0.01,
    "pricePlace": 5
  },
  "CRASH1000": {
    "minTradeNum": 0.01,
    "pricePlace": 5
  },
  "cryETHUSD": {
    "minTradeNum": 0.01,
    "pricePlace": 5
  },
  "WLDEUR": {
    "minTradeNum": 0.01,
    "pricePlace": 5
  },
  "frxEURAUD": {
    "minTradeNum": 0.01,
    "pricePlace": 5
  },
  "frxEURCAD": {
    "minTradeNum": 0.01,
    "pricePlace": 5
  },
  "frxEURCHF": {
    "minTradeNum": 0.01,
    "pricePlace": 5
  },
  "frxEURGBP": {
    "minTradeNum": 0.01,
    "pricePlace": 5
  },
  "frxEURJPY": {
    "minTradeNum": 0.01,
    "pricePlace": 5
  },
  "frxEURNZD": {
    "minTradeNum": 0.01,
    "pricePlace": 5
  },
  "frxEURUSD": {
    "minTradeNum": 0.01,
    "pricePlace": 5
  },
  "OTC_SX5E": {
    "minTradeNum": 0.01,
    "pricePlace": 5
  },
  "OTC_FCHI": {
    "minTradeNum": 0.01,
    "pricePlace": 5
  },
  "WLDGBP": {
    "minTradeNum": 0.01,
    "pricePlace": 5
  },
  "frxGBPAUD": {
    "minTradeNum": 0.01,
    "pricePlace": 5
  },
  "frxGBPCAD": {
    "minTradeNum": 0.01,
    "pricePlace": 5
  },
  "frxGBPCHF": {
    "minTradeNum": 0.01,
    "pricePlace": 5
  },
  "frxGBPJPY": {
    "minTradeNum": 0.01,
    "pricePlace": 5
  },
  "frxGBPNOK": {
    "minTradeNum": 0.01,
    "pricePlace": 5
  },
  "frxGBPNZD": {
    "minTradeNum": 0.01,
    "pricePlace": 5
  },
  "frxGBPUSD": {
    "minTradeNum": 0.01,
    "pricePlace": 5
  },
  "OTC_GDAXI": {
    "minTradeNum": 0.01,
    "pricePlace": 5
  },
  "WLDXAU": {
    "minTradeNum": 0.01,
    "pricePlace": 5
  },
  "frxXAUUSD": {
    "minTradeNum": 0.01,
    "pricePlace": 5
  },
  "OTC_HSI": {
    "minTradeNum": 0.01,
    "pricePlace": 5
  },
  "OTC_N225": {
    "minTradeNum": 0.01,
    "pricePlace": 5
  },
  "JD10": {
    "minTradeNum": 0.01,
    "pricePlace": 5
  },
  "JD25": {
    "minTradeNum": 0.01,
    "pricePlace": 5
  },
  "JD50": {
    "minTradeNum": 0.01,
    "pricePlace": 5
  },
  "JD75": {
    "minTradeNum": 0.01,
    "pricePlace": 5
  },
  "JD100": {
    "minTradeNum": 0.01,
    "pricePlace": 5
  },
  "frxNZDJPY": {
    "minTradeNum": 0.01,
    "pricePlace": 5
  },
  "frxNZDUSD": {
    "minTradeNum": 0.01,
    "pricePlace": 5
  },
  "OTC_AEX": {
    "minTradeNum": 0.01,
    "pricePlace": 5
  },
  "frxXPDUSD": {
    "minTradeNum": 0.01,
    "pricePlace": 5
  },
  "frxXPTUSD": {
    "minTradeNum": 0.01,
    "pricePlace": 5
  },
  "RB100": {
    "minTradeNum": 0.01,
    "pricePlace": 5
  },
  "RB200": {
    "minTradeNum": 0.01,
    "pricePlace": 5
  },
  "frxXAGUSD": {
    "minTradeNum": 0.01,
    "pricePlace": 5
  },
  "stpRNG": {
    "minTradeNum": 0.01,
    "pricePlace": 5
  },
  "stpRNG2": {
    "minTradeNum": 0.01,
    "pricePlace": 5
  },
  "stpRNG3": {
    "minTradeNum": 0.01,
    "pricePlace": 5
  },
  "stpRNG4": {
    "minTradeNum": 0.01,
    "pricePlace": 5
  },
  "stpRNG5": {
    "minTradeNum": 0.01,
    "pricePlace": 5
  },
  "OTC_SSMI": {
    "minTradeNum": 0.01,
    "pricePlace": 5
  },
  "OTC_FTSE": {
    "minTradeNum": 0.01,
    "pricePlace": 5
  },
  "OTC_SPC": {
    "minTradeNum": 0.01,
    "pricePlace": 5
  },
  "OTC_NDX": {
    "minTradeNum": 0.01,
    "pricePlace": 5
  },
  "WLDUSD": {
    "minTradeNum": 0.01,
    "pricePlace": 5
  },
  "frxUSDCAD": {
    "minTradeNum": 0.01,
    "pricePlace": 5
  },
  "frxUSDCHF": {
    "minTradeNum": 0.01,
    "pricePlace": 5
  },
  "frxUSDJPY": {
    "minTradeNum": 0.01,
    "pricePlace": 5
  },
  "frxUSDMXN": {
    "minTradeNum": 0.01,
    "pricePlace": 5
  },
  "frxUSDNOK": {
    "minTradeNum": 0.01,
    "pricePlace": 5
  },
  "frxUSDPLN": {
    "minTradeNum": 0.01,
    "pricePlace": 5
  },
  "frxUSDSEK": {
    "minTradeNum": 0.01,
    "pricePlace": 5
  },
  "1HZ10V": {
    "minTradeNum": 0.01,
    "pricePlace": 5
  },
  "R_10": {
    "minTradeNum": 0.01,
    "pricePlace": 5
  },
  "1HZ15V": {
    "minTradeNum": 0.01,
    "pricePlace": 5
  },
  "1HZ25V": {
    "minTradeNum": 0.01,
    "pricePlace": 5
  },
  "R_25": {
    "minTradeNum": 0.01,
    "pricePlace": 5
  },
  "1HZ30V": {
    "minTradeNum": 0.01,
    "pricePlace": 5
  },
  "1HZ50V": {
    "minTradeNum": 0.01,
    "pricePlace": 5
  },
  "R_50": {
    "minTradeNum": 0.01,
    "pricePlace": 5
  },
  "1HZ75V": {
    "minTradeNum": 0.01,
    "pricePlace": 5
  },
  "R_75": {
    "minTradeNum": 0.01,
    "pricePlace": 5
  },
  "1HZ90V": {
    "minTradeNum": 0.01,
    "pricePlace": 5
  },
  "1HZ100V": {
    "minTradeNum": 0.01,
    "pricePlace": 5
  },
  "R_100": {
    "minTradeNum": 0.01,
    "pricePlace": 5
  },
  "OTC_DJI": {
    "minTradeNum": 0.01,
    "pricePlace": 5
  }
}
[2026-03-22T18:30:39.568Z] Skipping news sentiment fetch. Next fetch in approximately 3 minutes.
[2026-03-22T18:30:39.579Z] Entering symbol loop.
[2026-03-22T18:30:40.039Z] Fetched Bitget balances successfully.
[2026-03-22T18:32:45.704Z] runBot function started.
[2026-03-22T18:32:46.834Z] Connected to Deriv WebSocket API
[2026-03-22T18:32:47.349Z] Deriv API Authorized: VRTC6531638
[2026-03-22T18:32:47.433Z] Connected to Deriv API successfully.
[2026-03-22T18:32:48.804Z] Fetched Bitget contract configurations.
[2026-03-22T18:32:49.361Z] Deriv API Contract Configurations written to deriv_active_symbols.json
[2026-03-22T18:32:49.364Z] Fetched Deriv contract configurations.
[2026-03-22T18:32:49.365Z] Deriv Contract Configurations: {
  "WLDAUD": {
    "minTradeNum": 0.01,
    "pricePlace": 5
  },
  "frxAUDCAD": {
    "minTradeNum": 0.01,
    "pricePlace": 5
  },
  "frxAUDCHF": {
    "minTradeNum": 0.01,
    "pricePlace": 5
  },
  "frxAUDJPY": {
    "minTradeNum": 0.01,
    "pricePlace": 5
  },
  "frxAUDNZD": {
    "minTradeNum": 0.01,
    "pricePlace": 5
  },
  "frxAUDUSD": {
    "minTradeNum": 0.01,
    "pricePlace": 5
  },
  "OTC_AS51": {
    "minTradeNum": 0.01,
    "pricePlace": 5
  },
  "cryBTCUSD": {
    "minTradeNum": 0.01,
    "pricePlace": 5
  },
  "RDBEAR": {
    "minTradeNum": 0.01,
    "pricePlace": 5
  },
  "BOOM50": {
    "minTradeNum": 0.01,
    "pricePlace": 5
  },
  "BOOM150N": {
    "minTradeNum": 0.01,
    "pricePlace": 5
  },
  "BOOM300N": {
    "minTradeNum": 0.01,
    "pricePlace": 5
  },
  "BOOM500": {
    "minTradeNum": 0.01,
    "pricePlace": 5
  },
  "BOOM600": {
    "minTradeNum": 0.01,
    "pricePlace": 5
  },
  "BOOM900": {
    "minTradeNum": 0.01,
    "pricePlace": 5
  },
  "BOOM1000": {
    "minTradeNum": 0.01,
    "pricePlace": 5
  },
  "RDBULL": {
    "minTradeNum": 0.01,
    "pricePlace": 5
  },
  "CRASH50": {
    "minTradeNum": 0.01,
    "pricePlace": 5
  },
  "CRASH150N": {
    "minTradeNum": 0.01,
    "pricePlace": 5
  },
  "CRASH300N": {
    "minTradeNum": 0.01,
    "pricePlace": 5
  },
  "CRASH500": {
    "minTradeNum": 0.01,
    "pricePlace": 5
  },
  "CRASH600": {
    "minTradeNum": 0.01,
    "pricePlace": 5
  },
  "CRASH900": {
    "minTradeNum": 0.01,
    "pricePlace": 5
  },
  "CRASH1000": {
    "minTradeNum": 0.01,
    "pricePlace": 5
  },
  "cryETHUSD": {
    "minTradeNum": 0.01,
    "pricePlace": 5
  },
  "WLDEUR": {
    "minTradeNum": 0.01,
    "pricePlace": 5
  },
  "frxEURAUD": {
    "minTradeNum": 0.01,
    "pricePlace": 5
  },
  "frxEURCAD": {
    "minTradeNum": 0.01,
    "pricePlace": 5
  },
  "frxEURCHF": {
    "minTradeNum": 0.01,
    "pricePlace": 5
  },
  "frxEURGBP": {
    "minTradeNum": 0.01,
    "pricePlace": 5
  },
  "frxEURJPY": {
    "minTradeNum": 0.01,
    "pricePlace": 5
  },
  "frxEURNZD": {
    "minTradeNum": 0.01,
    "pricePlace": 5
  },
  "frxEURUSD": {
    "minTradeNum": 0.01,
    "pricePlace": 5
  },
  "OTC_SX5E": {
    "minTradeNum": 0.01,
    "pricePlace": 5
  },
  "OTC_FCHI": {
    "minTradeNum": 0.01,
    "pricePlace": 5
  },
  "WLDGBP": {
    "minTradeNum": 0.01,
    "pricePlace": 5
  },
  "frxGBPAUD": {
    "minTradeNum": 0.01,
    "pricePlace": 5
  },
  "frxGBPCAD": {
    "minTradeNum": 0.01,
    "pricePlace": 5
  },
  "frxGBPCHF": {
    "minTradeNum": 0.01,
    "pricePlace": 5
  },
  "frxGBPJPY": {
    "minTradeNum": 0.01,
    "pricePlace": 5
  },
  "frxGBPNOK": {
    "minTradeNum": 0.01,
    "pricePlace": 5
  },
  "frxGBPNZD": {
    "minTradeNum": 0.01,
    "pricePlace": 5
  },
  "frxGBPUSD": {
    "minTradeNum": 0.01,
    "pricePlace": 5
  },
  "OTC_GDAXI": {
    "minTradeNum": 0.01,
    "pricePlace": 5
  },
  "WLDXAU": {
    "minTradeNum": 0.01,
    "pricePlace": 5
  },
  "frxXAUUSD": {
    "minTradeNum": 0.01,
    "pricePlace": 5
  },
  "OTC_HSI": {
    "minTradeNum": 0.01,
    "pricePlace": 5
  },
  "OTC_N225": {
    "minTradeNum": 0.01,
    "pricePlace": 5
  },
  "JD10": {
    "minTradeNum": 0.01,
    "pricePlace": 5
  },
  "JD25": {
    "minTradeNum": 0.01,
    "pricePlace": 5
  },
  "JD50": {
    "minTradeNum": 0.01,
    "pricePlace": 5
  },
  "JD75": {
    "minTradeNum": 0.01,
    "pricePlace": 5
  },
  "JD100": {
    "minTradeNum": 0.01,
    "pricePlace": 5
  },
  "frxNZDJPY": {
    "minTradeNum": 0.01,
    "pricePlace": 5
  },
  "frxNZDUSD": {
    "minTradeNum": 0.01,
    "pricePlace": 5
  },
  "OTC_AEX": {
    "minTradeNum": 0.01,
    "pricePlace": 5
  },
  "frxXPDUSD": {
    "minTradeNum": 0.01,
    "pricePlace": 5
  },
  "frxXPTUSD": {
    "minTradeNum": 0.01,
    "pricePlace": 5
  },
  "RB100": {
    "minTradeNum": 0.01,
    "pricePlace": 5
  },
  "RB200": {
    "minTradeNum": 0.01,
    "pricePlace": 5
  },
  "frxXAGUSD": {
    "minTradeNum": 0.01,
    "pricePlace": 5
  },
  "stpRNG": {
    "minTradeNum": 0.01,
    "pricePlace": 5
  },
  "stpRNG2": {
    "minTradeNum": 0.01,
    "pricePlace": 5
  },
  "stpRNG3": {
    "minTradeNum": 0.01,
    "pricePlace": 5
  },
  "stpRNG4": {
    "minTradeNum": 0.01,
    "pricePlace": 5
  },
  "stpRNG5": {
    "minTradeNum": 0.01,
    "pricePlace": 5
  },
  "OTC_SSMI": {
    "minTradeNum": 0.01,
    "pricePlace": 5
  },
  "OTC_FTSE": {
    "minTradeNum": 0.01,
    "pricePlace": 5
  },
  "OTC_SPC": {
    "minTradeNum": 0.01,
    "pricePlace": 5
  },
  "OTC_NDX": {
    "minTradeNum": 0.01,
    "pricePlace": 5
  },
  "WLDUSD": {
    "minTradeNum": 0.01,
    "pricePlace": 5
  },
  "frxUSDCAD": {
    "minTradeNum": 0.01,
    "pricePlace": 5
  },
  "frxUSDCHF": {
    "minTradeNum": 0.01,
    "pricePlace": 5
  },
  "frxUSDJPY": {
    "minTradeNum": 0.01,
    "pricePlace": 5
  },
  "frxUSDMXN": {
    "minTradeNum": 0.01,
    "pricePlace": 5
  },
  "frxUSDNOK": {
    "minTradeNum": 0.01,
    "pricePlace": 5
  },
  "frxUSDPLN": {
    "minTradeNum": 0.01,
    "pricePlace": 5
  },
  "frxUSDSEK": {
    "minTradeNum": 0.01,
    "pricePlace": 5
  },
  "1HZ10V": {
    "minTradeNum": 0.01,
    "pricePlace": 5
  },
  "R_10": {
    "minTradeNum": 0.01,
    "pricePlace": 5
  },
  "1HZ15V": {
    "minTradeNum": 0.01,
    "pricePlace": 5
  },
  "1HZ25V": {
    "minTradeNum": 0.01,
    "pricePlace": 5
  },
  "R_25": {
    "minTradeNum": 0.01,
    "pricePlace": 5
  },
  "1HZ30V": {
    "minTradeNum": 0.01,
    "pricePlace": 5
  },
  "1HZ50V": {
    "minTradeNum": 0.01,
    "pricePlace": 5
  },
  "R_50": {
    "minTradeNum": 0.01,
    "pricePlace": 5
  },
  "1HZ75V": {
    "minTradeNum": 0.01,
    "pricePlace": 5
  },
  "R_75": {
    "minTradeNum": 0.01,
    "pricePlace": 5
  },
  "1HZ90V": {
    "minTradeNum": 0.01,
    "pricePlace": 5
  },
  "1HZ100V": {
    "minTradeNum": 0.01,
    "pricePlace": 5
  },
  "R_100": {
    "minTradeNum": 0.01,
    "pricePlace": 5
  },
  "OTC_DJI": {
    "minTradeNum": 0.01,
    "pricePlace": 5
  }
}
[2026-03-22T18:32:49.489Z] Skipping news sentiment fetch. Next fetch in approximately 3 minutes.
[2026-03-22T18:32:49.491Z] Entering symbol loop.
[2026-03-22T18:32:50.376Z] Fetched Bitget balances successfully.
[2026-03-22T18:32:50.669Z] Fetched Deriv balances successfully.
[2026-03-22T18:32:50.700Z] Initial balance set to: 27.11 USDT
[2026-03-22T18:32:50.725Z] Current Balance: 27.11 USDT, Initial Balance: 27.11 USDT, Peak Balance: 27.11 USDT
[2026-03-22T18:32:50.734Z] Daily Loss Percent: 0.00%, Total Drawdown Percent: 0.00%
[2026-03-22T18:32:50.794Z] Processing symbol: BTCUSDT
[2026-03-22T18:32:50.801Z] Fetching 1m candles for BTCUSDT
[2026-03-22T18:32:50.812Z] Processing symbol: ETHUSDT
[2026-03-22T18:32:50.816Z] Fetching 1m candles for ETHUSDT
[2026-03-22T18:32:50.824Z] Processing symbol: XRPUSDT
[2026-03-22T18:32:50.832Z] Fetching 1m candles for XRPUSDT
[2026-03-22T18:32:50.836Z] Processing symbol: ADAUSDT
[2026-03-22T18:32:50.848Z] Fetching 1m candles for ADAUSDT
[2026-03-22T18:32:50.850Z] Processing symbol: SOLUSDT
[2026-03-22T18:32:50.852Z] Fetching 1m candles for SOLUSDT
[2026-03-22T18:32:50.861Z] Processing symbol: DOGEUSDT
[2026-03-22T18:32:50.863Z] Fetching 1m candles for DOGEUSDT
[2026-03-22T18:32:50.866Z] Processing symbol: DOTUSDT
[2026-03-22T18:32:50.867Z] Fetching 1m candles for DOTUSDT
[2026-03-22T18:32:50.870Z] Processing symbol: LTCUSDT
[2026-03-22T18:32:50.877Z] Fetching 1m candles for LTCUSDT
[2026-03-22T18:32:50.880Z] Processing symbol: BCHUSDT
[2026-03-22T18:32:50.881Z] Fetching 1m candles for BCHUSDT
[2026-03-22T18:32:50.883Z] Processing symbol: LINKUSDT
[2026-03-22T18:32:50.886Z] Fetching 1m candles for LINKUSDT
[2026-03-22T18:32:50.895Z] Processing symbol: TRXUSDT
[2026-03-22T18:32:50.897Z] Fetching 1m candles for TRXUSDT
[2026-03-22T18:32:50.899Z] Processing symbol: UNIUSDT
[2026-03-22T18:32:50.901Z] Fetching 1m candles for UNIUSDT
[2026-03-22T18:32:50.907Z] Processing symbol: AVAXUSDT
[2026-03-22T18:32:50.914Z] Fetching 1m candles for AVAXUSDT
[2026-03-22T18:32:50.916Z] Processing symbol: ETCUSDT
[2026-03-22T18:32:50.919Z] Fetching 1m candles for ETCUSDT
[2026-03-22T18:32:50.927Z] Processing symbol: XLMUSDT
[2026-03-22T18:32:50.929Z] Fetching 1m candles for XLMUSDT
[2026-03-22T18:32:50.932Z] Processing symbol: FILUSDT
[2026-03-22T18:32:50.934Z] Fetching 1m candles for FILUSDT
[2026-03-22T18:32:50.942Z] Processing symbol: ICPUSDT
[2026-03-22T18:32:50.944Z] Fetching 1m candles for ICPUSDT
[2026-03-22T18:32:50.946Z] Processing symbol: VETUSDT
[2026-03-22T18:32:50.948Z] Fetching 1m candles for VETUSDT
[2026-03-22T18:32:50.950Z] Processing symbol: BNBUSDT
[2026-03-22T18:32:50.952Z] Fetching 1m candles for BNBUSDT
[2026-03-22T18:32:50.955Z] Processing symbol: OPUSDT
[2026-03-22T18:32:50.962Z] Fetching 1m candles for OPUSDT
[2026-03-22T18:32:50.965Z] Processing symbol: frxXAUUSD
[2026-03-22T18:32:50.967Z] Fetching 1m candles for frxXAUUSD
[2026-03-22T18:32:50.974Z] DEBUG: getCandles called for symbol: frxXAUUSD, timeframe: 1m
[2026-03-22T18:32:50.977Z] Processing symbol: frxXAGUSD
[2026-03-22T18:32:50.979Z] Fetching 1m candles for frxXAGUSD
[2026-03-22T18:32:50.981Z] DEBUG: getCandles called for symbol: frxXAGUSD, timeframe: 1m
[2026-03-22T18:32:50.984Z] Processing symbol: frxXPTUSD
[2026-03-22T18:32:50.989Z] Fetching 1m candles for frxXPTUSD
[2026-03-22T18:32:50.994Z] DEBUG: getCandles called for symbol: frxXPTUSD, timeframe: 1m
[2026-03-22T18:32:50.997Z] Processing symbol: frxXPDUSD
[2026-03-22T18:32:51.000Z] Fetching 1m candles for frxXPDUSD
[2026-03-22T18:32:51.004Z] DEBUG: getCandles called for symbol: frxXPDUSD, timeframe: 1m
[2026-03-22T18:32:51.011Z] Processing symbol: frxAUDUSD
[2026-03-22T18:32:51.013Z] Fetching 1m candles for frxAUDUSD
[2026-03-22T18:32:51.016Z] DEBUG: getCandles called for symbol: frxAUDUSD, timeframe: 1m
[2026-03-22T18:32:51.019Z] Processing symbol: frxEURUSD
[2026-03-22T18:32:51.024Z] Fetching 1m candles for frxEURUSD
[2026-03-22T18:32:51.027Z] DEBUG: getCandles called for symbol: frxEURUSD, timeframe: 1m
[2026-03-22T18:32:51.035Z] Processing symbol: frxGBPUSD
[2026-03-22T18:32:51.041Z] Fetching 1m candles for frxGBPUSD
[2026-03-22T18:32:51.046Z] DEBUG: getCandles called for symbol: frxGBPUSD, timeframe: 1m
[2026-03-22T18:32:51.049Z] Processing symbol: frxUSDJPY
[2026-03-22T18:32:51.059Z] Fetching 1m candles for frxUSDJPY
[2026-03-22T18:32:51.062Z] DEBUG: getCandles called for symbol: frxUSDJPY, timeframe: 1m
[2026-03-22T18:32:51.064Z] Processing symbol: frxUSDCAD
[2026-03-22T18:32:51.068Z] Fetching 1m candles for frxUSDCAD
[2026-03-22T18:32:51.076Z] DEBUG: getCandles called for symbol: frxUSDCAD, timeframe: 1m
[2026-03-22T18:32:51.078Z] Processing symbol: frxUSDCHF
[2026-03-22T18:32:51.081Z] Fetching 1m candles for frxUSDCHF
[2026-03-22T18:32:51.085Z] DEBUG: getCandles called for symbol: frxUSDCHF, timeframe: 1m
[2026-03-22T18:32:51.094Z] Processing symbol: frxAUDCAD
[2026-03-22T18:32:51.096Z] Fetching 1m candles for frxAUDCAD
[2026-03-22T18:32:51.098Z] DEBUG: getCandles called for symbol: frxAUDCAD, timeframe: 1m
[2026-03-22T18:32:51.101Z] Processing symbol: frxAUDCHF
[2026-03-22T18:32:51.110Z] Fetching 1m candles for frxAUDCHF
[2026-03-22T18:32:51.113Z] DEBUG: getCandles called for symbol: frxAUDCHF, timeframe: 1m
[2026-03-22T18:32:51.117Z] Processing symbol: frxAUDJPY
[2026-03-22T18:32:51.126Z] Fetching 1m candles for frxAUDJPY
[2026-03-22T18:32:51.149Z] DEBUG: getCandles called for symbol: frxAUDJPY, timeframe: 1m
[2026-03-22T18:32:51.157Z] Processing symbol: frxAUDNZD
[2026-03-22T18:32:51.176Z] Fetching 1m candles for frxAUDNZD
[2026-03-22T18:32:51.181Z] DEBUG: getCandles called for symbol: frxAUDNZD, timeframe: 1m
[2026-03-22T18:32:51.183Z] Processing symbol: frxEURAUD
[2026-03-22T18:32:51.192Z] Fetching 1m candles for frxEURAUD
[2026-03-22T18:32:51.194Z] DEBUG: getCandles called for symbol: frxEURAUD, timeframe: 1m
[2026-03-22T18:32:51.196Z] Processing symbol: frxEURCAD
[2026-03-22T18:32:51.199Z] Fetching 1m candles for frxEURCAD
[2026-03-22T18:32:51.201Z] DEBUG: getCandles called for symbol: frxEURCAD, timeframe: 1m
[2026-03-22T18:32:51.208Z] Processing symbol: frxEURCHF
[2026-03-22T18:32:51.211Z] Fetching 1m candles for frxEURCHF
[2026-03-22T18:32:51.213Z] DEBUG: getCandles called for symbol: frxEURCHF, timeframe: 1m
[2026-03-22T18:32:51.218Z] Processing symbol: frxEURGBP
[2026-03-22T18:32:51.230Z] Fetching 1m candles for frxEURGBP
[2026-03-22T18:32:51.233Z] DEBUG: getCandles called for symbol: frxEURGBP, timeframe: 1m
[2026-03-22T18:32:51.244Z] Processing symbol: frxEURJPY
[2026-03-22T18:32:51.251Z] Fetching 1m candles for frxEURJPY
[2026-03-22T18:32:51.261Z] DEBUG: getCandles called for symbol: frxEURJPY, timeframe: 1m
[2026-03-22T18:32:51.266Z] Processing symbol: frxEURNZD
[2026-03-22T18:32:51.273Z] Fetching 1m candles for frxEURNZD
[2026-03-22T18:32:51.279Z] DEBUG: getCandles called for symbol: frxEURNZD, timeframe: 1m
[2026-03-22T18:32:51.288Z] Processing symbol: frxGBPAUD
[2026-03-22T18:32:51.295Z] Fetching 1m candles for frxGBPAUD
[2026-03-22T18:32:51.299Z] DEBUG: getCandles called for symbol: frxGBPAUD, timeframe: 1m
[2026-03-22T18:32:51.306Z] Processing symbol: frxGBPCAD
[2026-03-22T18:32:51.313Z] Fetching 1m candles for frxGBPCAD
[2026-03-22T18:32:51.329Z] DEBUG: getCandles called for symbol: frxGBPCAD, timeframe: 1m
[2026-03-22T18:32:51.332Z] Processing symbol: frxGBPCHF
[2026-03-22T18:32:51.343Z] Fetching 1m candles for frxGBPCHF
[2026-03-22T18:32:51.346Z] DEBUG: getCandles called for symbol: frxGBPCHF, timeframe: 1m
[2026-03-22T18:32:51.349Z] Processing symbol: frxGBPJPY
[2026-03-22T18:32:51.355Z] Fetching 1m candles for frxGBPJPY
[2026-03-22T18:32:51.358Z] DEBUG: getCandles called for symbol: frxGBPJPY, timeframe: 1m
[2026-03-22T18:32:51.361Z] Processing symbol: frxGBPNOK
[2026-03-22T18:32:51.364Z] Fetching 1m candles for frxGBPNOK
[2026-03-22T18:32:51.372Z] DEBUG: getCandles called for symbol: frxGBPNOK, timeframe: 1m
[2026-03-22T18:32:51.400Z] Processing symbol: frxGBPNZD
[2026-03-22T18:32:51.412Z] Fetching 1m candles for frxGBPNZD
[2026-03-22T18:32:51.425Z] DEBUG: getCandles called for symbol: frxGBPNZD, timeframe: 1m
[2026-03-22T18:32:51.428Z] Processing symbol: frxNZDJPY
[2026-03-22T18:32:51.431Z] Fetching 1m candles for frxNZDJPY
[2026-03-22T18:32:51.433Z] DEBUG: getCandles called for symbol: frxNZDJPY, timeframe: 1m
[2026-03-22T18:32:51.440Z] Processing symbol: frxNZDUSD
[2026-03-22T18:32:51.455Z] Fetching 1m candles for frxNZDUSD
[2026-03-22T18:32:51.459Z] DEBUG: getCandles called for symbol: frxNZDUSD, timeframe: 1m
[2026-03-22T18:32:51.462Z] Processing symbol: frxUSDMXN
[2026-03-22T18:32:51.471Z] Fetching 1m candles for frxUSDMXN
[2026-03-22T18:32:51.487Z] DEBUG: getCandles called for symbol: frxUSDMXN, timeframe: 1m
[2026-03-22T18:32:51.497Z] Processing symbol: frxUSDNOK
[2026-03-22T18:32:51.510Z] Fetching 1m candles for frxUSDNOK
[2026-03-22T18:32:51.514Z] DEBUG: getCandles called for symbol: frxUSDNOK, timeframe: 1m
[2026-03-22T18:32:51.523Z] Processing symbol: frxUSDPLN
[2026-03-22T18:32:51.531Z] Fetching 1m candles for frxUSDPLN
[2026-03-22T18:32:51.538Z] DEBUG: getCandles called for symbol: frxUSDPLN, timeframe: 1m
[2026-03-22T18:32:51.544Z] Processing symbol: frxUSDSEK
[2026-03-22T18:32:51.557Z] Fetching 1m candles for frxUSDSEK
[2026-03-22T18:32:51.560Z] DEBUG: getCandles called for symbol: frxUSDSEK, timeframe: 1m
[2026-03-22T18:32:51.970Z] Fetched 1m candles for BTCUSDT. Sample: [["1774198380000","68782","68800","68782","68798.4","3.2786","225534.53396"],["1774198440000","68798.4","68804.7","68787.3","68787.4","4.0493","278584.05757"]]
[2026-03-22T18:32:51.972Z] Fetching 15m candles for BTCUSDT
[2026-03-22T18:32:52.254Z] Fetched 1m candles for frxEURNZD. Sample: [[1774034160000,1.98414,1.9845,1.98414,1.98442],[1774034220000,1.98442,1.98472,1.98432,1.98447]]
[2026-03-22T18:32:52.288Z] Fetching 15m candles for frxEURNZD
[2026-03-22T18:32:52.292Z] DEBUG: getCandles called for symbol: frxEURNZD, timeframe: 15m
[2026-03-22T18:32:52.345Z] Fetched 1m candles for frxNZDJPY. Sample: [[1774034160000,92.767,92.767,92.744,92.747],[1774034220000,92.747,92.768,92.738,92.761]]
[2026-03-22T18:32:52.374Z] Fetching 15m candles for frxNZDJPY
[2026-03-22T18:32:52.388Z] DEBUG: getCandles called for symbol: frxNZDJPY, timeframe: 15m
[2026-03-22T18:32:52.393Z] Fetched 1m candles for frxXPDUSD. Sample: [[1774034160000,1412.38,1413.97,1412.06,1412.16],[1774034220000,1412.16,1412.93,1411.53,1412.58]]
[2026-03-22T18:32:52.407Z] Fetching 15m candles for frxXPDUSD
[2026-03-22T18:32:52.415Z] DEBUG: getCandles called for symbol: frxXPDUSD, timeframe: 15m
[2026-03-22T18:32:52.423Z] Fetched 1m candles for frxEURCAD. Sample: [[1774034160000,1.58511,1.58523,1.58497,1.58499],[1774034220000,1.58498,1.58519,1.58498,1.58514]]
[2026-03-22T18:32:52.426Z] Fetching 15m candles for frxEURCAD
[2026-03-22T18:32:52.430Z] DEBUG: getCandles called for symbol: frxEURCAD, timeframe: 15m
[2026-03-22T18:32:52.435Z] Fetched 1m candles for frxGBPJPY. Sample: [[1774034160000,212.412,212.419,212.39,212.397],[1774034220000,212.397,212.408,212.38,212.401]]
[2026-03-22T18:32:52.444Z] Fetching 15m candles for frxGBPJPY
[2026-03-22T18:32:52.467Z] DEBUG: getCandles called for symbol: frxGBPJPY, timeframe: 15m
[2026-03-22T18:32:52.617Z] Fetched 1m candles for frxEURAUD. Sample: [[1774034160000,1.64731,1.64747,1.64731,1.64741],[1774034220000,1.6474,1.64785,1.6474,1.64766]]
[2026-03-22T18:32:52.620Z] Fetching 15m candles for frxEURAUD
[2026-03-22T18:32:52.622Z] DEBUG: getCandles called for symbol: frxEURAUD, timeframe: 15m
[2026-03-22T18:32:52.627Z] Fetched 1m candles for LTCUSDT. Sample: [["1774198380000","54.09","54.1","54.09","54.1","3.1","167.706"],["1774198440000","54.1","54.1","54.1","54.1","0","0"]]
[2026-03-22T18:32:52.632Z] Fetching 15m candles for LTCUSDT
[2026-03-22T18:32:52.637Z] Fetched 1m candles for UNIUSDT. Sample: [["1774198380000","3.484","3.484","3.483","3.484","471","1640.527"],["1774198440000","3.484","3.486","3.484","3.484","155","540.269"]]
[2026-03-22T18:32:52.639Z] Fetching 15m candles for UNIUSDT
[2026-03-22T18:32:52.651Z] Fetched 1m candles for DOTUSDT. Sample: [["1774198380000","1.433","1.433","1.433","1.433","0","0"],["1774198440000","1.433","1.434","1.433","1.433","542","777.199"]]
[2026-03-22T18:32:52.657Z] Fetching 15m candles for DOTUSDT
[2026-03-22T18:32:52.668Z] Fetched 1m candles for ADAUSDT. Sample: [["1774198380000","0.2545","0.2546","0.2545","0.2546","19347","4925.2954"],["1774198440000","0.2546","0.2546","0.2546","0.2546","165","42.009"]]
[2026-03-22T18:32:52.671Z] Fetching 15m candles for ADAUSDT
[2026-03-22T18:32:52.676Z] Fetched 1m candles for BCHUSDT. Sample: [["1774198380000","468.34","468.34","468.34","468.34","0","0"],["1774198440000","468.34","468.34","468.34","468.34","0","0"]]
[2026-03-22T18:32:52.684Z] Fetching 15m candles for BCHUSDT
[2026-03-22T18:32:52.695Z] Fetched 1m candles for TRXUSDT. Sample: [["1774198380000","0.3169","0.31692","0.3169","0.31692","332","105.21744"],["1774198440000","0.31692","0.31721","0.31689","0.31715","87469","27730.1585"]]
[2026-03-22T18:32:52.709Z] Fetching 15m candles for TRXUSDT
[2026-03-22T18:32:52.719Z] Fetched 1m candles for AVAXUSDT. Sample: [["1774198380000","9.084","9.085","9.084","9.085","16.6","150.8091"],["1774198440000","9.085","9.086","9.084","9.084","18.2","165.3624"]]
[2026-03-22T18:32:52.735Z] Fetching 15m candles for AVAXUSDT
[2026-03-22T18:32:52.757Z] Fetched 1m candles for LINKUSDT. Sample: [["1774198380000","8.779","8.783","8.779","8.783","86","755.168"],["1774198440000","8.783","8.783","8.783","8.783","0","0"]]
[2026-03-22T18:32:52.768Z] Fetching 15m candles for LINKUSDT
[2026-03-22T18:32:52.775Z] Fetched 1m candles for XLMUSDT. Sample: [["1774198380000","0.15766","0.15767","0.15766","0.15767","7994","1260.41386"],["1774198440000","0.15767","0.15769","0.15767","0.15769","12854","2026.85336"]]
[2026-03-22T18:32:52.791Z] Fetching 15m candles for XLMUSDT
[2026-03-22T18:32:52.817Z] Fetched 1m candles for DOGEUSDT. Sample: [["1774198380000","0.09162","0.09166","0.09162","0.09166","10096","925.37434"],["1774198440000","0.09166","0.09167","0.09165","0.09165","56759","5202.50828"]]
[2026-03-22T18:32:52.826Z] Fetching 15m candles for DOGEUSDT
[2026-03-22T18:32:52.864Z] Fetched 1m candles for SOLUSDT. Sample: [["1774198380000","87.432","87.463","87.432","87.463","100.3","8770.7485"],["1774198440000","87.463","87.508","87.463","87.472","266.7","23333.3754"]]
[2026-03-22T18:32:52.871Z] Fetching 15m candles for SOLUSDT
[2026-03-22T18:32:52.885Z] Fetched 1m candles for BNBUSDT. Sample: [["1774198380000","629.95","629.95","629.95","629.95","0","0"],["1774198440000","629.95","629.95","629.95","629.95","0","0"]]
[2026-03-22T18:32:52.916Z] Fetching 15m candles for BNBUSDT
[2026-03-22T18:32:52.929Z] Fetched 1m candles for FILUSDT. Sample: [["1774198380000","0.8773","0.8774","0.8773","0.8774","970.5","851.50732"],["1774198440000","0.8774","0.8775","0.8768","0.8768","4386","3846.32824"]]
[2026-03-22T18:32:52.934Z] Fetching 15m candles for FILUSDT
[2026-03-22T18:32:52.944Z] Fetched 1m candles for VETUSDT. Sample: [["1774198380000","0.006947","0.006947","0.006946","0.006946","7326","50.886396"],["1774198440000","0.006946","0.006946","0.006946","0.006946","0","0"]]
[2026-03-22T18:32:52.950Z] Fetching 15m candles for VETUSDT
[2026-03-22T18:32:52.954Z] Fetched 1m candles for OPUSDT. Sample: [["1774198380000","0.116","0.116","0.116","0.116","1286.7","149.2572"],["1774198440000","0.116","0.116","0.1159","0.1159","33528.3","3885.92997"]]
[2026-03-22T18:32:52.956Z] Fetching 15m candles for OPUSDT
[2026-03-22T18:32:52.963Z] Fetched 1m candles for ICPUSDT. Sample: [["1774198380000","2.388","2.389","2.388","2.388","2081.7","4972.22055"],["1774198440000","2.388","2.388","2.388","2.388","77.63","185.38044"]]
[2026-03-22T18:32:52.985Z] Fetching 15m candles for ICPUSDT
[2026-03-22T18:32:52.997Z] Fetched 1m candles for ETCUSDT. Sample: [["1774198380000","8.12","8.12","8.12","8.12","0","0"],["1774198440000","8.12","8.12","8.119","8.119","5","40.595"]]
[2026-03-22T18:32:53.003Z] Fetching 15m candles for ETCUSDT
[2026-03-22T18:32:53.037Z] Fetched 1m candles for XRPUSDT. Sample: [["1774198380000","1.3934","1.3939","1.3934","1.3939","28891","40270.3257"],["1774198440000","1.3939","1.3945","1.3939","1.394","50410","70277.0085"]]
[2026-03-22T18:32:53.040Z] Fetching 15m candles for XRPUSDT
[2026-03-22T18:32:53.046Z] Fetched 1m candles for ETHUSDT. Sample: [["1774198380000","2081.01","2081.88","2081.01","2081.83","40.93","85197.9442"],["1774198440000","2081.83","2082.57","2081.53","2081.58","386.2","804242.4066"]]
[2026-03-22T18:32:53.051Z] Fetching 15m candles for ETHUSDT
[2026-03-22T18:32:53.058Z] Fetched 1m candles for frxEURJPY. Sample: [[1774034160000,184.063,184.066,184.048,184.05],[1774034220000,184.049,184.086,184.048,184.082]]
[2026-03-22T18:32:53.064Z] Fetching 15m candles for frxEURJPY
[2026-03-22T18:32:53.070Z] DEBUG: getCandles called for symbol: frxEURJPY, timeframe: 15m
[2026-03-22T18:32:53.102Z] Fetching 4H candles for BTCUSDT
[2026-03-22T18:32:53.107Z] Fetched 1m candles for frxEURUSD. Sample: [[1774034160000,1.15545,1.15549,1.15527,1.15529],[1774034220000,1.1553,1.15559,1.15526,1.15555]]
[2026-03-22T18:32:53.116Z] Fetching 15m candles for frxEURUSD
[2026-03-22T18:32:53.120Z] DEBUG: getCandles called for symbol: frxEURUSD, timeframe: 15m
[2026-03-22T18:32:53.124Z] Fetched 1m candles for frxGBPCHF. Sample: [[1774034160000,1.05128,1.05131,1.05125,1.05131],[1774034220000,1.05133,1.05133,1.05119,1.05121]]
[2026-03-22T18:32:53.137Z] Fetching 15m candles for frxGBPCHF
[2026-03-22T18:32:53.147Z] DEBUG: getCandles called for symbol: frxGBPCHF, timeframe: 15m
[2026-03-22T18:32:53.176Z] Fetched 1m candles for frxUSDSEK. Sample: [[1774034160000,9.36208,9.36386,9.36175,9.36376],[1774034220000,9.36371,9.36422,9.36147,9.36177]]
[2026-03-22T18:32:53.180Z] Fetching 15m candles for frxUSDSEK
[2026-03-22T18:32:53.182Z] DEBUG: getCandles called for symbol: frxUSDSEK, timeframe: 15m
[2026-03-22T18:32:53.187Z] Fetched 1m candles for frxGBPNZD. Sample: [[1774034160000,2.28974,2.29018,2.28974,2.29005],[1774034220000,2.29004,2.29015,2.28959,2.28975]]
[2026-03-22T18:32:53.196Z] Fetching 15m candles for frxGBPNZD
[2026-03-22T18:32:53.199Z] DEBUG: getCandles called for symbol: frxGBPNZD, timeframe: 15m
[2026-03-22T18:32:53.207Z] Fetched 1m candles for frxUSDCAD. Sample: [[1774034160000,1.37194,1.372,1.37192,1.37198],[1774034220000,1.37199,1.3721,1.3718,1.37182]]
[2026-03-22T18:32:53.216Z] Fetching 15m candles for frxUSDCAD
[2026-03-22T18:32:53.220Z] DEBUG: getCandles called for symbol: frxUSDCAD, timeframe: 15m
[2026-03-22T18:32:53.234Z] Fetched 1m candles for frxUSDJPY. Sample: [[1774034160000,159.3,159.311,159.292,159.31],[1774034220000,159.308,159.321,159.297,159.301]]
[2026-03-22T18:32:53.238Z] Fetching 15m candles for frxUSDJPY
[2026-03-22T18:32:53.239Z] DEBUG: getCandles called for symbol: frxUSDJPY, timeframe: 15m
[2026-03-22T18:32:53.251Z] Fetched 1m candles for frxAUDCHF. Sample: [[1774034160000,0.55301,0.55301,0.55296,0.55299],[1774034220000,0.553,0.553,0.55288,0.55293]]
[2026-03-22T18:32:53.256Z] Fetching 15m candles for frxAUDCHF
[2026-03-22T18:32:53.262Z] DEBUG: getCandles called for symbol: frxAUDCHF, timeframe: 15m
[2026-03-22T18:32:53.271Z] Fetched 1m candles for frxUSDPLN. Sample: [[1774034160000,3.7022,3.7024,3.7014,3.7021],[1774034220000,3.7021,3.7025,3.7018,3.702]]
[2026-03-22T18:32:53.280Z] Fetching 15m candles for frxUSDPLN
[2026-03-22T18:32:53.285Z] DEBUG: getCandles called for symbol: frxUSDPLN, timeframe: 15m
[2026-03-22T18:32:53.294Z] Fetched 1m candles for frxEURGBP. Sample: [[1774034160000,0.86655,0.86655,0.86652,0.86653],[1774034220000,0.86654,0.86667,0.86654,0.86666]]
[2026-03-22T18:32:53.298Z] Fetching 15m candles for frxEURGBP
[2026-03-22T18:32:53.301Z] DEBUG: getCandles called for symbol: frxEURGBP, timeframe: 15m
[2026-03-22T18:32:53.314Z] Fetched 1m candles for frxGBPNOK. Sample: [[1774033920000,12.76802,12.76802,12.76633,12.76765],[1774033980000,12.76782,12.76797,12.76711,12.76763]]
[2026-03-22T18:32:53.318Z] Fetching 15m candles for frxGBPNOK
[2026-03-22T18:32:53.326Z] DEBUG: getCandles called for symbol: frxGBPNOK, timeframe: 15m
[2026-03-22T18:32:53.336Z] Fetched 1m candles for frxAUDJPY. Sample: [[1774034160000,111.735,111.735,111.716,111.72],[1774034220000,111.721,111.731,111.698,111.723]]
[2026-03-22T18:32:53.346Z] Fetching 15m candles for frxAUDJPY
[2026-03-22T18:32:53.352Z] DEBUG: getCandles called for symbol: frxAUDJPY, timeframe: 15m
[2026-03-22T18:32:53.365Z] Fetched 1m candles for frxXAUUSD. Sample: [[1774034160000,4507.11,4507.11,4500.65,4501.53],[1774034220000,4501.79,4502.89,4493.47,4499.96]]
[2026-03-22T18:32:53.368Z] Fetching 15m candles for frxXAUUSD
[2026-03-22T18:32:53.370Z] DEBUG: getCandles called for symbol: frxXAUUSD, timeframe: 15m
[2026-03-22T18:32:53.379Z] Fetched 1m candles for frxUSDCHF. Sample: [[1774034160000,0.78843,0.78856,0.78839,0.78855],[1774034220000,0.78855,0.7886,0.78837,0.78841]]
[2026-03-22T18:32:53.383Z] Fetching 15m candles for frxUSDCHF
[2026-03-22T18:32:53.385Z] DEBUG: getCandles called for symbol: frxUSDCHF, timeframe: 15m
[2026-03-22T18:32:53.390Z] Fetched 1m candles for frxGBPUSD. Sample: [[1774034160000,1.3334,1.33348,1.33319,1.33323],[1774034220000,1.33324,1.33339,1.33305,1.33335]]
[2026-03-22T18:32:53.416Z] Fetching 15m candles for frxGBPUSD
[2026-03-22T18:32:53.419Z] DEBUG: getCandles called for symbol: frxGBPUSD, timeframe: 15m
[2026-03-22T18:32:53.447Z] Fetched 1m candles for frxEURCHF. Sample: [[1774034160000,0.91098,0.911,0.91096,0.911],[1774034220000,0.91102,0.91107,0.91099,0.91105]]
[2026-03-22T18:32:53.454Z] Fetching 15m candles for frxEURCHF
[2026-03-22T18:32:53.462Z] DEBUG: getCandles called for symbol: frxEURCHF, timeframe: 15m
[2026-03-22T18:32:53.466Z] Fetching 4H candles for DOTUSDT
[2026-03-22T18:32:53.469Z] Fetching 4H candles for LTCUSDT
[2026-03-22T18:32:53.475Z] Fetching 4H candles for ADAUSDT
[2026-03-22T18:32:53.491Z] Fetching 4H candles for UNIUSDT
[2026-03-22T18:32:53.497Z] Fetched 1m candles for frxUSDMXN. Sample: [[1774034160000,17.9575,17.961,17.9554,17.9603],[1774034220000,17.9604,17.9624,17.954,17.9556]]
[2026-03-22T18:32:53.499Z] Fetching 15m candles for frxUSDMXN
[2026-03-22T18:32:53.503Z] DEBUG: getCandles called for symbol: frxUSDMXN, timeframe: 15m
[2026-03-22T18:32:53.517Z] Fetching 4H candles for BCHUSDT
[2026-03-22T18:32:53.528Z] Fetching 4H candles for LINKUSDT
[2026-03-22T18:32:53.534Z] Fetching 4H candles for XLMUSDT
[2026-03-22T18:32:53.541Z] Fetching 4H candles for TRXUSDT
[2026-03-22T18:32:53.544Z] Fetching 4H candles for AVAXUSDT
[2026-03-22T18:32:53.551Z] Fetched 1m candles for frxAUDNZD. Sample: [[1774034160000,1.20446,1.20464,1.20444,1.20457],[1774034220000,1.20458,1.20458,1.20436,1.20441]]
[2026-03-22T18:32:53.563Z] Fetching 15m candles for frxAUDNZD
[2026-03-22T18:32:53.565Z] DEBUG: getCandles called for symbol: frxAUDNZD, timeframe: 15m
[2026-03-22T18:32:53.574Z] Fetching 4H candles for SOLUSDT
[2026-03-22T18:32:53.592Z] Fetching 4H candles for DOGEUSDT
[2026-03-22T18:32:53.600Z] Fetched 1m candles for frxXPTUSD. Sample: [[1774034160000,1924.14,1925.44,1923.24,1923.52],[1774034220000,1923.64,1926.4,1922.42,1924.01]]
[2026-03-22T18:32:53.614Z] Fetching 15m candles for frxXPTUSD
[2026-03-22T18:32:53.619Z] DEBUG: getCandles called for symbol: frxXPTUSD, timeframe: 15m
[2026-03-22T18:32:53.629Z] Fetching 4H candles for FILUSDT
[2026-03-22T18:32:53.631Z] Fetching 4H candles for BNBUSDT
[2026-03-22T18:32:53.636Z] Fetching 4H candles for OPUSDT
[2026-03-22T18:32:53.641Z] Fetching 4H candles for VETUSDT
[2026-03-22T18:32:53.654Z] Fetched 1m candles for frxGBPCAD. Sample: [[1774034160000,1.82922,1.82939,1.82903,1.8291],[1774034220000,1.8291,1.82913,1.82898,1.82901]]
[2026-03-22T18:32:53.660Z] Fetching 15m candles for frxGBPCAD
[2026-03-22T18:32:53.667Z] DEBUG: getCandles called for symbol: frxGBPCAD, timeframe: 15m
[2026-03-22T18:32:53.801Z] Fetched 1m candles for frxNZDUSD. Sample: [[1774034160000,0.58234,0.58234,0.58216,0.58218],[1774034220000,0.58219,0.58236,0.5821,0.5823]]
[2026-03-22T18:32:53.803Z] Fetching 15m candles for frxNZDUSD
[2026-03-22T18:32:53.805Z] DEBUG: getCandles called for symbol: frxNZDUSD, timeframe: 15m
[2026-03-22T18:32:53.808Z] Fetching 4H candles for ICPUSDT
[2026-03-22T18:32:53.810Z] Fetching 4H candles for ETCUSDT
[2026-03-22T18:32:53.814Z] Fetching 4H candles for XRPUSDT
[2026-03-22T18:32:53.830Z] Fetching 4H candles for ETHUSDT
[2026-03-22T18:32:53.840Z] Mapping candle data...
[2026-03-22T18:32:53.846Z] Long-term ATR (4H): 461.7131313131311
[2026-03-22T18:32:53.847Z] Calling analyze function...
[2026-03-22T18:32:53.858Z] Analyze function returned: Signal=HOLD, RSI=39.97, EMA=68659.90533554, ATR=27.001738960070742, Price=68611.7
[2026-03-22T18:32:53.861Z] Trend Direction: 15m=DOWN, 4h=DOWN
[2026-03-22T18:32:53.863Z] Starting multi-timeframe confirmation...
[2026-03-22T18:32:53.864Z] Adjusted position size with sentiment: 21.68722490
[2026-03-22T18:32:53.866Z] Type of dailyLossCheck: function
[2026-03-22T18:32:53.869Z] USDT available: 27.10903112
[2026-03-22T18:32:53.873Z] Calculated position size (USDT): 21.68722490
[2026-03-22T18:32:53.876Z] Last price: 68611.7
[2026-03-22T18:32:53.879Z] Calculated quantity: 0.00031609
[2026-03-22T18:32:53.882Z] No trade executed for BTCUSDT due to signal: HOLD
[2026-03-22T18:32:53.900Z] Fetched 1m candles for frxXAGUSD. Sample: [[1774034160000,68.1775,68.1827,68.062,68.072],[1774034220000,68.0877,68.1249,67.958,68.0762]]
[2026-03-22T18:32:53.902Z] Fetching 15m candles for frxXAGUSD
[2026-03-22T18:32:53.912Z] DEBUG: getCandles called for symbol: frxXAGUSD, timeframe: 15m
[2026-03-22T18:32:53.932Z] Fetched 1m candles for frxUSDNOK. Sample: [[1774034160000,9.57679,9.57841,9.57645,9.5783],[1774034220000,9.57828,9.57857,9.57675,9.57734]]
[2026-03-22T18:32:53.935Z] Fetching 15m candles for frxUSDNOK
[2026-03-22T18:32:53.939Z] DEBUG: getCandles called for symbol: frxUSDNOK, timeframe: 15m
[2026-03-22T18:32:53.946Z] Fetched 1m candles for frxAUDCAD. Sample: [[1774034160000,0.96226,0.96231,0.96206,0.9621],[1774034220000,0.96212,0.96214,0.96193,0.96206]]
[2026-03-22T18:32:53.950Z] Fetching 15m candles for frxAUDCAD
[2026-03-22T18:32:53.951Z] DEBUG: getCandles called for symbol: frxAUDCAD, timeframe: 15m
[2026-03-22T18:32:53.954Z] Fetched 1m candles for frxAUDUSD. Sample: [[1774034160000,0.70142,0.70143,0.70125,0.70128],[1774034220000,0.70129,0.70139,0.70109,0.70133]]
[2026-03-22T18:32:53.962Z] Fetching 15m candles for frxAUDUSD
[2026-03-22T18:32:53.964Z] DEBUG: getCandles called for symbol: frxAUDUSD, timeframe: 15m
[2026-03-22T18:32:53.969Z] Fetching 4H candles for frxEURNZD
[2026-03-22T18:32:53.973Z] DEBUG: getCandles called for symbol: frxEURNZD, timeframe: 4H
[2026-03-22T18:32:53.978Z] Fetching 4H candles for frxNZDJPY
[2026-03-22T18:32:53.983Z] DEBUG: getCandles called for symbol: frxNZDJPY, timeframe: 4H
[2026-03-22T18:32:53.993Z] Fetching 4H candles for frxEURCAD
[2026-03-22T18:32:53.996Z] DEBUG: getCandles called for symbol: frxEURCAD, timeframe: 4H
[2026-03-22T18:32:54.009Z] Fetching 4H candles for frxXPDUSD
[2026-03-22T18:32:54.016Z] DEBUG: getCandles called for symbol: frxXPDUSD, timeframe: 4H
[2026-03-22T18:32:54.032Z] Fetching 4H candles for frxGBPJPY
[2026-03-22T18:32:54.035Z] DEBUG: getCandles called for symbol: frxGBPJPY, timeframe: 4H
[2026-03-22T18:32:54.046Z] Fetched 1m candles for frxGBPAUD. Sample: [[1774034160000,1.90102,1.90122,1.90101,1.90116],[1774034220000,1.90114,1.90146,1.90106,1.90115]]
[2026-03-22T18:32:54.049Z] Fetching 15m candles for frxGBPAUD
[2026-03-22T18:32:54.052Z] DEBUG: getCandles called for symbol: frxGBPAUD, timeframe: 15m
[2026-03-22T18:32:54.060Z] Fetching 4H candles for frxEURAUD
[2026-03-22T18:32:54.062Z] DEBUG: getCandles called for symbol: frxEURAUD, timeframe: 4H
[2026-03-22T18:32:54.065Z] Fetching 4H candles for frxEURUSD
[2026-03-22T18:32:54.068Z] DEBUG: getCandles called for symbol: frxEURUSD, timeframe: 4H
[2026-03-22T18:32:54.075Z] Fetching 4H candles for frxEURJPY
[2026-03-22T18:32:54.079Z] DEBUG: getCandles called for symbol: frxEURJPY, timeframe: 4H
[2026-03-22T18:32:54.083Z] Fetching 4H candles for frxGBPCHF
[2026-03-22T18:32:54.086Z] DEBUG: getCandles called for symbol: frxGBPCHF, timeframe: 4H
[2026-03-22T18:32:54.094Z] Fetching 4H candles for frxUSDSEK
[2026-03-22T18:32:54.096Z] DEBUG: getCandles called for symbol: frxUSDSEK, timeframe: 4H
[2026-03-22T18:32:54.098Z] Fetching 4H candles for frxGBPNZD
[2026-03-22T18:32:54.101Z] DEBUG: getCandles called for symbol: frxGBPNZD, timeframe: 4H
[2026-03-22T18:32:54.105Z] Fetching 4H candles for frxUSDCAD
[2026-03-22T18:32:54.110Z] DEBUG: getCandles called for symbol: frxUSDCAD, timeframe: 4H
[2026-03-22T18:32:54.113Z] Fetching 4H candles for frxUSDJPY
[2026-03-22T18:32:54.116Z] DEBUG: getCandles called for symbol: frxUSDJPY, timeframe: 4H
[2026-03-22T18:32:54.120Z] Fetching 4H candles for frxAUDCHF
[2026-03-22T18:32:54.126Z] DEBUG: getCandles called for symbol: frxAUDCHF, timeframe: 4H
[2026-03-22T18:32:54.130Z] Fetching 4H candles for frxUSDPLN
[2026-03-22T18:32:54.133Z] DEBUG: getCandles called for symbol: frxUSDPLN, timeframe: 4H
[2026-03-22T18:32:54.148Z] Fetching 4H candles for frxEURGBP
[2026-03-22T18:32:54.152Z] DEBUG: getCandles called for symbol: frxEURGBP, timeframe: 4H
[2026-03-22T18:32:54.193Z] Fetching 4H candles for frxGBPNOK
[2026-03-22T18:32:54.200Z] DEBUG: getCandles called for symbol: frxGBPNOK, timeframe: 4H
[2026-03-22T18:32:54.228Z] Mapping candle data...
[2026-03-22T18:32:54.232Z] Long-term ATR (4H): 0.35030303030303006
[2026-03-22T18:32:54.245Z] Calling analyze function...
[2026-03-22T18:32:54.256Z] Analyze function returned: Signal=HOLD, RSI=59.56, EMA=54.082856143598306, ATR=0.013341476974182575, Price=54.11
[2026-03-22T18:32:54.259Z] Trend Direction: 15m=DOWN, 4h=DOWN
[2026-03-22T18:32:54.261Z] Starting multi-timeframe confirmation...
[2026-03-22T18:32:54.262Z] Adjusted position size with sentiment: 21.68722490
[2026-03-22T18:32:54.264Z] Type of dailyLossCheck: function
[2026-03-22T18:32:54.265Z] USDT available: 27.10903112
[2026-03-22T18:32:54.266Z] Calculated position size (USDT): 21.68722490
[2026-03-22T18:32:54.268Z] Last price: 54.11
[2026-03-22T18:32:54.270Z] Calculated quantity: 0.40079883
[2026-03-22T18:32:54.276Z] No trade executed for LTCUSDT due to signal: HOLD
[2026-03-22T18:32:54.279Z] Mapping candle data...
[2026-03-22T18:32:54.283Z] Long-term ATR (4H): 2.7493939393939395
[2026-03-22T18:32:54.284Z] Calling analyze function...
[2026-03-22T18:32:54.292Z] Analyze function returned: Signal=HOLD, RSI=41.94, EMA=467.353811834098, ATR=0.1916535032720251, Price=467
[2026-03-22T18:32:54.295Z] Trend Direction: 15m=UP, 4h=UP
[2026-03-22T18:32:54.296Z] Starting multi-timeframe confirmation...
[2026-03-22T18:32:54.298Z] Adjusted position size with sentiment: 21.68722490
[2026-03-22T18:32:54.299Z] Type of dailyLossCheck: function
[2026-03-22T18:32:54.301Z] USDT available: 27.10903112
[2026-03-22T18:32:54.303Z] Calculated position size (USDT): 21.68722490
[2026-03-22T18:32:54.307Z] Last price: 467
[2026-03-22T18:32:54.311Z] Calculated quantity: 0.04643945
[2026-03-22T18:32:54.315Z] No trade executed for BCHUSDT due to signal: HOLD
[2026-03-22T18:32:54.319Z] Mapping candle data...
[2026-03-22T18:32:54.325Z] Long-term ATR (4H): 0.0025131313131313117
[2026-03-22T18:32:54.327Z] Calling analyze function...
[2026-03-22T18:32:54.331Z] Analyze function returned: Signal=HOLD, RSI=60.57, EMA=0.2540825430384695, ATR=0.00011430216367728566, Price=0.2543
[2026-03-22T18:32:54.334Z] Trend Direction: 15m=DOWN, 4h=DOWN
[2026-03-22T18:32:54.337Z] Starting multi-timeframe confirmation...
[2026-03-22T18:32:54.342Z] Adjusted position size with sentiment: 21.68722490
[2026-03-22T18:32:54.345Z] Type of dailyLossCheck: function
[2026-03-22T18:32:54.348Z] USDT available: 27.10903112
[2026-03-22T18:32:54.351Z] Calculated position size (USDT): 21.68722490
[2026-03-22T18:32:54.357Z] Last price: 0.2543
[2026-03-22T18:32:54.359Z] Calculated quantity: 85.28204835
[2026-03-22T18:32:54.360Z] No trade executed for ADAUSDT due to signal: HOLD
[2026-03-22T18:32:54.363Z] Mapping candle data...
[2026-03-22T18:32:54.365Z] Long-term ATR (4H): 0.01541414141414141
[2026-03-22T18:32:54.366Z] Calling analyze function...
[2026-03-22T18:32:54.373Z] Analyze function returned: Signal=SELL, RSI=50.05, EMA=1.433005740189088, ATR=0.000657709410352248, Price=1.433
[2026-03-22T18:32:54.376Z] Trend Direction: 15m=DOWN, 4h=DOWN
[2026-03-22T18:32:54.378Z] Starting multi-timeframe confirmation...
[2026-03-22T18:32:54.379Z] Adjusted position size with sentiment: 21.68722490
[2026-03-22T18:32:54.381Z] Type of dailyLossCheck: function
[2026-03-22T18:32:54.383Z] USDT available: 27.10903112
[2026-03-22T18:32:54.384Z] Calculated position size (USDT): 21.68722490
[2026-03-22T18:32:54.386Z] Last price: 1.433
[2026-03-22T18:32:54.389Z] Calculated quantity: 15.13414159
[2026-03-22T18:32:54.396Z] Mapping candle data...
[2026-03-22T18:32:54.403Z] Long-term ATR (4H): 0.03447474747474744
[2026-03-22T18:32:54.404Z] Calling analyze function...
[2026-03-22T18:32:54.408Z] Analyze function returned: Signal=HOLD, RSI=41.5, EMA=3.4849041420586144, ATR=0.0012776874901012816, Price=3.482
[2026-03-22T18:32:54.410Z] Trend Direction: 15m=DOWN, 4h=DOWN
[2026-03-22T18:32:54.411Z] Starting multi-timeframe confirmation...
[2026-03-22T18:32:54.413Z] Adjusted position size with sentiment: 21.68722490
[2026-03-22T18:32:54.420Z] Type of dailyLossCheck: function
[2026-03-22T18:32:54.423Z] USDT available: 27.10903112
[2026-03-22T18:32:54.432Z] Calculated position size (USDT): 21.68722490
[2026-03-22T18:32:54.441Z] Last price: 3.482
[2026-03-22T18:32:54.443Z] Calculated quantity: 6.22838165
[2026-03-22T18:32:54.445Z] No trade executed for UNIUSDT due to signal: HOLD
[2026-03-22T18:32:54.450Z] Mapping candle data...
[2026-03-22T18:32:54.456Z] Long-term ATR (4H): 0.07332323232323236
[2026-03-22T18:32:54.472Z] Calling analyze function...
[2026-03-22T18:32:54.479Z] Analyze function returned: Signal=HOLD, RSI=54.05, EMA=8.768238820593744, ATR=0.004003325497838375, Price=8.771
[2026-03-22T18:32:54.483Z] Trend Direction: 15m=DOWN, 4h=DOWN
[2026-03-22T18:32:54.484Z] Starting multi-timeframe confirmation...
[2026-03-22T18:32:54.490Z] Adjusted position size with sentiment: 21.68722490
[2026-03-22T18:32:54.492Z] Type of dailyLossCheck: function
[2026-03-22T18:32:54.494Z] USDT available: 27.10903112
[2026-03-22T18:32:54.503Z] Calculated position size (USDT): 21.68722490
[2026-03-22T18:32:54.507Z] Last price: 8.771
[2026-03-22T18:32:54.509Z] Calculated quantity: 2.47260573
[2026-03-22T18:32:54.519Z] No trade executed for LINKUSDT due to signal: HOLD
[2026-03-22T18:32:54.525Z] Mapping candle data...
[2026-03-22T18:32:54.529Z] Long-term ATR (4H): 0.08825252525252525
[2026-03-22T18:32:54.531Z] Calling analyze function...
[2026-03-22T18:32:54.546Z] Analyze function returned: Signal=HOLD, RSI=50.66, EMA=9.062547413747996, ATR=0.003983569152840963, Price=9.063
[2026-03-22T18:32:54.552Z] Trend Direction: 15m=DOWN, 4h=DOWN
[2026-03-22T18:32:54.556Z] Starting multi-timeframe confirmation...
[2026-03-22T18:32:54.558Z] Adjusted position size with sentiment: 21.68722490
[2026-03-22T18:32:54.561Z] Type of dailyLossCheck: function
[2026-03-22T18:32:54.568Z] USDT available: 27.10903112
[2026-03-22T18:32:54.572Z] Calculated position size (USDT): 21.68722490
[2026-03-22T18:32:54.574Z] Last price: 9.063
[2026-03-22T18:32:54.575Z] Calculated quantity: 2.39294107
[2026-03-22T18:32:54.577Z] No trade executed for AVAXUSDT due to signal: HOLD
[2026-03-22T18:32:54.607Z] Fetching 4H candles for frxAUDJPY
[2026-03-22T18:32:54.614Z] DEBUG: getCandles called for symbol: frxAUDJPY, timeframe: 4H
[2026-03-22T18:32:54.621Z] Mapping candle data...
[2026-03-22T18:32:54.625Z] Long-term ATR (4H): 0.0013993939393939397
[2026-03-22T18:32:54.626Z] Calling analyze function...
[2026-03-22T18:32:54.632Z] Analyze function returned: Signal=HOLD, RSI=42.51, EMA=0.15728409145268915, ATR=0.00007560449913511223, Price=0.1572
[2026-03-22T18:32:54.637Z] Trend Direction: 15m=DOWN, 4h=DOWN
[2026-03-22T18:32:54.640Z] Starting multi-timeframe confirmation...
[2026-03-22T18:32:54.643Z] Adjusted position size with sentiment: 21.68722490
[2026-03-22T18:32:54.650Z] Type of dailyLossCheck: function
[2026-03-22T18:32:54.655Z] USDT available: 27.10903112
[2026-03-22T18:32:54.656Z] Calculated position size (USDT): 21.68722490
[2026-03-22T18:32:54.658Z] Last price: 0.1572
[2026-03-22T18:32:54.660Z] Calculated quantity: 137.95944590
[2026-03-22T18:32:54.662Z] No trade executed for XLMUSDT due to signal: HOLD
[2026-03-22T18:32:54.673Z] Mapping candle data...
[2026-03-22T18:32:54.677Z] Long-term ATR (4H): 0.0011485858585858562
[2026-03-22T18:32:54.678Z] Calling analyze function...
[2026-03-22T18:32:54.690Z] Analyze function returned: Signal=HOLD, RSI=59.08, EMA=0.3178554640157499, ATR=0.00013702704133006124, Price=0.31809
[2026-03-22T18:32:54.693Z] Trend Direction: 15m=UP, 4h=UP
[2026-03-22T18:32:54.697Z] Starting multi-timeframe confirmation...
[2026-03-22T18:32:54.698Z] Adjusted position size with sentiment: 21.68722490
[2026-03-22T18:32:54.700Z] Type of dailyLossCheck: function
[2026-03-22T18:32:54.702Z] USDT available: 27.10903112
[2026-03-22T18:32:54.706Z] Calculated position size (USDT): 21.68722490
[2026-03-22T18:32:54.708Z] Last price: 0.31809
[2026-03-22T18:32:54.712Z] Calculated quantity: 68.17952434
[2026-03-22T18:32:54.714Z] No trade executed for TRXUSDT due to signal: HOLD
[2026-03-22T18:32:54.724Z] Mapping candle data...
[2026-03-22T18:32:54.808Z] Long-term ATR (4H): 0.8132323232323239
[2026-03-22T18:32:54.857Z] Calling analyze function...
[2026-03-22T18:32:54.950Z] Analyze function returned: Signal=HOLD, RSI=37.35, EMA=87.19957706085371, ATR=0.047834888343830366, Price=87.101
[2026-03-22T18:32:54.955Z] Trend Direction: 15m=DOWN, 4h=DOWN
[2026-03-22T18:32:54.958Z] Starting multi-timeframe confirmation...
[2026-03-22T18:32:54.962Z] Adjusted position size with sentiment: 21.68722490
[2026-03-22T18:32:55.004Z] Type of dailyLossCheck: function
[2026-03-22T18:32:55.021Z] USDT available: 27.10903112
[2026-03-22T18:32:55.024Z] Calculated position size (USDT): 21.68722490
[2026-03-22T18:32:55.027Z] Last price: 87.101
[2026-03-22T18:32:55.028Z] Calculated quantity: 0.24898939
[2026-03-22T18:32:55.029Z] No trade executed for SOLUSDT due to signal: HOLD
[2026-03-22T18:32:55.038Z] Mapping candle data...
[2026-03-22T18:32:55.042Z] Long-term ATR (4H): 0.0009115151515151504
[2026-03-22T18:32:55.046Z] Calling analyze function...
[2026-03-22T18:32:55.054Z] Analyze function returned: Signal=HOLD, RSI=46.2, EMA=0.0911771991333168, ATR=0.000050527576845281834, Price=0.09116
[2026-03-22T18:32:55.057Z] Trend Direction: 15m=DOWN, 4h=DOWN
[2026-03-22T18:32:55.062Z] Starting multi-timeframe confirmation...
[2026-03-22T18:32:55.072Z] Adjusted position size with sentiment: 21.68722490
[2026-03-22T18:32:55.075Z] Type of dailyLossCheck: function
[2026-03-22T18:32:55.081Z] USDT available: 27.10903112
[2026-03-22T18:32:55.088Z] Calculated position size (USDT): 21.68722490
[2026-03-22T18:32:55.089Z] Last price: 0.09116
[2026-03-22T18:32:55.095Z] Calculated quantity: 237.90286196
[2026-03-22T18:32:55.101Z] No trade executed for DOGEUSDT due to signal: HOLD
[2026-03-22T18:32:55.111Z] Fetching 4H candles for frxXAUUSD
[2026-03-22T18:32:55.113Z] DEBUG: getCandles called for symbol: frxXAUUSD, timeframe: 4H
[2026-03-22T18:32:55.117Z] Mapping candle data...
[2026-03-22T18:32:55.127Z] Long-term ATR (4H): 3.5549494949494886
[2026-03-22T18:32:55.135Z] Calling analyze function...
[2026-03-22T18:32:55.146Z] Analyze function returned: Signal=SELL, RSI=50.41, EMA=630.2279143642097, ATR=0.21879633700480902, Price=630.22
[2026-03-22T18:32:55.168Z] Trend Direction: 15m=DOWN, 4h=DOWN
[2026-03-22T18:32:55.173Z] Starting multi-timeframe confirmation...
[2026-03-22T18:32:55.177Z] Adjusted position size with sentiment: 21.68722490
[2026-03-22T18:32:55.181Z] Type of dailyLossCheck: function
[2026-03-22T18:32:55.186Z] USDT available: 27.10903112
[2026-03-22T18:32:55.194Z] Calculated position size (USDT): 21.68722490
[2026-03-22T18:32:55.199Z] Last price: 630.22
[2026-03-22T18:32:55.208Z] Calculated quantity: 0.03441215
[2026-03-22T18:32:55.221Z] Mapping candle data...
[2026-03-22T18:32:55.254Z] Long-term ATR (4H): 0.010831313131313134
[2026-03-22T18:32:55.259Z] Calling analyze function...
[2026-03-22T18:32:55.291Z] Analyze function returned: Signal=HOLD, RSI=50.03, EMA=0.872011108678794, ATR=0.0005131530966357777, Price=0.8721
[2026-03-22T18:32:55.300Z] Trend Direction: 15m=DOWN, 4h=DOWN
[2026-03-22T18:32:55.321Z] Starting multi-timeframe confirmation...
[2026-03-22T18:32:55.324Z] Adjusted position size with sentiment: 21.68722490
[2026-03-22T18:32:55.328Z] Type of dailyLossCheck: function
[2026-03-22T18:32:55.340Z] USDT available: 27.10903112
[2026-03-22T18:32:55.423Z] Calculated position size (USDT): 21.68722490
[2026-03-22T18:32:55.481Z] Last price: 0.8721
[2026-03-22T18:32:55.503Z] Calculated quantity: 24.86781894
[2026-03-22T18:32:55.523Z] No trade executed for FILUSDT due to signal: HOLD
[2026-03-22T18:32:55.533Z] Mapping candle data...
[2026-03-22T18:32:55.540Z] Long-term ATR (4H): 0.000060979797979797976
[2026-03-22T18:32:55.554Z] Calling analyze function...
[2026-03-22T18:32:55.611Z] Analyze function returned: Signal=HOLD, RSI=63.9, EMA=0.0069323311433147254, ATR=0.000002135211866607755, Price=0.006938
[2026-03-22T18:32:55.631Z] Trend Direction: 15m=DOWN, 4h=DOWN
[2026-03-22T18:32:55.637Z] Starting multi-timeframe confirmation...
[2026-03-22T18:32:55.647Z] Adjusted position size with sentiment: 21.68722490
[2026-03-22T18:32:55.654Z] Type of dailyLossCheck: function
[2026-03-22T18:32:55.656Z] USDT available: 27.10903112
[2026-03-22T18:32:55.659Z] Calculated position size (USDT): 21.68722490
[2026-03-22T18:32:55.660Z] Last price: 0.006938
[2026-03-22T18:32:55.669Z] Calculated quantity: 3125.86118420
[2026-03-22T18:32:55.673Z] No trade executed for VETUSDT due to signal: HOLD
[2026-03-22T18:32:55.685Z] Mapping candle data...
[2026-03-22T18:32:55.688Z] Long-term ATR (4H): 0.001272727272727272
[2026-03-22T18:32:55.699Z] Calling analyze function...
[2026-03-22T18:32:55.709Z] Analyze function returned: Signal=HOLD, RSI=62.63, EMA=0.11520269931622033, ATR=0.00003711710386277397, Price=0.1153
[2026-03-22T18:32:55.720Z] Trend Direction: 15m=DOWN, 4h=DOWN
[2026-03-22T18:32:55.830Z] Starting multi-timeframe confirmation...
[2026-03-22T18:32:55.922Z] Adjusted position size with sentiment: 21.68722490
[2026-03-22T18:32:55.956Z] Type of dailyLossCheck: function
[2026-03-22T18:32:55.963Z] USDT available: 27.10903112
[2026-03-22T18:32:55.966Z] Calculated position size (USDT): 21.68722490
[2026-03-22T18:32:55.968Z] Last price: 0.1153
[2026-03-22T18:32:55.971Z] Calculated quantity: 188.09388461
[2026-03-22T18:32:55.973Z] No trade executed for OPUSDT due to signal: HOLD
[2026-03-22T18:32:56.011Z] Mapping candle data...
[2026-03-22T18:32:56.015Z] Long-term ATR (4H): 0.010825252525252524
[2026-03-22T18:32:56.016Z] Calling analyze function...
[2026-03-22T18:32:56.020Z] Analyze function returned: Signal=HOLD, RSI=46.62, EMA=1.389773937922758, ATR=0.0006408065136014563, Price=1.3895
[2026-03-22T18:32:56.023Z] Trend Direction: 15m=DOWN, 4h=DOWN
[2026-03-22T18:32:56.025Z] Starting multi-timeframe confirmation...
[2026-03-22T18:32:56.030Z] Adjusted position size with sentiment: 21.68722490
[2026-03-22T18:32:56.033Z] Type of dailyLossCheck: function
[2026-03-22T18:32:56.035Z] USDT available: 27.10903112
[2026-03-22T18:32:56.036Z] Calculated position size (USDT): 21.68722490
[2026-03-22T18:32:56.043Z] Last price: 1.3895
[2026-03-22T18:32:56.047Z] Calculated quantity: 15.60793443
[2026-03-22T18:32:56.049Z] No trade executed for XRPUSDT due to signal: HOLD
[2026-03-22T18:32:56.053Z] Mapping candle data...
[2026-03-22T18:32:56.055Z] Long-term ATR (4H): 0.029050505050505052
[2026-03-22T18:32:56.060Z] Calling analyze function...
[2026-03-22T18:32:56.067Z] Analyze function returned: Signal=HOLD, RSI=57.47, EMA=2.3811996381175127, ATR=0.0015929388073142683, Price=2.384
[2026-03-22T18:32:56.070Z] Trend Direction: 15m=DOWN, 4h=DOWN
[2026-03-22T18:32:56.071Z] Starting multi-timeframe confirmation...
[2026-03-22T18:32:56.073Z] Adjusted position size with sentiment: 21.68722490
[2026-03-22T18:32:56.076Z] Type of dailyLossCheck: function
[2026-03-22T18:32:56.080Z] USDT available: 27.10903112
[2026-03-22T18:32:56.084Z] Calculated position size (USDT): 21.68722490
[2026-03-22T18:32:56.087Z] Last price: 2.384
[2026-03-22T18:32:56.089Z] Calculated quantity: 9.09699031
[2026-03-22T18:32:56.091Z] No trade executed for ICPUSDT due to signal: HOLD
[2026-03-22T18:32:56.107Z] ERROR in symbol loop for DOTUSDT: Request failed with status code 400. Response data: {"code":"40762","msg":"The order amount exceeds the balance","requestTime":1774204377889,"data":null}
[2026-03-22T18:32:56.147Z] Mapping candle data...
[2026-03-22T18:32:56.149Z] Long-term ATR (4H): 18.47111111111113
[2026-03-22T18:32:56.150Z] Calling analyze function...
[2026-03-22T18:32:56.153Z] Analyze function returned: Signal=HOLD, RSI=41.36, EMA=2077.5180490293455, ATR=1.018732777082302, Price=2076.05
[2026-03-22T18:32:56.155Z] Trend Direction: 15m=DOWN, 4h=DOWN
[2026-03-22T18:32:56.157Z] Starting multi-timeframe confirmation...
[2026-03-22T18:32:56.159Z] Adjusted position size with sentiment: 21.68722490
[2026-03-22T18:32:56.164Z] Type of dailyLossCheck: function
[2026-03-22T18:32:56.166Z] USDT available: 27.10903112
[2026-03-22T18:32:56.167Z] Calculated position size (USDT): 21.68722490
[2026-03-22T18:32:56.169Z] Last price: 2076.05
[2026-03-22T18:32:56.170Z] Calculated quantity: 0.01044639
[2026-03-22T18:32:56.172Z] No trade executed for ETHUSDT due to signal: HOLD
[2026-03-22T18:32:56.182Z] ERROR in symbol loop for BNBUSDT: Request failed with status code 400. Response data: {"code":"40762","msg":"The order amount exceeds the balance","requestTime":1774204378711,"data":null}
[2026-03-22T18:32:56.206Z] Mapping candle data...
[2026-03-22T18:32:56.209Z] Long-term ATR (4H): 0.07022222222222214
[2026-03-22T18:32:56.212Z] Calling analyze function...
[2026-03-22T18:32:56.216Z] Analyze function returned: Signal=HOLD, RSI=56.64, EMA=8.096367313547697, ATR=0.0026797447072656817, Price=8.101
[2026-03-22T18:32:56.218Z] Trend Direction: 15m=DOWN, 4h=DOWN
[2026-03-22T18:32:56.227Z] Starting multi-timeframe confirmation...
[2026-03-22T18:32:56.231Z] Adjusted position size with sentiment: 21.68722490
[2026-03-22T18:32:56.233Z] Type of dailyLossCheck: function
[2026-03-22T18:32:56.235Z] USDT available: 27.10903112
[2026-03-22T18:32:56.236Z] Calculated position size (USDT): 21.68722490
[2026-03-22T18:32:56.238Z] Last price: 8.101
[2026-03-22T18:32:56.239Z] Calculated quantity: 2.67710467
[2026-03-22T18:32:56.240Z] No trade executed for ETCUSDT due to signal: HOLD
[2026-03-22T18:32:56.247Z] Fetching 4H candles for frxUSDCHF
[2026-03-22T18:32:56.249Z] DEBUG: getCandles called for symbol: frxUSDCHF, timeframe: 4H
[2026-03-22T18:32:56.253Z] Fetching 4H candles for frxGBPUSD
[2026-03-22T18:32:56.254Z] DEBUG: getCandles called for symbol: frxGBPUSD, timeframe: 4H
[2026-03-22T18:32:56.258Z] Fetching 4H candles for frxEURCHF
[2026-03-22T18:32:56.262Z] DEBUG: getCandles called for symbol: frxEURCHF, timeframe: 4H
[2026-03-22T18:32:56.266Z] Fetching 4H candles for frxUSDMXN
[2026-03-22T18:32:56.267Z] DEBUG: getCandles called for symbol: frxUSDMXN, timeframe: 4H
[2026-03-22T18:32:56.272Z] Fetching 4H candles for frxAUDNZD
[2026-03-22T18:32:56.273Z] DEBUG: getCandles called for symbol: frxAUDNZD, timeframe: 4H
[2026-03-22T18:32:56.279Z] Fetching 4H candles for frxXPTUSD
[2026-03-22T18:32:56.281Z] DEBUG: getCandles called for symbol: frxXPTUSD, timeframe: 4H
[2026-03-22T18:32:56.285Z] Fetching 4H candles for frxNZDUSD
[2026-03-22T18:32:56.288Z] DEBUG: getCandles called for symbol: frxNZDUSD, timeframe: 4H
[2026-03-22T18:32:56.291Z] Fetching 4H candles for frxGBPCAD
[2026-03-22T18:32:56.295Z] DEBUG: getCandles called for symbol: frxGBPCAD, timeframe: 4H
[2026-03-22T18:32:56.300Z] Fetching 4H candles for frxXAGUSD
[2026-03-22T18:32:56.301Z] DEBUG: getCandles called for symbol: frxXAGUSD, timeframe: 4H
[2026-03-22T18:32:56.316Z] Fetching 4H candles for frxUSDNOK
[2026-03-22T18:32:56.317Z] DEBUG: getCandles called for symbol: frxUSDNOK, timeframe: 4H
[2026-03-22T18:32:56.320Z] Mapping candle data...
[2026-03-22T18:32:56.322Z] Long-term ATR (4H): 0.002662763157894736
[2026-03-22T18:32:56.323Z] Calling analyze function...
[2026-03-22T18:32:56.331Z] Analyze function returned: Signal=HOLD, RSI=68.51, EMA=1.9841558422647145, ATR=0.0002935921174633473, Price=1.98498
[2026-03-22T18:32:56.333Z] Trend Direction: 15m=UP, 4h=UP
[2026-03-22T18:32:56.336Z] Starting multi-timeframe confirmation...
[2026-03-22T18:32:56.338Z] Adjusted position size with sentiment: 21.68722490
[2026-03-22T18:32:56.340Z] Type of dailyLossCheck: function
[2026-03-22T18:32:56.345Z] USDT available: 27.10903112
[2026-03-22T18:32:56.347Z] Calculated position size (USDT): 21.68722490
[2026-03-22T18:32:56.349Z] Last price: 1.98498
[2026-03-22T18:32:56.351Z] Calculated quantity: 10.92566419
[2026-03-22T18:32:56.353Z] No trade executed for frxEURNZD due to signal: HOLD
[2026-03-22T18:32:56.365Z] Fetching 4H candles for frxAUDUSD
[2026-03-22T18:32:56.366Z] DEBUG: getCandles called for symbol: frxAUDUSD, timeframe: 4H
[2026-03-22T18:32:56.375Z] Fetching 4H candles for frxAUDCAD
[2026-03-22T18:32:56.378Z] DEBUG: getCandles called for symbol: frxAUDCAD, timeframe: 4H
[2026-03-22T18:32:56.400Z] Mapping candle data...
[2026-03-22T18:32:56.406Z] Long-term ATR (4H): 0.16836842105263186
[2026-03-22T18:32:56.413Z] Calling analyze function...
[2026-03-22T18:32:56.419Z] Analyze function returned: Signal=HOLD, RSI=40.73, EMA=92.84951141123031, ATR=0.01492950662299718, Price=92.827
[2026-03-22T18:32:56.425Z] Trend Direction: 15m=DOWN, 4h=DOWN
[2026-03-22T18:32:56.430Z] Starting multi-timeframe confirmation...
[2026-03-22T18:32:56.434Z] Adjusted position size with sentiment: 21.68722490
[2026-03-22T18:32:56.442Z] Type of dailyLossCheck: function
[2026-03-22T18:32:56.447Z] USDT available: 27.10903112
[2026-03-22T18:32:56.461Z] Calculated position size (USDT): 21.68722490
[2026-03-22T18:32:56.465Z] Last price: 92.827
[2026-03-22T18:32:56.472Z] Calculated quantity: 0.23363057
[2026-03-22T18:32:56.478Z] No trade executed for frxNZDJPY due to signal: HOLD
[2026-03-22T18:32:56.505Z] Mapping candle data...
[2026-03-22T18:32:56.512Z] Long-term ATR (4H): 0.0022593421052631408
[2026-03-22T18:32:56.513Z] Calling analyze function...
[2026-03-22T18:32:56.521Z] Analyze function returned: Signal=HOLD, RSI=69.68, EMA=1.5870165746402547, ATR=0.00024039447241472545, Price=1.58775
[2026-03-22T18:32:56.529Z] Trend Direction: 15m=DOWN, 4h=UP
[2026-03-22T18:32:56.538Z] Starting multi-timeframe confirmation...
[2026-03-22T18:32:56.554Z] Adjusted position size with sentiment: 21.68722490
[2026-03-22T18:32:56.559Z] Type of dailyLossCheck: function
[2026-03-22T18:32:56.574Z] USDT available: 27.10903112
[2026-03-22T18:32:56.583Z] Calculated position size (USDT): 21.68722490
[2026-03-22T18:32:56.588Z] Last price: 1.58775
[2026-03-22T18:32:56.592Z] Calculated quantity: 13.65909299
[2026-03-22T18:32:56.598Z] No trade executed for frxEURCAD due to signal: HOLD
[2026-03-22T18:32:56.604Z] Mapping candle data...
[2026-03-22T18:32:56.608Z] Long-term ATR (4H): 15.547105263157906
[2026-03-22T18:32:56.612Z] Calling analyze function...
[2026-03-22T18:32:56.631Z] Analyze function returned: Signal=HOLD, RSI=49.91, EMA=1411.5673268919945, ATR=0.9771874040865356, Price=1411.69
[2026-03-22T18:32:56.642Z] Trend Direction: 15m=DOWN, 4h=DOWN
[2026-03-22T18:32:56.691Z] Starting multi-timeframe confirmation...
[2026-03-22T18:32:56.702Z] Adjusted position size with sentiment: 21.68722490
[2026-03-22T18:32:56.732Z] Type of dailyLossCheck: function
[2026-03-22T18:32:56.751Z] USDT available: 27.10903112
[2026-03-22T18:32:56.762Z] Calculated position size (USDT): 21.68722490
[2026-03-22T18:32:56.768Z] Last price: 1411.69
[2026-03-22T18:32:56.781Z] Calculated quantity: 0.01536260
[2026-03-22T18:32:56.785Z] No trade executed for frxXPDUSD due to signal: HOLD
[2026-03-22T18:32:56.801Z] Mapping candle data...
[2026-03-22T18:32:56.814Z] Long-term ATR (4H): 0.23835526315789335
[2026-03-22T18:32:56.818Z] Calling analyze function...
[2026-03-22T18:32:56.833Z] Analyze function returned: Signal=HOLD, RSI=52.38, EMA=212.46872878664334, ATR=0.02385922434458518, Price=212.476
[2026-03-22T18:32:56.836Z] Trend Direction: 15m=UP, 4h=UP
[2026-03-22T18:32:56.838Z] Starting multi-timeframe confirmation...
[2026-03-22T18:32:56.843Z] Adjusted position size with sentiment: 21.68722490
[2026-03-22T18:32:56.845Z] Type of dailyLossCheck: function
[2026-03-22T18:32:56.848Z] USDT available: 27.10903112
[2026-03-22T18:32:56.850Z] Calculated position size (USDT): 21.68722490
[2026-03-22T18:32:56.852Z] Last price: 212.476
[2026-03-22T18:32:56.854Z] Calculated quantity: 0.10206906
[2026-03-22T18:32:56.857Z] No trade executed for frxGBPJPY due to signal: HOLD
[2026-03-22T18:32:56.863Z] Mapping candle data...
[2026-03-22T18:32:56.865Z] Long-term ATR (4H): 0.0024089473684210487
[2026-03-22T18:32:56.867Z] Calling analyze function...
[2026-03-22T18:32:56.874Z] Analyze function returned: Signal=HOLD, RSI=55.51, EMA=1.6473936135412843, ATR=0.0002971193285008095, Price=1.64773
[2026-03-22T18:32:56.878Z] Trend Direction: 15m=UP, 4h=UP
[2026-03-22T18:32:56.880Z] Starting multi-timeframe confirmation...
[2026-03-22T18:32:56.882Z] Adjusted position size with sentiment: 21.68722490
[2026-03-22T18:32:56.884Z] Type of dailyLossCheck: function
[2026-03-22T18:32:56.885Z] USDT available: 27.10903112
[2026-03-22T18:32:56.894Z] Calculated position size (USDT): 21.68722490
[2026-03-22T18:32:56.897Z] Last price: 1.64773
[2026-03-22T18:32:56.899Z] Calculated quantity: 13.16188022
[2026-03-22T18:32:56.902Z] No trade executed for frxEURAUD due to signal: HOLD
[2026-03-22T18:32:56.907Z] Mapping candle data...
[2026-03-22T18:32:56.911Z] Long-term ATR (4H): 0.001967236842105275
[2026-03-22T18:32:56.914Z] Calling analyze function...
[2026-03-22T18:32:56.918Z] Analyze function returned: Signal=HOLD, RSI=73.91, EMA=1.1565639740430431, ATR=0.00013766439267700063, Price=1.15708
[2026-03-22T18:32:56.922Z] Trend Direction: 15m=DOWN, 4h=DOWN
[2026-03-22T18:32:56.926Z] Starting multi-timeframe confirmation...
[2026-03-22T18:32:56.928Z] Adjusted position size with sentiment: 21.68722490
[2026-03-22T18:32:56.931Z] Type of dailyLossCheck: function
[2026-03-22T18:32:56.939Z] USDT available: 27.10903112
[2026-03-22T18:32:56.949Z] Calculated position size (USDT): 21.68722490
[2026-03-22T18:32:56.953Z] Last price: 1.15708
[2026-03-22T18:32:56.958Z] Calculated quantity: 18.74306435
[2026-03-22T18:32:56.960Z] No trade executed for frxEURUSD due to signal: HOLD
[2026-03-22T18:32:56.964Z] Fetching 4H candles for frxGBPAUD
[2026-03-22T18:32:56.965Z] DEBUG: getCandles called for symbol: frxGBPAUD, timeframe: 4H
[2026-03-22T18:32:56.974Z] Mapping candle data...
[2026-03-22T18:32:56.979Z] Long-term ATR (4H): 0.1998947368421061
[2026-03-22T18:32:56.980Z] Calling analyze function...
[2026-03-22T18:32:56.984Z] Analyze function returned: Signal=HOLD, RSI=60.31, EMA=184.22501537635213, ATR=0.01742600916040626, Price=184.25
[2026-03-22T18:32:56.987Z] Trend Direction: 15m=UP, 4h=UP
[2026-03-22T18:32:56.989Z] Starting multi-timeframe confirmation...
[2026-03-22T18:32:56.993Z] Adjusted position size with sentiment: 21.68722490
[2026-03-22T18:32:56.995Z] Type of dailyLossCheck: function
[2026-03-22T18:32:56.998Z] USDT available: 27.10903112
[2026-03-22T18:32:57.005Z] Calculated position size (USDT): 21.68722490
[2026-03-22T18:32:57.008Z] Last price: 184.25
[2026-03-22T18:32:57.010Z] Calculated quantity: 0.11770543
[2026-03-22T18:32:57.016Z] No trade executed for frxEURJPY due to signal: HOLD
[2026-03-22T18:32:57.026Z] Mapping candle data...
[2026-03-22T18:32:57.029Z] Long-term ATR (4H): 0.0011801315789473545
[2026-03-22T18:32:57.034Z] Calling analyze function...
[2026-03-22T18:32:57.039Z] Analyze function returned: Signal=HOLD, RSI=55.33, EMA=1.0512848462650703, ATR=0.000112326995366551, Price=1.05136
[2026-03-22T18:32:57.043Z] Trend Direction: 15m=DOWN, 4h=UP
[2026-03-22T18:32:57.045Z] Starting multi-timeframe confirmation...
[2026-03-22T18:32:57.048Z] Adjusted position size with sentiment: 21.68722490
[2026-03-22T18:32:57.050Z] Type of dailyLossCheck: function
[2026-03-22T18:32:57.051Z] USDT available: 27.10903112
[2026-03-22T18:32:57.053Z] Calculated position size (USDT): 21.68722490
[2026-03-22T18:32:57.055Z] Last price: 1.05136
[2026-03-22T18:32:57.061Z] Calculated quantity: 20.62778201
[2026-03-22T18:32:57.062Z] No trade executed for frxGBPCHF due to signal: HOLD
[2026-03-22T18:32:57.065Z] Mapping candle data...
[2026-03-22T18:32:57.068Z] Long-term ATR (4H): 0.003263026315789464
[2026-03-22T18:32:57.070Z] Calling analyze function...
[2026-03-22T18:32:57.079Z] Analyze function returned: Signal=HOLD, RSI=62.34, EMA=2.2883275097966895, ATR=0.00037395549819568174, Price=2.28897
[2026-03-22T18:32:57.081Z] Trend Direction: 15m=UP, 4h=UP
[2026-03-22T18:32:57.082Z] Starting multi-timeframe confirmation...
[2026-03-22T18:32:57.084Z] Adjusted position size with sentiment: 21.68722490
[2026-03-22T18:32:57.088Z] Type of dailyLossCheck: function
[2026-03-22T18:32:57.093Z] USDT available: 27.10903112
[2026-03-22T18:32:57.095Z] Calculated position size (USDT): 21.68722490
[2026-03-22T18:32:57.097Z] Last price: 2.28897
[2026-03-22T18:32:57.098Z] Calculated quantity: 9.47466542
[2026-03-22T18:32:57.099Z] No trade executed for frxGBPNZD due to signal: HOLD
[2026-03-22T18:32:57.103Z] Mapping candle data...
[2026-03-22T18:32:57.108Z] Long-term ATR (4H): 0.02706000000000006
[2026-03-22T18:32:57.112Z] Calling analyze function...
[2026-03-22T18:32:57.126Z] Analyze function returned: Signal=HOLD, RSI=29.92, EMA=9.348677588201673, ATR=0.001352764130313392, Price=9.34486
[2026-03-22T18:32:57.130Z] Trend Direction: 15m=UP, 4h=UP
[2026-03-22T18:32:57.132Z] Starting multi-timeframe confirmation...
[2026-03-22T18:32:57.134Z] Adjusted position size with sentiment: 21.68722490
[2026-03-22T18:32:57.135Z] Type of dailyLossCheck: function
[2026-03-22T18:32:57.140Z] USDT available: 27.10903112
[2026-03-22T18:32:57.142Z] Calculated position size (USDT): 21.68722490
[2026-03-22T18:32:57.143Z] Last price: 9.34486
[2026-03-22T18:32:57.145Z] Calculated quantity: 2.32076509
[2026-03-22T18:32:57.146Z] No trade executed for frxUSDSEK due to signal: HOLD
[2026-03-22T18:32:57.155Z] Mapping candle data...
[2026-03-22T18:32:57.157Z] Long-term ATR (4H): 0.0013417105263157881
[2026-03-22T18:32:57.161Z] Calling analyze function...
[2026-03-22T18:32:57.164Z] Analyze function returned: Signal=HOLD, RSI=51.47, EMA=1.3722478654873451, ATR=0.00012922538775760013, Price=1.37226
[2026-03-22T18:32:57.166Z] Trend Direction: 15m=DOWN, 4h=UP
[2026-03-22T18:32:57.169Z] Starting multi-timeframe confirmation...
[2026-03-22T18:32:57.174Z] Adjusted position size with sentiment: 21.68722490
[2026-03-22T18:32:57.217Z] Type of dailyLossCheck: function
[2026-03-22T18:32:57.268Z] USDT available: 27.10903112
[2026-03-22T18:32:57.353Z] Calculated position size (USDT): 21.68722490
[2026-03-22T18:32:57.370Z] Last price: 1.37226
[2026-03-22T18:32:57.372Z] Calculated quantity: 15.80402030
[2026-03-22T18:32:57.376Z] No trade executed for frxUSDCAD due to signal: HOLD
[2026-03-22T18:32:57.381Z] Mapping candle data...
[2026-03-22T18:32:57.398Z] Long-term ATR (4H): 0.0009110526315789426
[2026-03-22T18:32:57.418Z] Calling analyze function...
[2026-03-22T18:32:57.425Z] Analyze function returned: Signal=HOLD, RSI=53.44, EMA=0.5533267274037208, ATR=0.00009522785202610143, Price=0.55333
[2026-03-22T18:32:57.428Z] Trend Direction: 15m=DOWN, 4h=UP
[2026-03-22T18:32:57.430Z] Starting multi-timeframe confirmation...
[2026-03-22T18:32:57.433Z] Adjusted position size with sentiment: 21.68722490
[2026-03-22T18:32:57.436Z] Type of dailyLossCheck: function
[2026-03-22T18:32:57.441Z] USDT available: 27.10903112
[2026-03-22T18:32:57.443Z] Calculated position size (USDT): 21.68722490
[2026-03-22T18:32:57.446Z] Last price: 0.55333
[2026-03-22T18:32:57.448Z] Calculated quantity: 39.19401604
[2026-03-22T18:32:57.450Z] No trade executed for frxAUDCHF due to signal: HOLD
[2026-03-22T18:32:57.458Z] Mapping candle data...
[2026-03-22T18:32:57.461Z] Long-term ATR (4H): 0.009977631578947382
[2026-03-22T18:32:57.464Z] Calling analyze function...
[2026-03-22T18:32:57.474Z] Analyze function returned: Signal=HOLD, RSI=24.15, EMA=3.6986631719150638, ATR=0.0006986194988003168, Price=3.6965
[2026-03-22T18:32:57.476Z] Trend Direction: 15m=UP, 4h=UP
[2026-03-22T18:32:57.477Z] Starting multi-timeframe confirmation...
[2026-03-22T18:32:57.478Z] Adjusted position size with sentiment: 21.68722490
[2026-03-22T18:32:57.481Z] Type of dailyLossCheck: function
[2026-03-22T18:32:57.486Z] USDT available: 27.10903112
[2026-03-22T18:32:57.491Z] Calculated position size (USDT): 21.68722490
[2026-03-22T18:32:57.494Z] Last price: 3.6965
[2026-03-22T18:32:57.503Z] Calculated quantity: 5.86696196
[2026-03-22T18:32:57.508Z] No trade executed for frxUSDPLN due to signal: HOLD
[2026-03-22T18:32:57.512Z] Mapping candle data...
[2026-03-22T18:32:57.522Z] Long-term ATR (4H): 0.0005438157894736956
[2026-03-22T18:32:57.526Z] Calling analyze function...
[2026-03-22T18:32:57.532Z] Analyze function returned: Signal=HOLD, RSI=65.35, EMA=0.8670794969664791, ATR=0.00007069512980029764, Price=0.86719
[2026-03-22T18:32:57.538Z] Trend Direction: 15m=UP, 4h=DOWN
[2026-03-22T18:32:57.542Z] Starting multi-timeframe confirmation...
[2026-03-22T18:32:57.544Z] Adjusted position size with sentiment: 21.68722490
[2026-03-22T18:32:57.546Z] Type of dailyLossCheck: function
[2026-03-22T18:32:57.549Z] USDT available: 27.10903112
[2026-03-22T18:32:57.552Z] Calculated position size (USDT): 21.68722490
[2026-03-22T18:32:57.557Z] Last price: 0.86719
[2026-03-22T18:32:57.559Z] Calculated quantity: 25.00861968
[2026-03-22T18:32:57.560Z] No trade executed for frxEURGBP due to signal: HOLD
[2026-03-22T18:32:57.563Z] Mapping candle data...
[2026-03-22T18:32:57.564Z] Long-term ATR (4H): 0.016657236842105242
[2026-03-22T18:32:57.566Z] Calling analyze function...
[2026-03-22T18:32:57.572Z] Analyze function returned: Signal=HOLD, RSI=68.31, EMA=12.761989407397023, ATR=0.0025167504540889465, Price=12.76649
[2026-03-22T18:32:57.575Z] Trend Direction: 15m=UP, 4h=DOWN
[2026-03-22T18:32:57.577Z] Starting multi-timeframe confirmation...
[2026-03-22T18:32:57.579Z] Adjusted position size with sentiment: 21.68722490
[2026-03-22T18:32:57.581Z] Type of dailyLossCheck: function
[2026-03-22T18:32:57.583Z] USDT available: 27.10903112
[2026-03-22T18:32:57.586Z] Calculated position size (USDT): 21.68722490
[2026-03-22T18:32:57.591Z] Last price: 12.76649
[2026-03-22T18:32:57.593Z] Calculated quantity: 1.69876175
[2026-03-22T18:32:57.594Z] No trade executed for frxGBPNOK due to signal: HOLD
[2026-03-22T18:32:57.596Z] Mapping candle data...
[2026-03-22T18:32:57.599Z] Long-term ATR (4H): 0.21768421052631576
[2026-03-22T18:32:57.602Z] Calling analyze function...
[2026-03-22T18:32:57.609Z] Analyze function returned: Signal=HOLD, RSI=51.13, EMA=111.8300316748268, ATR=0.02178300751901507, Price=111.826
[2026-03-22T18:32:57.612Z] Trend Direction: 15m=DOWN, 4h=UP
[2026-03-22T18:32:57.614Z] Starting multi-timeframe confirmation...
[2026-03-22T18:32:57.617Z] Adjusted position size with sentiment: 21.68722490
[2026-03-22T18:32:57.621Z] Type of dailyLossCheck: function
[2026-03-22T18:32:57.625Z] USDT available: 27.10903112
[2026-03-22T18:32:57.626Z] Calculated position size (USDT): 21.68722490
[2026-03-22T18:32:57.628Z] Last price: 111.826
[2026-03-22T18:32:57.630Z] Calculated quantity: 0.19393723
[2026-03-22T18:32:57.632Z] No trade executed for frxAUDJPY due to signal: HOLD
[2026-03-22T18:32:57.656Z] Mapping candle data...
[2026-03-22T18:32:57.660Z] Long-term ATR (4H): 0.21769736842105358
[2026-03-22T18:32:57.662Z] Calling analyze function...
[2026-03-22T18:32:57.666Z] Analyze function returned: Signal=HOLD, RSI=27.62, EMA=159.28885631293846, ATR=0.013069059057638024, Price=159.242
[2026-03-22T18:32:57.670Z] Trend Direction: 15m=UP, 4h=UP
[2026-03-22T18:32:57.673Z] Starting multi-timeframe confirmation...
[2026-03-22T18:32:57.675Z] Adjusted position size with sentiment: 21.68722490
[2026-03-22T18:32:57.678Z] Type of dailyLossCheck: function
[2026-03-22T18:32:57.686Z] USDT available: 27.10903112
[2026-03-22T18:32:57.690Z] Calculated position size (USDT): 21.68722490
[2026-03-22T18:32:57.692Z] Last price: 159.242
[2026-03-22T18:32:57.695Z] Calculated quantity: 0.13619036
[2026-03-22T18:32:57.703Z] No trade executed for frxUSDJPY due to signal: HOLD
[2026-03-22T18:32:57.719Z] Mapping candle data...
[2026-03-22T18:32:57.721Z] Long-term ATR (4H): 0.0013171052631578914
[2026-03-22T18:32:57.723Z] Calling analyze function...
[2026-03-22T18:32:57.737Z] Analyze function returned: Signal=HOLD, RSI=33.47, EMA=0.788145818729009, ATR=0.00008168061214412084, Price=0.78792
[2026-03-22T18:32:57.741Z] Trend Direction: 15m=DOWN, 4h=UP
[2026-03-22T18:32:57.743Z] Starting multi-timeframe confirmation...
[2026-03-22T18:32:57.750Z] Adjusted position size with sentiment: 21.68722490
[2026-03-22T18:32:57.755Z] Type of dailyLossCheck: function
[2026-03-22T18:32:57.758Z] USDT available: 27.10903112
[2026-03-22T18:32:57.759Z] Calculated position size (USDT): 21.68722490
[2026-03-22T18:32:57.761Z] Last price: 0.78792
[2026-03-22T18:32:57.763Z] Calculated quantity: 27.52465339
[2026-03-22T18:32:57.765Z] No trade executed for frxUSDCHF due to signal: HOLD
[2026-03-22T18:32:57.772Z] Mapping candle data...
[2026-03-22T18:32:57.774Z] Long-term ATR (4H): 0.0023874999999999925
[2026-03-22T18:32:57.776Z] Calling analyze function...
[2026-03-22T18:32:57.779Z] Analyze function returned: Signal=HOLD, RSI=67.64, EMA=1.3338678327523712, ATR=0.000165396705569508, Price=1.33432
[2026-03-22T18:32:57.781Z] Trend Direction: 15m=DOWN, 4h=DOWN
[2026-03-22T18:32:57.786Z] Starting multi-timeframe confirmation...
[2026-03-22T18:32:57.790Z] Adjusted position size with sentiment: 21.68722490
[2026-03-22T18:32:57.792Z] Type of dailyLossCheck: function
[2026-03-22T18:32:57.793Z] USDT available: 27.10903112
[2026-03-22T18:32:57.795Z] Calculated position size (USDT): 21.68722490
[2026-03-22T18:32:57.798Z] Last price: 1.33432
[2026-03-22T18:32:57.804Z] Calculated quantity: 16.25339116
[2026-03-22T18:32:57.806Z] No trade executed for frxGBPUSD due to signal: HOLD
[2026-03-22T18:32:57.810Z] Mapping candle data...
[2026-03-22T18:32:57.812Z] Long-term ATR (4H): 0.0007406578947368502
[2026-03-22T18:32:57.814Z] Calling analyze function...
[2026-03-22T18:32:57.822Z] Analyze function returned: Signal=HOLD, RSI=66.66, EMA=0.9115412845754698, ATR=0.00006559095226684298, Price=0.91169
[2026-03-22T18:32:57.824Z] Trend Direction: 15m=DOWN, 4h=UP
[2026-03-22T18:32:57.825Z] Starting multi-timeframe confirmation...
[2026-03-22T18:32:57.827Z] Adjusted position size with sentiment: 21.68722490
[2026-03-22T18:32:57.829Z] Type of dailyLossCheck: function
[2026-03-22T18:32:57.831Z] USDT available: 27.10903112
[2026-03-22T18:32:57.832Z] Calculated position size (USDT): 21.68722490
[2026-03-22T18:32:57.836Z] Last price: 0.91169
[2026-03-22T18:32:57.839Z] Calculated quantity: 23.78793767
[2026-03-22T18:32:57.842Z] No trade executed for frxEURCHF due to signal: HOLD
[2026-03-22T18:32:57.844Z] Mapping candle data...
[2026-03-22T18:32:57.851Z] Long-term ATR (4H): 27.17039473684208
[2026-03-22T18:32:57.855Z] Calling analyze function...
[2026-03-22T18:32:57.861Z] Analyze function returned: Signal=HOLD, RSI=43.04, EMA=4500.529119332874, ATR=3.034370902174315, Price=4498.01
[2026-03-22T18:32:57.868Z] Trend Direction: 15m=DOWN, 4h=DOWN
[2026-03-22T18:32:57.871Z] Starting multi-timeframe confirmation...
[2026-03-22T18:32:57.874Z] Adjusted position size with sentiment: 44.98010000
[2026-03-22T18:32:57.878Z] Type of dailyLossCheck: function
[2026-03-22T18:32:57.882Z] USDT available: 27.10903112
[2026-03-22T18:32:57.890Z] Calculated position size (USDT): 44.98010000
[2026-03-22T18:32:57.891Z] Last price: 4498.01
[2026-03-22T18:32:57.894Z] Calculated quantity: 0.01000000
[2026-03-22T18:32:57.896Z] No trade executed for frxXAUUSD due to signal: HOLD
[2026-03-22T18:32:57.901Z] Mapping candle data...
[2026-03-22T18:32:57.908Z] Long-term ATR (4H): 0.05173026315789473
[2026-03-22T18:32:57.913Z] Calling analyze function...
[2026-03-22T18:32:57.922Z] Analyze function returned: Signal=HOLD, RSI=36.04, EMA=17.920155012576025, ATR=0.003201092502371834, Price=17.9171
[2026-03-22T18:32:57.925Z] Trend Direction: 15m=UP, 4h=UP
[2026-03-22T18:32:57.927Z] Starting multi-timeframe confirmation...
[2026-03-22T18:32:57.934Z] Adjusted position size with sentiment: 21.68722490
[2026-03-22T18:32:57.940Z] Type of dailyLossCheck: function
[2026-03-22T18:32:57.943Z] USDT available: 27.10903112
[2026-03-22T18:32:57.944Z] Calculated position size (USDT): 21.68722490
[2026-03-22T18:32:57.946Z] Last price: 17.9171
[2026-03-22T18:32:57.950Z] Calculated quantity: 1.21042049
[2026-03-22T18:32:57.958Z] No trade executed for frxUSDMXN due to signal: HOLD
[2026-03-22T18:32:57.961Z] Mapping candle data...
[2026-03-22T18:32:57.963Z] Long-term ATR (4H): 18.84250000000002
[2026-03-22T18:32:57.967Z] Calling analyze function...
[2026-03-22T18:32:57.974Z] Analyze function returned: Signal=HOLD, RSI=44.91, EMA=1928.9927477665697, ATR=1.3364621669630878, Price=1927.76
[2026-03-22T18:32:57.976Z] Trend Direction: 15m=DOWN, 4h=DOWN
[2026-03-22T18:32:57.979Z] Starting multi-timeframe confirmation...
[2026-03-22T18:32:57.983Z] Adjusted position size with sentiment: 21.68722490
[2026-03-22T18:32:57.989Z] Type of dailyLossCheck: function
[2026-03-22T18:32:57.991Z] USDT available: 27.10903112
[2026-03-22T18:32:57.993Z] Calculated position size (USDT): 21.68722490
[2026-03-22T18:32:57.994Z] Last price: 1927.76
[2026-03-22T18:32:57.996Z] Calculated quantity: 0.01124996
[2026-03-22T18:32:57.999Z] No trade executed for frxXPTUSD due to signal: HOLD
[2026-03-22T18:32:58.006Z] Mapping candle data...
[2026-03-22T18:32:58.007Z] Long-term ATR (4H): 0.0012149999999999865
[2026-03-22T18:32:58.009Z] Calling analyze function...
[2026-03-22T18:32:58.012Z] Analyze function returned: Signal=HOLD, RSI=67.65, EMA=1.2044157361033847, ATR=0.00015085975559953358, Price=1.20469
[2026-03-22T18:32:58.014Z] Trend Direction: 15m=DOWN, 4h=UP
[2026-03-22T18:32:58.016Z] Starting multi-timeframe confirmation...
[2026-03-22T18:32:58.020Z] Adjusted position size with sentiment: 21.68722490
[2026-03-22T18:32:58.022Z] Type of dailyLossCheck: function
[2026-03-22T18:32:58.023Z] USDT available: 27.10903112
[2026-03-22T18:32:58.025Z] Calculated position size (USDT): 21.68722490
[2026-03-22T18:32:58.027Z] Last price: 1.20469
[2026-03-22T18:32:58.028Z] Calculated quantity: 18.00232831
[2026-03-22T18:32:58.029Z] No trade executed for frxAUDNZD due to signal: HOLD
[2026-03-22T18:32:58.035Z] Mapping candle data...
[2026-03-22T18:32:58.039Z] Long-term ATR (4H): 0.0014439473684210579
[2026-03-22T18:32:58.041Z] Calling analyze function...
[2026-03-22T18:32:58.045Z] Analyze function returned: Signal=HOLD, RSI=53.74, EMA=0.582905029874913, ATR=0.00008642877521857425, Price=0.58293
[2026-03-22T18:32:58.047Z] Trend Direction: 15m=DOWN, 4h=DOWN
[2026-03-22T18:32:58.048Z] Starting multi-timeframe confirmation...
[2026-03-22T18:32:58.054Z] Adjusted position size with sentiment: 21.68722490
[2026-03-22T18:32:58.056Z] Type of dailyLossCheck: function
[2026-03-22T18:32:58.057Z] USDT available: 27.10903112
[2026-03-22T18:32:58.059Z] Calculated position size (USDT): 21.68722490
[2026-03-22T18:32:58.061Z] Last price: 0.58293
[2026-03-22T18:32:58.063Z] Calculated quantity: 37.20382361
[2026-03-22T18:32:58.066Z] No trade executed for frxNZDUSD due to signal: HOLD
[2026-03-22T18:32:58.073Z] Mapping candle data...
[2026-03-22T18:32:58.074Z] Long-term ATR (4H): 0.0027544736842105245
[2026-03-22T18:32:58.076Z] Calling analyze function...
[2026-03-22T18:32:58.079Z] Analyze function returned: Signal=HOLD, RSI=68.03, EMA=1.8303284609351014, ATR=0.00026545827137731216, Price=1.83099
[2026-03-22T18:32:58.082Z] Trend Direction: 15m=DOWN, 4h=UP
[2026-03-22T18:32:58.088Z] Starting multi-timeframe confirmation...
[2026-03-22T18:32:58.091Z] Adjusted position size with sentiment: 21.68722490
[2026-03-22T18:32:58.092Z] Type of dailyLossCheck: function
[2026-03-22T18:32:58.095Z] USDT available: 27.10903112
[2026-03-22T18:32:58.096Z] Calculated position size (USDT): 21.68722490
[2026-03-22T18:32:58.098Z] Last price: 1.83099
[2026-03-22T18:32:58.101Z] Calculated quantity: 11.84453487
[2026-03-22T18:32:58.106Z] No trade executed for frxGBPCAD due to signal: HOLD
[2026-03-22T18:32:58.108Z] Mapping candle data...
[2026-03-22T18:32:58.110Z] Long-term ATR (4H): 1.0104684210526313
[2026-03-22T18:32:58.112Z] Calling analyze function...
[2026-03-22T18:32:58.120Z] Analyze function returned: Signal=HOLD, RSI=43.63, EMA=68.00021295690647, ATR=0.08321189429656936, Price=67.917
[2026-03-22T18:32:58.122Z] Trend Direction: 15m=DOWN, 4h=DOWN
[2026-03-22T18:32:58.124Z] Starting multi-timeframe confirmation...
[2026-03-22T18:32:58.127Z] Adjusted position size with sentiment: 21.68722490
[2026-03-22T18:32:58.129Z] Type of dailyLossCheck: function
[2026-03-22T18:32:58.131Z] USDT available: 27.10903112
[2026-03-22T18:32:58.133Z] Calculated position size (USDT): 21.68722490
[2026-03-22T18:32:58.135Z] Last price: 67.917
[2026-03-22T18:32:58.138Z] Calculated quantity: 0.31931954
[2026-03-22T18:32:58.142Z] No trade executed for frxXAGUSD due to signal: HOLD
[2026-03-22T18:32:58.146Z] Mapping candle data...
[2026-03-22T18:32:58.149Z] Long-term ATR (4H): 0.017794210526315826
[2026-03-22T18:32:58.154Z] Calling analyze function...
[2026-03-22T18:32:58.157Z] Analyze function returned: Signal=HOLD, RSI=44.35, EMA=9.566624400603146, ATR=0.0011776474819125758, Price=9.56577
[2026-03-22T18:32:58.159Z] Trend Direction: 15m=UP, 4h=DOWN
[2026-03-22T18:32:58.162Z] Starting multi-timeframe confirmation...
[2026-03-22T18:32:58.165Z] Adjusted position size with sentiment: 21.68722490
[2026-03-22T18:32:58.167Z] Type of dailyLossCheck: function
[2026-03-22T18:32:58.171Z] USDT available: 27.10903112
[2026-03-22T18:32:58.173Z] Calculated position size (USDT): 21.68722490
[2026-03-22T18:32:58.175Z] Last price: 9.56577
[2026-03-22T18:32:58.176Z] Calculated quantity: 2.26716980
[2026-03-22T18:32:58.178Z] No trade executed for frxUSDNOK due to signal: HOLD
[2026-03-22T18:32:58.182Z] Mapping candle data...
[2026-03-22T18:32:58.186Z] Long-term ATR (4H): 0.0017528947368420922
[2026-03-22T18:32:58.188Z] Calling analyze function...
[2026-03-22T18:32:58.190Z] Analyze function returned: Signal=HOLD, RSI=63.49, EMA=0.7020623389389212, ATR=0.0001221026971157213, Price=0.70225
[2026-03-22T18:32:58.192Z] Trend Direction: 15m=DOWN, 4h=DOWN
[2026-03-22T18:32:58.194Z] Starting multi-timeframe confirmation...
[2026-03-22T18:32:58.195Z] Adjusted position size with sentiment: 21.68722490
[2026-03-22T18:32:58.197Z] Type of dailyLossCheck: function
[2026-03-22T18:32:58.200Z] USDT available: 27.10903112
[2026-03-22T18:32:58.204Z] Calculated position size (USDT): 21.68722490
[2026-03-22T18:32:58.206Z] Last price: 0.70225
[2026-03-22T18:32:58.214Z] Calculated quantity: 30.88248472
[2026-03-22T18:32:58.219Z] No trade executed for frxAUDUSD due to signal: HOLD
[2026-03-22T18:32:58.223Z] Mapping candle data...
[2026-03-22T18:32:58.225Z] Long-term ATR (4H): 0.00201184210526316
[2026-03-22T18:32:58.227Z] Calling analyze function...
[2026-03-22T18:32:58.242Z] Analyze function returned: Signal=HOLD, RSI=64.89, EMA=0.9633638135833719, ATR=0.0001720674354108004, Price=0.96369
[2026-03-22T18:32:58.244Z] Trend Direction: 15m=DOWN, 4h=UP
[2026-03-22T18:32:58.245Z] Starting multi-timeframe confirmation...
[2026-03-22T18:32:58.249Z] Adjusted position size with sentiment: 21.68722490
[2026-03-22T18:32:58.254Z] Type of dailyLossCheck: function
[2026-03-22T18:32:58.256Z] USDT available: 27.10903112
[2026-03-22T18:32:58.257Z] Calculated position size (USDT): 21.68722490
[2026-03-22T18:32:58.259Z] Last price: 0.96369
[2026-03-22T18:32:58.261Z] Calculated quantity: 22.50435814
[2026-03-22T18:32:58.262Z] No trade executed for frxAUDCAD due to signal: HOLD
[2026-03-22T18:32:58.269Z] Mapping candle data...
[2026-03-22T18:32:58.271Z] Long-term ATR (4H): 0.0028085526315789464
[2026-03-22T18:32:58.273Z] Calling analyze function...
[2026-03-22T18:32:58.276Z] Analyze function returned: Signal=HOLD, RSI=50.33, EMA=1.8999092272732307, ATR=0.0003430260899591939, Price=1.90005
[2026-03-22T18:32:58.278Z] Trend Direction: 15m=UP, 4h=UP
[2026-03-22T18:32:58.280Z] Starting multi-timeframe confirmation...
[2026-03-22T18:32:58.285Z] Adjusted position size with sentiment: 21.68722490
[2026-03-22T18:32:58.287Z] Type of dailyLossCheck: function
[2026-03-22T18:32:58.289Z] USDT available: 27.10903112
[2026-03-22T18:32:58.290Z] Calculated position size (USDT): 21.68722490
[2026-03-22T18:32:58.291Z] Last price: 1.90005
[2026-03-22T18:32:58.293Z] Calculated quantity: 11.41402852
[2026-03-22T18:32:58.295Z] No trade executed for frxGBPAUD due to signal: HOLD
[2026-03-22T18:33:34.669Z] runBot function started.
[2026-03-22T18:33:35.586Z] Connected to Deriv WebSocket API
[2026-03-22T18:33:35.902Z] Deriv API Authorized: VRTC6531638
[2026-03-22T18:33:35.904Z] Connected to Deriv API successfully.
[2026-03-22T18:33:37.035Z] Fetched Bitget contract configurations.
[2026-03-22T18:33:37.469Z] Deriv API Contract Configurations written to deriv_active_symbols.json
[2026-03-22T18:33:37.605Z] Fetched Deriv contract configurations.
[2026-03-22T18:33:37.634Z] Deriv Contract Configurations: {
  "WLDAUD": {
    "minTradeNum": 0.01,
    "pricePlace": 5
  },
  "frxAUDCAD": {
    "minTradeNum": 0.01,
    "pricePlace": 5
  },
  "frxAUDCHF": {
    "minTradeNum": 0.01,
    "pricePlace": 5
  },
  "frxAUDJPY": {
    "minTradeNum": 0.01,
    "pricePlace": 5
  },
  "frxAUDNZD": {
    "minTradeNum": 0.01,
    "pricePlace": 5
  },
  "frxAUDUSD": {
    "minTradeNum": 0.01,
    "pricePlace": 5
  },
  "OTC_AS51": {
    "minTradeNum": 0.01,
    "pricePlace": 5
  },
  "cryBTCUSD": {
    "minTradeNum": 0.01,
    "pricePlace": 5
  },
  "RDBEAR": {
    "minTradeNum": 0.01,
    "pricePlace": 5
  },
  "BOOM50": {
    "minTradeNum": 0.01,
    "pricePlace": 5
  },
  "BOOM150N": {
    "minTradeNum": 0.01,
    "pricePlace": 5
  },
  "BOOM300N": {
    "minTradeNum": 0.01,
    "pricePlace": 5
  },
  "BOOM500": {
    "minTradeNum": 0.01,
    "pricePlace": 5
  },
  "BOOM600": {
    "minTradeNum": 0.01,
    "pricePlace": 5
  },
  "BOOM900": {
    "minTradeNum": 0.01,
    "pricePlace": 5
  },
  "BOOM1000": {
    "minTradeNum": 0.01,
    "pricePlace": 5
  },
  "RDBULL": {
    "minTradeNum": 0.01,
    "pricePlace": 5
  },
  "CRASH50": {
    "minTradeNum": 0.01,
    "pricePlace": 5
  },
  "CRASH150N": {
    "minTradeNum": 0.01,
    "pricePlace": 5
  },
  "CRASH300N": {
    "minTradeNum": 0.01,
    "pricePlace": 5
  },
  "CRASH500": {
    "minTradeNum": 0.01,
    "pricePlace": 5
  },
  "CRASH600": {
    "minTradeNum": 0.01,
    "pricePlace": 5
  },
  "CRASH900": {
    "minTradeNum": 0.01,
    "pricePlace": 5
  },
  "CRASH1000": {
    "minTradeNum": 0.01,
    "pricePlace": 5
  },
  "cryETHUSD": {
    "minTradeNum": 0.01,
    "pricePlace": 5
  },
  "WLDEUR": {
    "minTradeNum": 0.01,
    "pricePlace": 5
  },
  "frxEURAUD": {
    "minTradeNum": 0.01,
    "pricePlace": 5
  },
  "frxEURCAD": {
    "minTradeNum": 0.01,
    "pricePlace": 5
  },
  "frxEURCHF": {
    "minTradeNum": 0.01,
    "pricePlace": 5
  },
  "frxEURGBP": {
    "minTradeNum": 0.01,
    "pricePlace": 5
  },
  "frxEURJPY": {
    "minTradeNum": 0.01,
    "pricePlace": 5
  },
  "frxEURNZD": {
    "minTradeNum": 0.01,
    "pricePlace": 5
  },
  "frxEURUSD": {
    "minTradeNum": 0.01,
    "pricePlace": 5
  },
  "OTC_SX5E": {
    "minTradeNum": 0.01,
    "pricePlace": 5
  },
  "OTC_FCHI": {
    "minTradeNum": 0.01,
    "pricePlace": 5
  },
  "WLDGBP": {
    "minTradeNum": 0.01,
    "pricePlace": 5
  },
  "frxGBPAUD": {
    "minTradeNum": 0.01,
    "pricePlace": 5
  },
  "frxGBPCAD": {
    "minTradeNum": 0.01,
    "pricePlace": 5
  },
  "frxGBPCHF": {
    "minTradeNum": 0.01,
    "pricePlace": 5
  },
  "frxGBPJPY": {
    "minTradeNum": 0.01,
    "pricePlace": 5
  },
  "frxGBPNOK": {
    "minTradeNum": 0.01,
    "pricePlace": 5
  },
  "frxGBPNZD": {
    "minTradeNum": 0.01,
    "pricePlace": 5
  },
  "frxGBPUSD": {
    "minTradeNum": 0.01,
    "pricePlace": 5
  },
  "OTC_GDAXI": {
    "minTradeNum": 0.01,
    "pricePlace": 5
  },
  "WLDXAU": {
    "minTradeNum": 0.01,
    "pricePlace": 5
  },
  "frxXAUUSD": {
    "minTradeNum": 0.01,
    "pricePlace": 5
  },
  "OTC_HSI": {
    "minTradeNum": 0.01,
    "pricePlace": 5
  },
  "OTC_N225": {
    "minTradeNum": 0.01,
    "pricePlace": 5
  },
  "JD10": {
    "minTradeNum": 0.01,
    "pricePlace": 5
  },
  "JD25": {
    "minTradeNum": 0.01,
    "pricePlace": 5
  },
  "JD50": {
    "minTradeNum": 0.01,
    "pricePlace": 5
  },
  "JD75": {
    "minTradeNum": 0.01,
    "pricePlace": 5
  },
  "JD100": {
    "minTradeNum": 0.01,
    "pricePlace": 5
  },
  "frxNZDJPY": {
    "minTradeNum": 0.01,
    "pricePlace": 5
  },
  "frxNZDUSD": {
    "minTradeNum": 0.01,
    "pricePlace": 5
  },
  "OTC_AEX": {
    "minTradeNum": 0.01,
    "pricePlace": 5
  },
  "frxXPDUSD": {
    "minTradeNum": 0.01,
    "pricePlace": 5
  },
  "frxXPTUSD": {
    "minTradeNum": 0.01,
    "pricePlace": 5
  },
  "RB100": {
    "minTradeNum": 0.01,
    "pricePlace": 5
  },
  "RB200": {
    "minTradeNum": 0.01,
    "pricePlace": 5
  },
  "frxXAGUSD": {
    "minTradeNum": 0.01,
    "pricePlace": 5
  },
  "stpRNG": {
    "minTradeNum": 0.01,
    "pricePlace": 5
  },
  "stpRNG2": {
    "minTradeNum": 0.01,
    "pricePlace": 5
  },
  "stpRNG3": {
    "minTradeNum": 0.01,
    "pricePlace": 5
  },
  "stpRNG4": {
    "minTradeNum": 0.01,
    "pricePlace": 5
  },
  "stpRNG5": {
    "minTradeNum": 0.01,
    "pricePlace": 5
  },
  "OTC_SSMI": {
    "minTradeNum": 0.01,
    "pricePlace": 5
  },
  "OTC_FTSE": {
    "minTradeNum": 0.01,
    "pricePlace": 5
  },
  "OTC_SPC": {
    "minTradeNum": 0.01,
    "pricePlace": 5
  },
  "OTC_NDX": {
    "minTradeNum": 0.01,
    "pricePlace": 5
  },
  "WLDUSD": {
    "minTradeNum": 0.01,
    "pricePlace": 5
  },
  "frxUSDCAD": {
    "minTradeNum": 0.01,
    "pricePlace": 5
  },
  "frxUSDCHF": {
    "minTradeNum": 0.01,
    "pricePlace": 5
  },
  "frxUSDJPY": {
    "minTradeNum": 0.01,
    "pricePlace": 5
  },
  "frxUSDMXN": {
    "minTradeNum": 0.01,
    "pricePlace": 5
  },
  "frxUSDNOK": {
    "minTradeNum": 0.01,
    "pricePlace": 5
  },
  "frxUSDPLN": {
    "minTradeNum": 0.01,
    "pricePlace": 5
  },
  "frxUSDSEK": {
    "minTradeNum": 0.01,
    "pricePlace": 5
  },
  "1HZ10V": {
    "minTradeNum": 0.01,
    "pricePlace": 5
  },
  "R_10": {
    "minTradeNum": 0.01,
    "pricePlace": 5
  },
  "1HZ15V": {
    "minTradeNum": 0.01,
    "pricePlace": 5
  },
  "1HZ25V": {
    "minTradeNum": 0.01,
    "pricePlace": 5
  },
  "R_25": {
    "minTradeNum": 0.01,
    "pricePlace": 5
  },
  "1HZ30V": {
    "minTradeNum": 0.01,
    "pricePlace": 5
  },
  "1HZ50V": {
    "minTradeNum": 0.01,
    "pricePlace": 5
  },
  "R_50": {
    "minTradeNum": 0.01,
    "pricePlace": 5
  },
  "1HZ75V": {
    "minTradeNum": 0.01,
    "pricePlace": 5
  },
  "R_75": {
    "minTradeNum": 0.01,
    "pricePlace": 5
  },
  "1HZ90V": {
    "minTradeNum": 0.01,
    "pricePlace": 5
  },
  "1HZ100V": {
    "minTradeNum": 0.01,
    "pricePlace": 5
  },
  "R_100": {
    "minTradeNum": 0.01,
    "pricePlace": 5
  },
  "OTC_DJI": {
    "minTradeNum": 0.01,
    "pricePlace": 5
  }
}
[2026-03-22T18:33:37.813Z] Skipping news sentiment fetch. Next fetch in approximately 3 minutes.
[2026-03-22T18:33:37.819Z] Entering symbol loop.
[2026-03-22T18:33:38.262Z] Fetched Bitget balances successfully.
[2026-03-22T18:33:38.546Z] Fetched Deriv balances successfully.
[2026-03-22T18:33:38.620Z] Initial balance set to: 27.11 USDT
[2026-03-22T18:33:38.781Z] Current Balance: 27.11 USDT, Initial Balance: 27.11 USDT, Peak Balance: 27.11 USDT
[2026-03-22T18:33:38.814Z] Daily Loss Percent: 0.00%, Total Drawdown Percent: 0.00%
[2026-03-22T18:33:38.819Z] Processing symbol: BTCUSDT
[2026-03-22T18:33:38.822Z] Fetching 1m candles for BTCUSDT
[2026-03-22T18:33:38.827Z] Processing symbol: ETHUSDT
[2026-03-22T18:33:38.833Z] Fetching 1m candles for ETHUSDT
[2026-03-22T18:33:38.840Z] Processing symbol: XRPUSDT
[2026-03-22T18:33:38.849Z] Fetching 1m candles for XRPUSDT
[2026-03-22T18:33:38.853Z] Processing symbol: ADAUSDT
[2026-03-22T18:33:38.855Z] Fetching 1m candles for ADAUSDT
[2026-03-22T18:33:38.857Z] Processing symbol: SOLUSDT
[2026-03-22T18:33:38.862Z] Fetching 1m candles for SOLUSDT
[2026-03-22T18:33:38.869Z] Processing symbol: DOGEUSDT
[2026-03-22T18:33:38.871Z] Fetching 1m candles for DOGEUSDT
[2026-03-22T18:33:38.874Z] Processing symbol: DOTUSDT
[2026-03-22T18:33:38.887Z] Fetching 1m candles for DOTUSDT
[2026-03-22T18:33:38.890Z] Processing symbol: LTCUSDT
[2026-03-22T18:33:38.893Z] Fetching 1m candles for LTCUSDT
[2026-03-22T18:33:38.897Z] Processing symbol: BCHUSDT
[2026-03-22T18:33:38.903Z] Fetching 1m candles for BCHUSDT
[2026-03-22T18:33:38.904Z] Processing symbol: LINKUSDT
[2026-03-22T18:33:38.906Z] Fetching 1m candles for LINKUSDT
[2026-03-22T18:33:38.920Z] Processing symbol: TRXUSDT
[2026-03-22T18:33:38.935Z] Fetching 1m candles for TRXUSDT
[2026-03-22T18:33:38.941Z] Processing symbol: UNIUSDT
[2026-03-22T18:33:38.951Z] Fetching 1m candles for UNIUSDT
[2026-03-22T18:33:38.954Z] Processing symbol: AVAXUSDT
[2026-03-22T18:33:38.956Z] Fetching 1m candles for AVAXUSDT
[2026-03-22T18:33:38.962Z] Processing symbol: ETCUSDT
[2026-03-22T18:33:38.971Z] Fetching 1m candles for ETCUSDT
[2026-03-22T18:33:38.986Z] Processing symbol: XLMUSDT
[2026-03-22T18:33:39.000Z] Fetching 1m candles for XLMUSDT
[2026-03-22T18:33:39.007Z] Processing symbol: FILUSDT
[2026-03-22T18:33:39.023Z] Fetching 1m candles for FILUSDT
[2026-03-22T18:33:39.037Z] Processing symbol: ICPUSDT
[2026-03-22T18:33:39.040Z] Fetching 1m candles for ICPUSDT
[2026-03-22T18:33:39.054Z] Processing symbol: VETUSDT
[2026-03-22T18:33:39.067Z] Fetching 1m candles for VETUSDT
[2026-03-22T18:33:39.081Z] Processing symbol: BNBUSDT
[2026-03-22T18:33:39.086Z] Fetching 1m candles for BNBUSDT
[2026-03-22T18:33:39.088Z] Processing symbol: OPUSDT
[2026-03-22T18:33:39.089Z] Fetching 1m candles for OPUSDT
[2026-03-22T18:33:39.091Z] Processing symbol: frxXAUUSD
[2026-03-22T18:33:39.102Z] Fetching 1m candles for frxXAUUSD
[2026-03-22T18:33:39.112Z] DEBUG: getCandles called for symbol: frxXAUUSD, timeframe: 1m
[2026-03-22T18:33:39.119Z] Processing symbol: frxXAGUSD
[2026-03-22T18:33:39.123Z] Fetching 1m candles for frxXAGUSD
[2026-03-22T18:33:39.132Z] DEBUG: getCandles called for symbol: frxXAGUSD, timeframe: 1m
[2026-03-22T18:33:39.139Z] Processing symbol: frxXPTUSD
[2026-03-22T18:33:39.151Z] Fetching 1m candles for frxXPTUSD
[2026-03-22T18:33:39.162Z] DEBUG: getCandles called for symbol: frxXPTUSD, timeframe: 1m
[2026-03-22T18:33:39.167Z] Processing symbol: frxXPDUSD
[2026-03-22T18:33:39.172Z] Fetching 1m candles for frxXPDUSD
[2026-03-22T18:33:39.181Z] DEBUG: getCandles called for symbol: frxXPDUSD, timeframe: 1m
[2026-03-22T18:33:39.189Z] Processing symbol: frxAUDUSD
[2026-03-22T18:33:39.203Z] Fetching 1m candles for frxAUDUSD
[2026-03-22T18:33:39.212Z] DEBUG: getCandles called for symbol: frxAUDUSD, timeframe: 1m
[2026-03-22T18:33:39.218Z] Processing symbol: frxEURUSD
[2026-03-22T18:33:39.220Z] Fetching 1m candles for frxEURUSD
[2026-03-22T18:33:39.223Z] DEBUG: getCandles called for symbol: frxEURUSD, timeframe: 1m
[2026-03-22T18:33:39.232Z] Processing symbol: frxGBPUSD
[2026-03-22T18:33:39.234Z] Fetching 1m candles for frxGBPUSD
[2026-03-22T18:33:39.237Z] DEBUG: getCandles called for symbol: frxGBPUSD, timeframe: 1m
[2026-03-22T18:33:39.244Z] Processing symbol: frxUSDJPY
[2026-03-22T18:33:39.248Z] Fetching 1m candles for frxUSDJPY
[2026-03-22T18:33:39.251Z] DEBUG: getCandles called for symbol: frxUSDJPY, timeframe: 1m
[2026-03-22T18:33:39.255Z] Processing symbol: frxUSDCAD
[2026-03-22T18:33:39.264Z] Fetching 1m candles for frxUSDCAD
[2026-03-22T18:33:39.268Z] DEBUG: getCandles called for symbol: frxUSDCAD, timeframe: 1m
[2026-03-22T18:33:39.270Z] Processing symbol: frxUSDCHF
[2026-03-22T18:33:39.271Z] Fetching 1m candles for frxUSDCHF
[2026-03-22T18:33:39.273Z] DEBUG: getCandles called for symbol: frxUSDCHF, timeframe: 1m
[2026-03-22T18:33:39.280Z] Processing symbol: frxAUDCAD
[2026-03-22T18:33:39.281Z] Fetching 1m candles for frxAUDCAD
[2026-03-22T18:33:39.283Z] DEBUG: getCandles called for symbol: frxAUDCAD, timeframe: 1m
[2026-03-22T18:33:39.285Z] Processing symbol: frxAUDCHF
[2026-03-22T18:33:39.286Z] Fetching 1m candles for frxAUDCHF
[2026-03-22T18:33:39.298Z] DEBUG: getCandles called for symbol: frxAUDCHF, timeframe: 1m
[2026-03-22T18:33:39.302Z] Processing symbol: frxAUDJPY
[2026-03-22T18:33:39.315Z] Fetching 1m candles for frxAUDJPY
[2026-03-22T18:33:39.317Z] DEBUG: getCandles called for symbol: frxAUDJPY, timeframe: 1m
[2026-03-22T18:33:39.319Z] Processing symbol: frxAUDNZD
[2026-03-22T18:33:39.326Z] Fetching 1m candles for frxAUDNZD
[2026-03-22T18:33:39.331Z] DEBUG: getCandles called for symbol: frxAUDNZD, timeframe: 1m
[2026-03-22T18:33:39.334Z] Processing symbol: frxEURAUD
[2026-03-22T18:33:39.338Z] Fetching 1m candles for frxEURAUD
[2026-03-22T18:33:39.345Z] DEBUG: getCandles called for symbol: frxEURAUD, timeframe: 1m
[2026-03-22T18:33:39.354Z] Processing symbol: frxEURCAD
[2026-03-22T18:33:39.363Z] Fetching 1m candles for frxEURCAD
[2026-03-22T18:33:39.366Z] DEBUG: getCandles called for symbol: frxEURCAD, timeframe: 1m
[2026-03-22T18:33:39.382Z] Processing symbol: frxEURCHF
[2026-03-22T18:33:39.402Z] Fetching 1m candles for frxEURCHF
[2026-03-22T18:33:39.411Z] DEBUG: getCandles called for symbol: frxEURCHF, timeframe: 1m
[2026-03-22T18:33:39.417Z] Processing symbol: frxEURGBP
[2026-03-22T18:33:39.430Z] Fetching 1m candles for frxEURGBP
[2026-03-22T18:33:39.437Z] DEBUG: getCandles called for symbol: frxEURGBP, timeframe: 1m
[2026-03-22T18:33:39.454Z] Processing symbol: frxEURJPY
[2026-03-22T18:33:39.466Z] Fetching 1m candles for frxEURJPY
[2026-03-22T18:33:39.474Z] DEBUG: getCandles called for symbol: frxEURJPY, timeframe: 1m
[2026-03-22T18:33:39.478Z] Processing symbol: frxEURNZD
[2026-03-22T18:33:39.498Z] Fetching 1m candles for frxEURNZD
[2026-03-22T18:33:39.508Z] DEBUG: getCandles called for symbol: frxEURNZD, timeframe: 1m
[2026-03-22T18:33:39.527Z] Processing symbol: frxGBPAUD
[2026-03-22T18:33:39.531Z] Fetching 1m candles for frxGBPAUD
[2026-03-22T18:33:39.541Z] DEBUG: getCandles called for symbol: frxGBPAUD, timeframe: 1m
[2026-03-22T18:33:39.546Z] Processing symbol: frxGBPCAD
[2026-03-22T18:33:39.549Z] Fetching 1m candles for frxGBPCAD
[2026-03-22T18:33:39.564Z] DEBUG: getCandles called for symbol: frxGBPCAD, timeframe: 1m
[2026-03-22T18:33:39.581Z] Processing symbol: frxGBPCHF
[2026-03-22T18:33:39.584Z] Fetching 1m candles for frxGBPCHF
[2026-03-22T18:33:39.588Z] DEBUG: getCandles called for symbol: frxGBPCHF, timeframe: 1m
[2026-03-22T18:33:39.596Z] Processing symbol: frxGBPJPY
[2026-03-22T18:33:39.599Z] Fetching 1m candles for frxGBPJPY
[2026-03-22T18:33:39.602Z] DEBUG: getCandles called for symbol: frxGBPJPY, timeframe: 1m
[2026-03-22T18:33:39.604Z] Processing symbol: frxGBPNOK
[2026-03-22T18:33:39.610Z] Fetching 1m candles for frxGBPNOK
[2026-03-22T18:33:39.614Z] DEBUG: getCandles called for symbol: frxGBPNOK, timeframe: 1m
[2026-03-22T18:33:39.625Z] Processing symbol: frxGBPNZD
[2026-03-22T18:33:39.629Z] Fetching 1m candles for frxGBPNZD
[2026-03-22T18:33:39.631Z] DEBUG: getCandles called for symbol: frxGBPNZD, timeframe: 1m
[2026-03-22T18:33:39.634Z] Processing symbol: frxNZDJPY
[2026-03-22T18:33:39.637Z] Fetching 1m candles for frxNZDJPY
[2026-03-22T18:33:39.644Z] DEBUG: getCandles called for symbol: frxNZDJPY, timeframe: 1m
[2026-03-22T18:33:39.647Z] Processing symbol: frxNZDUSD
[2026-03-22T18:33:39.651Z] Fetching 1m candles for frxNZDUSD
[2026-03-22T18:33:39.661Z] DEBUG: getCandles called for symbol: frxNZDUSD, timeframe: 1m
[2026-03-22T18:33:39.666Z] Processing symbol: frxUSDMXN
[2026-03-22T18:33:39.679Z] Fetching 1m candles for frxUSDMXN
[2026-03-22T18:33:39.683Z] DEBUG: getCandles called for symbol: frxUSDMXN, timeframe: 1m
[2026-03-22T18:33:39.685Z] Processing symbol: frxUSDNOK
[2026-03-22T18:33:39.692Z] Fetching 1m candles for frxUSDNOK
[2026-03-22T18:33:39.696Z] DEBUG: getCandles called for symbol: frxUSDNOK, timeframe: 1m
[2026-03-22T18:33:39.699Z] Processing symbol: frxUSDPLN
[2026-03-22T18:33:39.701Z] Fetching 1m candles for frxUSDPLN
[2026-03-22T18:33:39.707Z] DEBUG: getCandles called for symbol: frxUSDPLN, timeframe: 1m
[2026-03-22T18:33:39.713Z] Processing symbol: frxUSDSEK
[2026-03-22T18:33:39.716Z] Fetching 1m candles for frxUSDSEK
[2026-03-22T18:33:39.720Z] DEBUG: getCandles called for symbol: frxUSDSEK, timeframe: 1m
[2026-03-22T18:33:40.173Z] Fetched 1m candles for BTCUSDT. Sample: [["1774198440000","68798.4","68804.7","68787.3","68787.4","4.0493","278584.05757"],["1774198500000","68787.4","68787.4","68782.5","68787.4","2.6178","180062.58867"]]
[2026-03-22T18:33:40.176Z] Fetching 15m candles for BTCUSDT
[2026-03-22T18:33:40.366Z] Fetched 1m candles for frxXPTUSD. Sample: [[1774034160000,1924.14,1925.44,1923.24,1923.52],[1774034220000,1923.64,1926.4,1922.42,1924.01]]
[2026-03-22T18:33:40.369Z] Fetching 15m candles for frxXPTUSD
[2026-03-22T18:33:40.374Z] DEBUG: getCandles called for symbol: frxXPTUSD, timeframe: 15m
[2026-03-22T18:33:40.389Z] Fetched 1m candles for frxXAGUSD. Sample: [[1774034160000,68.1775,68.1827,68.062,68.072],[1774034220000,68.0877,68.1249,67.958,68.0762]]
[2026-03-22T18:33:40.395Z] Fetching 15m candles for frxXAGUSD
[2026-03-22T18:33:40.396Z] DEBUG: getCandles called for symbol: frxXAGUSD, timeframe: 15m
[2026-03-22T18:33:40.403Z] Fetched 1m candles for frxXAUUSD. Sample: [[1774034160000,4507.11,4507.11,4500.65,4501.53],[1774034220000,4501.79,4502.89,4493.47,4499.96]]
[2026-03-22T18:33:40.409Z] Fetching 15m candles for frxXAUUSD
[2026-03-22T18:33:40.412Z] DEBUG: getCandles called for symbol: frxXAUUSD, timeframe: 15m
[2026-03-22T18:33:40.418Z] Fetched 1m candles for frxAUDUSD. Sample: [[1774034160000,0.70142,0.70143,0.70125,0.70128],[1774034220000,0.70129,0.70139,0.70109,0.70133]]
[2026-03-22T18:33:40.423Z] Fetching 15m candles for frxAUDUSD
[2026-03-22T18:33:40.431Z] DEBUG: getCandles called for symbol: frxAUDUSD, timeframe: 15m
[2026-03-22T18:33:40.440Z] Fetched 1m candles for frxXPDUSD. Sample: [[1774034160000,1412.38,1413.97,1412.06,1412.16],[1774034220000,1412.16,1412.93,1411.53,1412.58]]
[2026-03-22T18:33:40.445Z] Fetching 15m candles for frxXPDUSD
[2026-03-22T18:33:40.463Z] DEBUG: getCandles called for symbol: frxXPDUSD, timeframe: 15m
[2026-03-22T18:33:40.574Z] Fetched 1m candles for frxUSDJPY. Sample: [[1774034160000,159.3,159.311,159.292,159.31],[1774034220000,159.308,159.321,159.297,159.301]]
[2026-03-22T18:33:40.595Z] Fetching 15m candles for frxUSDJPY
[2026-03-22T18:33:40.628Z] DEBUG: getCandles called for symbol: frxUSDJPY, timeframe: 15m
[2026-03-22T18:33:40.644Z] Fetched 1m candles for frxEURUSD. Sample: [[1774034160000,1.15545,1.15549,1.15527,1.15529],[1774034220000,1.1553,1.15559,1.15526,1.15555]]
[2026-03-22T18:33:40.660Z] Fetching 15m candles for frxEURUSD
[2026-03-22T18:33:40.665Z] DEBUG: getCandles called for symbol: frxEURUSD, timeframe: 15m
[2026-03-22T18:33:40.681Z] Fetched 1m candles for frxUSDPLN. Sample: [[1774034160000,3.7022,3.7024,3.7014,3.7021],[1774034220000,3.7021,3.7025,3.7018,3.702]]
[2026-03-22T18:33:40.709Z] Fetching 15m candles for frxUSDPLN
[2026-03-22T18:33:40.730Z] DEBUG: getCandles called for symbol: frxUSDPLN, timeframe: 15m
[2026-03-22T18:33:40.748Z] Fetched 1m candles for frxGBPUSD. Sample: [[1774034160000,1.3334,1.33348,1.33319,1.33323],[1774034220000,1.33324,1.33339,1.33305,1.33335]]
[2026-03-22T18:33:40.759Z] Fetching 15m candles for frxGBPUSD
[2026-03-22T18:33:40.769Z] DEBUG: getCandles called for symbol: frxGBPUSD, timeframe: 15m
[2026-03-22T18:33:40.837Z] Fetched 1m candles for frxUSDCHF. Sample: [[1774034160000,0.78843,0.78856,0.78839,0.78855],[1774034220000,0.78855,0.7886,0.78837,0.78841]]
[2026-03-22T18:33:40.860Z] Fetching 15m candles for frxUSDCHF
[2026-03-22T18:33:40.889Z] DEBUG: getCandles called for symbol: frxUSDCHF, timeframe: 15m
[2026-03-22T18:33:40.896Z] Fetched 1m candles for UNIUSDT. Sample: [["1774198440000","3.484","3.486","3.484","3.484","155","540.269"],["1774198500000","3.484","3.484","3.483","3.484","141","491.201"]]
[2026-03-22T18:33:40.907Z] Fetching 15m candles for UNIUSDT
[2026-03-22T18:33:40.930Z] Fetched 1m candles for DOTUSDT. Sample: [["1774198440000","1.433","1.434","1.433","1.433","542","777.199"],["1774198500000","1.433","1.433","1.432","1.432","12","17.184"]]
[2026-03-22T18:33:40.951Z] Fetching 15m candles for DOTUSDT
[2026-03-22T18:33:40.975Z] Fetched 1m candles for ICPUSDT. Sample: [["1774198440000","2.388","2.388","2.388","2.388","77.63","185.38044"],["1774198500000","2.388","2.388","2.388","2.388","0","0"]]
[2026-03-22T18:33:40.979Z] Fetching 15m candles for ICPUSDT
[2026-03-22T18:33:40.993Z] Fetched 1m candles for OPUSDT. Sample: [["1774198440000","0.116","0.116","0.1159","0.1159","33528.3","3885.92997"],["1774198500000","0.1159","0.1159","0.1159","0.1159","0","0"]]
[2026-03-22T18:33:41.009Z] Fetching 15m candles for OPUSDT
[2026-03-22T18:33:41.038Z] Fetched 1m candles for TRXUSDT. Sample: [["1774198440000","0.31692","0.31721","0.31689","0.31715","87469","27730.1585"],["1774198500000","0.31715","0.31728","0.31708","0.31723","5395","1711.09209"]]
[2026-03-22T18:33:41.043Z] Fetching 15m candles for TRXUSDT
[2026-03-22T18:33:41.057Z] Fetched 1m candles for LTCUSDT. Sample: [["1774198440000","54.1","54.1","54.1","54.1","0","0"],["1774198500000","54.1","54.1","54.06","54.06","1.7","91.912"]]
[2026-03-22T18:33:41.090Z] Fetching 15m candles for LTCUSDT
[2026-03-22T18:33:41.135Z] Fetched 1m candles for BNBUSDT. Sample: [["1774198440000","629.95","629.95","629.95","629.95","0","0"],["1774198500000","629.95","629.95","629.95","629.95","0","0"]]
[2026-03-22T18:33:41.143Z] Fetching 15m candles for BNBUSDT
[2026-03-22T18:33:41.156Z] Fetched 1m candles for ADAUSDT. Sample: [["1774198440000","0.2546","0.2546","0.2546","0.2546","165","42.009"],["1774198500000","0.2546","0.2546","0.2544","0.2545","976","248.3489"]]
[2026-03-22T18:33:41.283Z] Fetching 15m candles for ADAUSDT
[2026-03-22T18:33:41.377Z] Fetched 1m candles for ETCUSDT. Sample: [["1774198440000","8.12","8.12","8.119","8.119","5","40.595"],["1774198500000","8.119","8.119","8.119","8.119","0","0"]]
[2026-03-22T18:33:41.432Z] Fetching 15m candles for ETCUSDT
[2026-03-22T18:33:41.483Z] Fetched 1m candles for frxUSDNOK. Sample: [[1774034160000,9.57679,9.57841,9.57645,9.5783],[1774034220000,9.57828,9.57857,9.57675,9.57734]]
[2026-03-22T18:33:41.510Z] Fetching 15m candles for frxUSDNOK
[2026-03-22T18:33:41.524Z] DEBUG: getCandles called for symbol: frxUSDNOK, timeframe: 15m
[2026-03-22T18:33:41.533Z] Fetched 1m candles for LINKUSDT. Sample: [["1774198440000","8.783","8.783","8.783","8.783","0","0"],["1774198500000","8.783","8.784","8.779","8.784","1238","10870.401"]]
[2026-03-22T18:33:41.542Z] Fetching 15m candles for LINKUSDT
[2026-03-22T18:33:41.548Z] Fetched 1m candles for XRPUSDT. Sample: [["1774198440000","1.3939","1.3945","1.3939","1.394","50410","70277.0085"],["1774198500000","1.394","1.3942","1.3937","1.3942","5179","7219.1248"]]
[2026-03-22T18:33:41.566Z] Fetching 15m candles for XRPUSDT
[2026-03-22T18:33:41.586Z] Fetched 1m candles for DOGEUSDT. Sample: [["1774198440000","0.09166","0.09167","0.09165","0.09165","56759","5202.50828"],["1774198500000","0.09165","0.09165","0.09159","0.09163","23508","2153.52301"]]
[2026-03-22T18:33:41.592Z] Fetching 15m candles for DOGEUSDT
[2026-03-22T18:33:41.625Z] Fetched 1m candles for BCHUSDT. Sample: [["1774198440000","468.34","468.34","468.34","468.34","0","0"],["1774198500000","468.34","468.34","468.34","468.34","0","0"]]
[2026-03-22T18:33:41.639Z] Fetching 15m candles for BCHUSDT
[2026-03-22T18:33:41.659Z] Fetched 1m candles for AVAXUSDT. Sample: [["1774198440000","9.085","9.086","9.084","9.084","18.2","165.3624"],["1774198500000","9.084","9.084","9.082","9.083","142.3","1292.3798"]]
[2026-03-22T18:33:41.672Z] Fetching 15m candles for AVAXUSDT
[2026-03-22T18:33:41.687Z] Fetched 1m candles for VETUSDT. Sample: [["1774198440000","0.006946","0.006946","0.006946","0.006946","0","0"],["1774198500000","0.006946","0.006946","0.006946","0.006946","0","0"]]
[2026-03-22T18:33:41.696Z] Fetching 15m candles for VETUSDT
[2026-03-22T18:33:41.721Z] Fetched 1m candles for ETHUSDT. Sample: [["1774198440000","2081.83","2082.57","2081.53","2081.58","386.2","804242.4066"],["1774198500000","2081.58","2081.63","2081.13","2081.63","27.01","56215.9939"]]
[2026-03-22T18:33:41.725Z] Fetching 15m candles for ETHUSDT
[2026-03-22T18:33:41.736Z] Fetched 1m candles for SOLUSDT. Sample: [["1774198440000","87.463","87.508","87.463","87.472","266.7","23333.3754"],["1774198500000","87.472","87.481","87.454","87.478","223.8","19577.208"]]
[2026-03-22T18:33:41.742Z] Fetching 15m candles for SOLUSDT
[2026-03-22T18:33:41.754Z] Fetched 1m candles for FILUSDT. Sample: [["1774198440000","0.8774","0.8775","0.8768","0.8768","4386","3846.32824"],["1774198500000","0.8768","0.8768","0.8759","0.8759","11","9.6349"]]
[2026-03-22T18:33:41.769Z] Fetching 15m candles for FILUSDT
[2026-03-22T18:33:41.796Z] Fetched 1m candles for XLMUSDT. Sample: [["1774198440000","0.15767","0.15769","0.15767","0.15769","12854","2026.85336"],["1774198500000","0.15769","0.1577","0.15763","0.1577","49943","7875.47169"]]
[2026-03-22T18:33:41.802Z] Fetching 15m candles for XLMUSDT
[2026-03-22T18:33:41.857Z] Fetching 4H candles for BTCUSDT
[2026-03-22T18:33:41.867Z] Fetched 1m candles for frxGBPJPY. Sample: [[1774034160000,212.412,212.419,212.39,212.397],[1774034220000,212.397,212.408,212.38,212.401]]
[2026-03-22T18:33:41.870Z] Fetching 15m candles for frxGBPJPY
[2026-03-22T18:33:41.873Z] DEBUG: getCandles called for symbol: frxGBPJPY, timeframe: 15m
[2026-03-22T18:33:41.902Z] Fetching 4H candles for UNIUSDT
[2026-03-22T18:33:41.931Z] Fetched 1m candles for frxEURCHF. Sample: [[1774034160000,0.91098,0.911,0.91096,0.911],[1774034220000,0.91102,0.91107,0.91099,0.91105]]
[2026-03-22T18:33:41.935Z] Fetching 15m candles for frxEURCHF
[2026-03-22T18:33:41.937Z] DEBUG: getCandles called for symbol: frxEURCHF, timeframe: 15m
[2026-03-22T18:33:41.951Z] Fetching 4H candles for DOTUSDT
[2026-03-22T18:33:41.960Z] Fetching 4H candles for OPUSDT
[2026-03-22T18:33:41.979Z] Fetching 4H candles for ICPUSDT
[2026-03-22T18:33:41.989Z] Fetching 4H candles for TRXUSDT
[2026-03-22T18:33:42.002Z] Fetching 4H candles for LTCUSDT
[2026-03-22T18:33:42.006Z] Fetched 1m candles for frxUSDMXN. Sample: [[1774034160000,17.9575,17.961,17.9554,17.9603],[1774034220000,17.9604,17.9624,17.954,17.9556]]
[2026-03-22T18:33:42.015Z] Fetching 15m candles for frxUSDMXN
[2026-03-22T18:33:42.018Z] DEBUG: getCandles called for symbol: frxUSDMXN, timeframe: 15m
[2026-03-22T18:33:42.021Z] Fetching 4H candles for BNBUSDT
[2026-03-22T18:33:42.024Z] Fetched 1m candles for frxGBPNZD. Sample: [[1774034160000,2.28974,2.29018,2.28974,2.29005],[1774034220000,2.29004,2.29015,2.28959,2.28975]]
[2026-03-22T18:33:42.031Z] Fetching 15m candles for frxGBPNZD
[2026-03-22T18:33:42.034Z] DEBUG: getCandles called for symbol: frxGBPNZD, timeframe: 15m
[2026-03-22T18:33:42.044Z] Fetched 1m candles for frxGBPNOK. Sample: [[1774033920000,12.76802,12.76802,12.76633,12.76765],[1774033980000,12.76782,12.76797,12.76711,12.76763]]
[2026-03-22T18:33:42.051Z] Fetching 15m candles for frxGBPNOK
[2026-03-22T18:33:42.057Z] DEBUG: getCandles called for symbol: frxGBPNOK, timeframe: 15m
[2026-03-22T18:33:42.085Z] Fetched 1m candles for frxNZDUSD. Sample: [[1774034160000,0.58234,0.58234,0.58216,0.58218],[1774034220000,0.58219,0.58236,0.5821,0.5823]]
[2026-03-22T18:33:42.088Z] Fetching 15m candles for frxNZDUSD
[2026-03-22T18:33:42.101Z] DEBUG: getCandles called for symbol: frxNZDUSD, timeframe: 15m
[2026-03-22T18:33:42.116Z] Fetching 4H candles for ADAUSDT
[2026-03-22T18:33:42.153Z] Fetched 1m candles for frxAUDCAD. Sample: [[1774034160000,0.96226,0.96231,0.96206,0.9621],[1774034220000,0.96212,0.96214,0.96193,0.96206]]
[2026-03-22T18:33:42.166Z] Fetching 15m candles for frxAUDCAD
[2026-03-22T18:33:42.168Z] DEBUG: getCandles called for symbol: frxAUDCAD, timeframe: 15m
[2026-03-22T18:33:42.180Z] Fetching 4H candles for ETCUSDT
[2026-03-22T18:33:42.183Z] Fetched 1m candles for frxGBPCHF. Sample: [[1774034160000,1.05128,1.05131,1.05125,1.05131],[1774034220000,1.05133,1.05133,1.05119,1.05121]]
[2026-03-22T18:33:42.186Z] Fetching 15m candles for frxGBPCHF
[2026-03-22T18:33:42.187Z] DEBUG: getCandles called for symbol: frxGBPCHF, timeframe: 15m
[2026-03-22T18:33:42.204Z] Fetched 1m candles for frxEURNZD. Sample: [[1774034160000,1.98414,1.9845,1.98414,1.98442],[1774034220000,1.98442,1.98472,1.98432,1.98447]]
[2026-03-22T18:33:42.212Z] Fetching 15m candles for frxEURNZD
[2026-03-22T18:33:42.218Z] DEBUG: getCandles called for symbol: frxEURNZD, timeframe: 15m
[2026-03-22T18:33:42.236Z] Fetched 1m candles for frxAUDCHF. Sample: [[1774034160000,0.55301,0.55301,0.55296,0.55299],[1774034220000,0.553,0.553,0.55288,0.55293]]
[2026-03-22T18:33:42.250Z] Fetching 15m candles for frxAUDCHF
[2026-03-22T18:33:42.255Z] DEBUG: getCandles called for symbol: frxAUDCHF, timeframe: 15m
[2026-03-22T18:33:42.276Z] Fetched 1m candles for frxAUDNZD. Sample: [[1774034160000,1.20446,1.20464,1.20444,1.20457],[1774034220000,1.20458,1.20458,1.20436,1.20441]]
[2026-03-22T18:33:42.312Z] Fetching 15m candles for frxAUDNZD
[2026-03-22T18:33:42.323Z] DEBUG: getCandles called for symbol: frxAUDNZD, timeframe: 15m
[2026-03-22T18:33:42.356Z] Fetched 1m candles for frxEURJPY. Sample: [[1774034160000,184.063,184.066,184.048,184.05],[1774034220000,184.049,184.086,184.048,184.082]]
[2026-03-22T18:33:42.363Z] Fetching 15m candles for frxEURJPY
[2026-03-22T18:33:42.366Z] DEBUG: getCandles called for symbol: frxEURJPY, timeframe: 15m
[2026-03-22T18:33:42.382Z] Fetching 4H candles for LINKUSDT
[2026-03-22T18:33:42.385Z] Fetching 4H candles for BCHUSDT
[2026-03-22T18:33:42.396Z] Fetching 4H candles for XRPUSDT
[2026-03-22T18:33:42.405Z] Fetching 4H candles for DOGEUSDT
[2026-03-22T18:33:42.413Z] Fetching 4H candles for ETHUSDT
[2026-03-22T18:33:42.427Z] Fetched 1m candles for frxGBPCAD. Sample: [[1774034160000,1.82922,1.82939,1.82903,1.8291],[1774034220000,1.8291,1.82913,1.82898,1.82901]]
[2026-03-22T18:33:42.435Z] Fetching 15m candles for frxGBPCAD
[2026-03-22T18:33:42.443Z] DEBUG: getCandles called for symbol: frxGBPCAD, timeframe: 15m
[2026-03-22T18:33:42.448Z] Fetching 4H candles for AVAXUSDT
[2026-03-22T18:33:42.461Z] Fetching 4H candles for SOLUSDT
[2026-03-22T18:33:42.469Z] Fetched 1m candles for frxEURCAD. Sample: [[1774034160000,1.58511,1.58523,1.58497,1.58499],[1774034220000,1.58498,1.58519,1.58498,1.58514]]
[2026-03-22T18:33:42.472Z] Fetching 15m candles for frxEURCAD
[2026-03-22T18:33:42.479Z] DEBUG: getCandles called for symbol: frxEURCAD, timeframe: 15m
[2026-03-22T18:33:42.484Z] Fetching 4H candles for VETUSDT
[2026-03-22T18:33:42.497Z] Fetching 4H candles for FILUSDT
[2026-03-22T18:33:42.507Z] Fetching 4H candles for XLMUSDT
[2026-03-22T18:33:42.514Z] Fetched 1m candles for frxUSDSEK. Sample: [[1774034160000,9.36208,9.36386,9.36175,9.36376],[1774034220000,9.36371,9.36422,9.36147,9.36177]]
[2026-03-22T18:33:42.517Z] Fetching 15m candles for frxUSDSEK
[2026-03-22T18:33:42.520Z] DEBUG: getCandles called for symbol: frxUSDSEK, timeframe: 15m
[2026-03-22T18:33:42.528Z] Mapping candle data...
[2026-03-22T18:33:42.534Z] Long-term ATR (4H): 461.9010101010098
[2026-03-22T18:33:42.541Z] Calling analyze function...
[2026-03-22T18:33:42.595Z] Analyze function returned: Signal=HOLD, RSI=37.01, EMA=68653.64624203731, ATR=31.409246127148666, Price=68592.2
[2026-03-22T18:33:42.610Z] Trend Direction: 15m=DOWN, 4h=DOWN
[2026-03-22T18:33:42.627Z] Starting multi-timeframe confirmation...
[2026-03-22T18:33:42.646Z] Adjusted position size with sentiment: 21.68722490
[2026-03-22T18:33:42.660Z] Type of dailyLossCheck: function
[2026-03-22T18:33:42.663Z] USDT available: 27.10903112
[2026-03-22T18:33:42.665Z] Calculated position size (USDT): 21.68722490
[2026-03-22T18:33:42.670Z] Last price: 68592.2
[2026-03-22T18:33:42.684Z] Calculated quantity: 0.00031618
[2026-03-22T18:33:42.695Z] No trade executed for BTCUSDT due to signal: HOLD
[2026-03-22T18:33:42.730Z] Fetched 1m candles for frxAUDJPY. Sample: [[1774034160000,111.735,111.735,111.716,111.72],[1774034220000,111.721,111.731,111.698,111.723]]
[2026-03-22T18:33:42.733Z] Fetching 15m candles for frxAUDJPY
[2026-03-22T18:33:42.740Z] DEBUG: getCandles called for symbol: frxAUDJPY, timeframe: 15m
[2026-03-22T18:33:42.802Z] Fetched 1m candles for frxEURAUD. Sample: [[1774034160000,1.64731,1.64747,1.64731,1.64741],[1774034220000,1.6474,1.64785,1.6474,1.64766]]
[2026-03-22T18:33:42.809Z] Fetching 15m candles for frxEURAUD
[2026-03-22T18:33:42.813Z] DEBUG: getCandles called for symbol: frxEURAUD, timeframe: 15m
[2026-03-22T18:33:42.817Z] Mapping candle data...
[2026-03-22T18:33:42.820Z] Long-term ATR (4H): 0.03450505050505047
[2026-03-22T18:33:42.824Z] Calling analyze function...
[2026-03-22T18:33:42.831Z] Analyze function returned: Signal=HOLD, RSI=31.59, EMA=3.4842374534975527, ATR=0.0016149392668640288, Price=3.477
[2026-03-22T18:33:42.834Z] Trend Direction: 15m=DOWN, 4h=DOWN
[2026-03-22T18:33:42.835Z] Starting multi-timeframe confirmation...
[2026-03-22T18:33:42.837Z] Adjusted position size with sentiment: 21.68722490
[2026-03-22T18:33:42.840Z] Type of dailyLossCheck: function
[2026-03-22T18:33:42.843Z] USDT available: 27.10903112
[2026-03-22T18:33:42.846Z] Calculated position size (USDT): 21.68722490
[2026-03-22T18:33:42.848Z] Last price: 3.477
[2026-03-22T18:33:42.851Z] Calculated quantity: 6.23733819
[2026-03-22T18:33:42.860Z] No trade executed for UNIUSDT due to signal: HOLD
[2026-03-22T18:33:42.969Z] Mapping candle data...
[2026-03-22T18:33:43.031Z] Long-term ATR (4H): 0.01543434343434343
[2026-03-22T18:33:43.103Z] Calling analyze function...
[2026-03-22T18:33:43.159Z] Analyze function returned: Signal=HOLD, RSI=38.68, EMA=1.432814693511772, ATR=0.000825025257651149, Price=1.431
[2026-03-22T18:33:43.180Z] Trend Direction: 15m=DOWN, 4h=DOWN
[2026-03-22T18:33:43.183Z] Starting multi-timeframe confirmation...
[2026-03-22T18:33:43.193Z] Adjusted position size with sentiment: 21.68722490
[2026-03-22T18:33:43.195Z] Type of dailyLossCheck: function
[2026-03-22T18:33:43.197Z] USDT available: 27.10903112
[2026-03-22T18:33:43.199Z] Calculated position size (USDT): 21.68722490
[2026-03-22T18:33:43.201Z] Last price: 1.431
[2026-03-22T18:33:43.205Z] Calculated quantity: 15.15529343
[2026-03-22T18:33:43.211Z] No trade executed for DOTUSDT due to signal: HOLD
[2026-03-22T18:33:43.213Z] Mapping candle data...
[2026-03-22T18:33:43.215Z] Long-term ATR (4H): 0.0012757575757575748
[2026-03-22T18:33:43.217Z] Calling analyze function...
[2026-03-22T18:33:43.227Z] Analyze function returned: Signal=HOLD, RSI=37.2, EMA=0.11518339033504776, ATR=0.00005589257826490764, Price=0.115
[2026-03-22T18:33:43.231Z] Trend Direction: 15m=DOWN, 4h=DOWN
[2026-03-22T18:33:43.233Z] Starting multi-timeframe confirmation...
[2026-03-22T18:33:43.235Z] Adjusted position size with sentiment: 21.68722490
[2026-03-22T18:33:43.240Z] Type of dailyLossCheck: function
[2026-03-22T18:33:43.245Z] USDT available: 27.10903112
[2026-03-22T18:33:43.250Z] Calculated position size (USDT): 21.68722490
[2026-03-22T18:33:43.256Z] Last price: 0.115
[2026-03-22T18:33:43.262Z] Calculated quantity: 188.58456431
[2026-03-22T18:33:43.264Z] No trade executed for OPUSDT due to signal: HOLD
[2026-03-22T18:33:43.268Z] Mapping candle data...
[2026-03-22T18:33:43.278Z] Long-term ATR (4H): 0.029111111111111112
[2026-03-22T18:33:43.293Z] Calling analyze function...
[2026-03-22T18:33:43.307Z] Analyze function returned: Signal=HOLD, RSI=41.78, EMA=2.380894905123911, ATR=0.0019078507884330703, Price=2.378
[2026-03-22T18:33:43.310Z] Trend Direction: 15m=DOWN, 4h=DOWN
[2026-03-22T18:33:43.313Z] Starting multi-timeframe confirmation...
[2026-03-22T18:33:43.325Z] Adjusted position size with sentiment: 21.68722490
[2026-03-22T18:33:43.331Z] Type of dailyLossCheck: function
[2026-03-22T18:33:43.333Z] USDT available: 27.10903112
[2026-03-22T18:33:43.334Z] Calculated position size (USDT): 21.68722490
[2026-03-22T18:33:43.341Z] Last price: 2.378
[2026-03-22T18:33:43.344Z] Calculated quantity: 9.11994319
[2026-03-22T18:33:43.346Z] No trade executed for ICPUSDT due to signal: HOLD
[2026-03-22T18:33:43.355Z] Mapping candle data...
[2026-03-22T18:33:43.361Z] Long-term ATR (4H): 0.0011489898989898968
[2026-03-22T18:33:43.363Z] Calling analyze function...
[2026-03-22T18:33:43.370Z] Analyze function returned: Signal=HOLD, RSI=55.6, EMA=0.31786923098199854, ATR=0.00013366318487835954, Price=0.318
[2026-03-22T18:33:43.380Z] Trend Direction: 15m=UP, 4h=UP
[2026-03-22T18:33:43.382Z] Starting multi-timeframe confirmation...
[2026-03-22T18:33:43.387Z] Adjusted position size with sentiment: 21.68722490
[2026-03-22T18:33:43.393Z] Type of dailyLossCheck: function
[2026-03-22T18:33:43.397Z] USDT available: 27.10903112
[2026-03-22T18:33:43.404Z] Calculated position size (USDT): 21.68722490
[2026-03-22T18:33:43.407Z] Last price: 0.318
[2026-03-22T18:33:43.408Z] Calculated quantity: 68.19882043
[2026-03-22T18:33:43.410Z] No trade executed for TRXUSDT due to signal: HOLD
[2026-03-22T18:33:43.413Z] Mapping candle data...
[2026-03-22T18:33:43.414Z] Long-term ATR (4H): 3.552727272727266
[2026-03-22T18:33:43.416Z] Calling analyze function...
[2026-03-22T18:33:43.426Z] Analyze function returned: Signal=HOLD, RSI=46.2, EMA=630.2062049654543, ATR=0.2439053793930609, Price=630
[2026-03-22T18:33:43.429Z] Trend Direction: 15m=DOWN, 4h=DOWN
[2026-03-22T18:33:43.431Z] Starting multi-timeframe confirmation...
[2026-03-22T18:33:43.433Z] Adjusted position size with sentiment: 21.68722490
[2026-03-22T18:33:43.439Z] Type of dailyLossCheck: function
[2026-03-22T18:33:43.442Z] USDT available: 27.10903112
[2026-03-22T18:33:43.444Z] Calculated position size (USDT): 21.68722490
[2026-03-22T18:33:43.445Z] Last price: 630
[2026-03-22T18:33:43.448Z] Calculated quantity: 0.03442417
[2026-03-22T18:33:43.450Z] No trade executed for BNBUSDT due to signal: HOLD
[2026-03-22T18:33:43.459Z] Mapping candle data...
[2026-03-22T18:33:43.461Z] Long-term ATR (4H): 0.002517171717171716
[2026-03-22T18:33:43.463Z] Calling analyze function...
[2026-03-22T18:33:43.471Z] Analyze function returned: Signal=HOLD, RSI=44.61, EMA=0.2540651541788403, ATR=0.00015615741429513688, Price=0.2539
[2026-03-22T18:33:43.474Z] Trend Direction: 15m=DOWN, 4h=DOWN
[2026-03-22T18:33:43.476Z] Starting multi-timeframe confirmation...
[2026-03-22T18:33:43.478Z] Adjusted position size with sentiment: 21.68722490
[2026-03-22T18:33:43.480Z] Type of dailyLossCheck: function
[2026-03-22T18:33:43.483Z] USDT available: 27.10903112
[2026-03-22T18:33:43.489Z] Calculated position size (USDT): 21.68722490
[2026-03-22T18:33:43.493Z] Last price: 0.2539
[2026-03-22T18:33:43.496Z] Calculated quantity: 85.41640369
[2026-03-22T18:33:43.498Z] No trade executed for ADAUSDT due to signal: HOLD
[2026-03-22T18:33:43.503Z] Mapping candle data...
[2026-03-22T18:33:43.507Z] Long-term ATR (4H): 0.3511111111111109
[2026-03-22T18:33:43.509Z] Calling analyze function...
[2026-03-22T18:33:43.512Z] Analyze function returned: Signal=HOLD, RSI=36.44, EMA=54.07638923681142, ATR=0.020416794700441256, Price=54.01
[2026-03-22T18:33:43.515Z] Trend Direction: 15m=DOWN, 4h=DOWN
[2026-03-22T18:33:43.523Z] Starting multi-timeframe confirmation...
[2026-03-22T18:33:43.527Z] Adjusted position size with sentiment: 21.68722490
[2026-03-22T18:33:43.533Z] Type of dailyLossCheck: function
[2026-03-22T18:33:43.539Z] USDT available: 27.10903112
[2026-03-22T18:33:43.542Z] Calculated position size (USDT): 21.68722490
[2026-03-22T18:33:43.545Z] Last price: 54.01
[2026-03-22T18:33:43.547Z] Calculated quantity: 0.40154092
[2026-03-22T18:33:43.564Z] No trade executed for LTCUSDT due to signal: HOLD
[2026-03-22T18:33:43.609Z] Fetched 1m candles for frxEURGBP. Sample: [[1774034160000,0.86655,0.86655,0.86652,0.86653],[1774034220000,0.86654,0.86667,0.86654,0.86666]]
[2026-03-22T18:33:43.612Z] Fetching 15m candles for frxEURGBP
[2026-03-22T18:33:43.621Z] DEBUG: getCandles called for symbol: frxEURGBP, timeframe: 15m
[2026-03-22T18:33:43.665Z] Mapping candle data...
[2026-03-22T18:33:43.696Z] Long-term ATR (4H): 0.07033333333333328
[2026-03-22T18:33:43.710Z] Calling analyze function...
[2026-03-22T18:33:43.727Z] Analyze function returned: Signal=HOLD, RSI=41.64, EMA=8.095760796417295, ATR=0.0035599129682173133, Price=8.09
[2026-03-22T18:33:43.730Z] Trend Direction: 15m=DOWN, 4h=DOWN
[2026-03-22T18:33:43.740Z] Starting multi-timeframe confirmation...
[2026-03-22T18:33:43.745Z] Adjusted position size with sentiment: 21.68722490
[2026-03-22T18:33:43.748Z] Type of dailyLossCheck: function
[2026-03-22T18:33:43.755Z] USDT available: 27.10903112
[2026-03-22T18:33:43.759Z] Calculated position size (USDT): 21.68722490
[2026-03-22T18:33:43.763Z] Last price: 8.09
[2026-03-22T18:33:43.765Z] Calculated quantity: 2.68074473
[2026-03-22T18:33:43.771Z] No trade executed for ETCUSDT due to signal: HOLD
[2026-03-22T18:33:43.778Z] Mapping candle data...
[2026-03-22T18:33:43.781Z] Long-term ATR (4H): 0.08834343434343435
[2026-03-22T18:33:43.790Z] Calling analyze function...
[2026-03-22T18:33:43.796Z] Analyze function returned: Signal=HOLD, RSI=41.27, EMA=9.061819366801261, ATR=0.004985117849171649, Price=9.054
[2026-03-22T18:33:43.801Z] Trend Direction: 15m=DOWN, 4h=DOWN
[2026-03-22T18:33:43.807Z] Starting multi-timeframe confirmation...
[2026-03-22T18:33:43.811Z] Adjusted position size with sentiment: 21.68722490
[2026-03-22T18:33:43.822Z] Type of dailyLossCheck: function
[2026-03-22T18:33:43.824Z] USDT available: 27.10903112
[2026-03-22T18:33:43.828Z] Calculated position size (USDT): 21.68722490
[2026-03-22T18:33:43.842Z] Last price: 9.054
[2026-03-22T18:33:43.847Z] Calculated quantity: 2.39531974
[2026-03-22T18:33:43.859Z] No trade executed for AVAXUSDT due to signal: HOLD
[2026-03-22T18:33:43.869Z] Mapping candle data...
[2026-03-22T18:33:43.886Z] Long-term ATR (4H): 2.7535353535353537
[2026-03-22T18:33:43.910Z] Calling analyze function...
[2026-03-22T18:33:43.924Z] Analyze function returned: Signal=HOLD, RSI=34.97, EMA=467.2810681355241, ATR=0.21083301847556965, Price=466.59
[2026-03-22T18:33:43.927Z] Trend Direction: 15m=UP, 4h=UP
[2026-03-22T18:33:43.936Z] Starting multi-timeframe confirmation...
[2026-03-22T18:33:43.970Z] Adjusted position size with sentiment: 21.68722490
[2026-03-22T18:33:43.973Z] Type of dailyLossCheck: function
[2026-03-22T18:33:43.975Z] USDT available: 27.10903112
[2026-03-22T18:33:43.976Z] Calculated position size (USDT): 21.68722490
[2026-03-22T18:33:43.978Z] Last price: 466.59
[2026-03-22T18:33:43.990Z] Calculated quantity: 0.04648026
[2026-03-22T18:33:43.993Z] No trade executed for BCHUSDT due to signal: HOLD
[2026-03-22T18:33:44.001Z] Mapping candle data...
[2026-03-22T18:33:44.005Z] Long-term ATR (4H): 0.010838383838383836
[2026-03-22T18:33:44.007Z] Calling analyze function...
[2026-03-22T18:33:44.012Z] Analyze function returned: Signal=HOLD, RSI=37.57, EMA=1.3896240306628733, ATR=0.0008021643496619564, Price=1.3882
[2026-03-22T18:33:44.018Z] Trend Direction: 15m=DOWN, 4h=DOWN
[2026-03-22T18:33:44.022Z] Starting multi-timeframe confirmation...
[2026-03-22T18:33:44.025Z] Adjusted position size with sentiment: 21.68722490
[2026-03-22T18:33:44.027Z] Type of dailyLossCheck: function
[2026-03-22T18:33:44.030Z] USDT available: 27.10903112
[2026-03-22T18:33:44.036Z] Calculated position size (USDT): 21.68722490
[2026-03-22T18:33:44.038Z] Last price: 1.3882
[2026-03-22T18:33:44.041Z] Calculated quantity: 15.62255071
[2026-03-22T18:33:44.043Z] No trade executed for XRPUSDT due to signal: HOLD
[2026-03-22T18:33:44.054Z] Mapping candle data...
[2026-03-22T18:33:44.063Z] Long-term ATR (4H): 0.00006111111111111111
[2026-03-22T18:33:44.071Z] Calling analyze function...
[2026-03-22T18:33:44.075Z] Analyze function returned: Signal=HOLD, RSI=42.41, EMA=0.006931632874130262, ATR=0.0000031971418499303695, Price=0.006925
[2026-03-22T18:33:44.077Z] Trend Direction: 15m=DOWN, 4h=DOWN
[2026-03-22T18:33:44.079Z] Starting multi-timeframe confirmation...
[2026-03-22T18:33:44.080Z] Adjusted position size with sentiment: 21.68722490
[2026-03-22T18:33:44.086Z] Type of dailyLossCheck: function
[2026-03-22T18:33:44.088Z] USDT available: 27.10903112
[2026-03-22T18:33:44.089Z] Calculated position size (USDT): 21.68722490
[2026-03-22T18:33:44.091Z] Last price: 0.006925
[2026-03-22T18:33:44.094Z] Calculated quantity: 3131.72922686
[2026-03-22T18:33:44.095Z] No trade executed for VETUSDT due to signal: HOLD
[2026-03-22T18:33:44.100Z] Mapping candle data...
[2026-03-22T18:33:44.103Z] Long-term ATR (4H): 0.010845454545454547
[2026-03-22T18:33:44.105Z] Calling analyze function...
[2026-03-22T18:33:44.108Z] Analyze function returned: Signal=HOLD, RSI=39.66, EMA=0.8718862022293654, ATR=0.0005764692988676769, Price=0.8707
[2026-03-22T18:33:44.111Z] Trend Direction: 15m=DOWN, 4h=DOWN
[2026-03-22T18:33:44.122Z] Starting multi-timeframe confirmation...
[2026-03-22T18:33:44.124Z] Adjusted position size with sentiment: 21.68722490
[2026-03-22T18:33:44.126Z] Type of dailyLossCheck: function
[2026-03-22T18:33:44.127Z] USDT available: 27.10903112
[2026-03-22T18:33:44.128Z] Calculated position size (USDT): 21.68722490
[2026-03-22T18:33:44.135Z] Last price: 0.8707
[2026-03-22T18:33:44.143Z] Calculated quantity: 24.90780395
[2026-03-22T18:33:44.145Z] No trade executed for FILUSDT due to signal: HOLD
[2026-03-22T18:33:44.154Z] Mapping candle data...
[2026-03-22T18:33:44.159Z] Long-term ATR (4H): 0.07339393939393944
[2026-03-22T18:33:44.162Z] Calling analyze function...
[2026-03-22T18:33:44.173Z] Analyze function returned: Signal=HOLD, RSI=46.13, EMA=8.767835009937354, ATR=0.00450362242903532, Price=8.764
[2026-03-22T18:33:44.176Z] Trend Direction: 15m=DOWN, 4h=DOWN
[2026-03-22T18:33:44.178Z] Starting multi-timeframe confirmation...
[2026-03-22T18:33:44.184Z] Adjusted position size with sentiment: 21.68722490
[2026-03-22T18:33:44.187Z] Type of dailyLossCheck: function
[2026-03-22T18:33:44.189Z] USDT available: 27.10903112
[2026-03-22T18:33:44.192Z] Calculated position size (USDT): 21.68722490
[2026-03-22T18:33:44.195Z] Last price: 8.764
[2026-03-22T18:33:44.204Z] Calculated quantity: 2.47458066
[2026-03-22T18:33:44.207Z] No trade executed for LINKUSDT due to signal: HOLD
[2026-03-22T18:33:44.213Z] Mapping candle data...
[2026-03-22T18:33:44.220Z] Long-term ATR (4H): 0.0014003030303030306
[2026-03-22T18:33:44.223Z] Calling analyze function...
[2026-03-22T18:33:44.238Z] Analyze function returned: Signal=HOLD, RSI=37.75, EMA=0.15726751124293128, ATR=0.00008664100061348604, Price=0.15711
[2026-03-22T18:33:44.243Z] Trend Direction: 15m=DOWN, 4h=DOWN
[2026-03-22T18:33:44.254Z] Starting multi-timeframe confirmation...
[2026-03-22T18:33:44.260Z] Adjusted position size with sentiment: 21.68722490
[2026-03-22T18:33:44.277Z] Type of dailyLossCheck: function
[2026-03-22T18:33:44.305Z] USDT available: 27.10903112
[2026-03-22T18:33:44.348Z] Calculated position size (USDT): 21.68722490
[2026-03-22T18:33:44.443Z] Last price: 0.15711
[2026-03-22T18:33:44.468Z] Calculated quantity: 138.03847556
[2026-03-22T18:33:44.524Z] No trade executed for XLMUSDT due to signal: HOLD
[2026-03-22T18:33:44.543Z] Mapping candle data...
[2026-03-22T18:33:44.616Z] Long-term ATR (4H): 18.490404040404062
[2026-03-22T18:33:44.659Z] Calling analyze function...
[2026-03-22T18:33:44.793Z] Analyze function returned: Signal=HOLD, RSI=34.42, EMA=2077.207192696534, ATR=1.2537967571993485, Price=2074.2
[2026-03-22T18:33:45.199Z] Trend Direction: 15m=DOWN, 4h=DOWN
[2026-03-22T18:33:45.328Z] Starting multi-timeframe confirmation...
[2026-03-22T18:33:45.450Z] Adjusted position size with sentiment: 21.68722490
[2026-03-22T18:33:45.477Z] Type of dailyLossCheck: function
[2026-03-22T18:33:45.484Z] USDT available: 27.10903112
[2026-03-22T18:33:45.490Z] Calculated position size (USDT): 21.68722490
[2026-03-22T18:33:45.503Z] Last price: 2074.2
[2026-03-22T18:33:45.517Z] Calculated quantity: 0.01045571
[2026-03-22T18:33:45.548Z] No trade executed for ETHUSDT due to signal: HOLD
[2026-03-22T18:33:45.567Z] Mapping candle data...
[2026-03-22T18:33:45.691Z] Long-term ATR (4H): 0.8138282828282835
[2026-03-22T18:33:45.833Z] Calling analyze function...
[2026-03-22T18:33:45.960Z] Analyze function returned: Signal=HOLD, RSI=32.63, EMA=87.18517159117592, ATR=0.05606099587767155, Price=87.042
[2026-03-22T18:33:45.998Z] Trend Direction: 15m=DOWN, 4h=DOWN
[2026-03-22T18:33:46.017Z] Starting multi-timeframe confirmation...
[2026-03-22T18:33:46.034Z] Adjusted position size with sentiment: 21.68722490
[2026-03-22T18:33:46.047Z] Type of dailyLossCheck: function
[2026-03-22T18:33:46.080Z] USDT available: 27.10903112
[2026-03-22T18:33:46.116Z] Calculated position size (USDT): 21.68722490
[2026-03-22T18:33:46.147Z] Last price: 87.042
[2026-03-22T18:33:46.162Z] Calculated quantity: 0.24915816
[2026-03-22T18:33:46.198Z] No trade executed for SOLUSDT due to signal: HOLD
[2026-03-22T18:33:46.243Z] Mapping candle data...
[2026-03-22T18:33:46.278Z] Long-term ATR (4H): 0.0009124242424242414
[2026-03-22T18:33:46.333Z] Calling analyze function...
[2026-03-22T18:33:46.381Z] Analyze function returned: Signal=HOLD, RSI=37.58, EMA=0.09116336038402643, ATR=0.00006181876754959147, Price=0.09105
[2026-03-22T18:33:46.395Z] Trend Direction: 15m=DOWN, 4h=DOWN
[2026-03-22T18:33:46.416Z] Starting multi-timeframe confirmation...
[2026-03-22T18:33:46.446Z] Adjusted position size with sentiment: 21.68722490
[2026-03-22T18:33:46.461Z] Type of dailyLossCheck: function
[2026-03-22T18:33:46.482Z] USDT available: 27.10903112
[2026-03-22T18:33:46.509Z] Calculated position size (USDT): 21.68722490
[2026-03-22T18:33:46.524Z] Last price: 0.09105
[2026-03-22T18:33:46.533Z] Calculated quantity: 238.19027892
[2026-03-22T18:33:46.544Z] No trade executed for DOGEUSDT due to signal: HOLD
[2026-03-22T18:33:46.562Z] Fetched 1m candles for frxGBPAUD. Sample: [[1774034160000,1.90102,1.90122,1.90101,1.90116],[1774034220000,1.90114,1.90146,1.90106,1.90115]]
[2026-03-22T18:33:46.592Z] Fetching 15m candles for frxGBPAUD
[2026-03-22T18:33:46.628Z] DEBUG: getCandles called for symbol: frxGBPAUD, timeframe: 15m
[2026-03-22T18:33:46.686Z] Fetched 1m candles for frxUSDCAD. Sample: [[1774034160000,1.37194,1.372,1.37192,1.37198],[1774034220000,1.37199,1.3721,1.3718,1.37182]]
[2026-03-22T18:33:46.696Z] Fetching 15m candles for frxUSDCAD
[2026-03-22T18:33:46.759Z] DEBUG: getCandles called for symbol: frxUSDCAD, timeframe: 15m
[2026-03-22T18:33:46.814Z] Fetched 1m candles for frxNZDJPY. Sample: [[1774034160000,92.767,92.767,92.744,92.747],[1774034220000,92.747,92.768,92.738,92.761]]
[2026-03-22T18:33:46.830Z] Fetching 15m candles for frxNZDJPY
[2026-03-22T18:33:46.878Z] DEBUG: getCandles called for symbol: frxNZDJPY, timeframe: 15m
[2026-03-22T18:33:46.911Z] Fetching 4H candles for frxXAGUSD
[2026-03-22T18:33:46.938Z] DEBUG: getCandles called for symbol: frxXAGUSD, timeframe: 4H
[2026-03-22T18:33:46.976Z] Fetching 4H candles for frxXPTUSD
[2026-03-22T18:33:47.008Z] DEBUG: getCandles called for symbol: frxXPTUSD, timeframe: 4H
[2026-03-22T18:33:47.061Z] Fetching 4H candles for frxXAUUSD
[2026-03-22T18:33:47.091Z] DEBUG: getCandles called for symbol: frxXAUUSD, timeframe: 4H
[2026-03-22T18:33:47.138Z] Fetching 4H candles for frxAUDUSD
[2026-03-22T18:33:47.179Z] DEBUG: getCandles called for symbol: frxAUDUSD, timeframe: 4H
[2026-03-22T18:33:47.223Z] Fetching 4H candles for frxXPDUSD
[2026-03-22T18:33:47.311Z] DEBUG: getCandles called for symbol: frxXPDUSD, timeframe: 4H
[2026-03-22T18:33:47.438Z] Fetching 4H candles for frxUSDJPY
[2026-03-22T18:33:47.522Z] DEBUG: getCandles called for symbol: frxUSDJPY, timeframe: 4H
[2026-03-22T18:33:47.540Z] Fetching 4H candles for frxEURUSD
[2026-03-22T18:33:47.551Z] DEBUG: getCandles called for symbol: frxEURUSD, timeframe: 4H
[2026-03-22T18:33:47.605Z] Fetching 4H candles for frxGBPUSD
[2026-03-22T18:33:47.650Z] DEBUG: getCandles called for symbol: frxGBPUSD, timeframe: 4H
[2026-03-22T18:33:47.706Z] Fetching 4H candles for frxUSDPLN
[2026-03-22T18:33:47.738Z] DEBUG: getCandles called for symbol: frxUSDPLN, timeframe: 4H
[2026-03-22T18:33:47.759Z] Fetching 4H candles for frxUSDCHF
[2026-03-22T18:33:47.774Z] DEBUG: getCandles called for symbol: frxUSDCHF, timeframe: 4H
[2026-03-22T18:33:47.792Z] Fetching 4H candles for frxUSDNOK
[2026-03-22T18:33:47.806Z] DEBUG: getCandles called for symbol: frxUSDNOK, timeframe: 4H
[2026-03-22T18:33:47.816Z] Fetching 4H candles for frxGBPJPY
[2026-03-22T18:33:47.819Z] DEBUG: getCandles called for symbol: frxGBPJPY, timeframe: 4H
[2026-03-22T18:33:47.823Z] Fetching 4H candles for frxUSDMXN
[2026-03-22T18:33:47.824Z] DEBUG: getCandles called for symbol: frxUSDMXN, timeframe: 4H
[2026-03-22T18:33:47.836Z] Fetching 4H candles for frxEURCHF
[2026-03-22T18:33:47.838Z] DEBUG: getCandles called for symbol: frxEURCHF, timeframe: 4H
[2026-03-22T18:33:47.848Z] Fetching 4H candles for frxGBPNZD
[2026-03-22T18:33:47.854Z] DEBUG: getCandles called for symbol: frxGBPNZD, timeframe: 4H
[2026-03-22T18:33:47.882Z] Fetching 4H candles for frxGBPNOK
[2026-03-22T18:33:47.885Z] DEBUG: getCandles called for symbol: frxGBPNOK, timeframe: 4H
[2026-03-22T18:33:47.890Z] Fetching 4H candles for frxNZDUSD
[2026-03-22T18:33:47.892Z] DEBUG: getCandles called for symbol: frxNZDUSD, timeframe: 4H
[2026-03-22T18:33:47.901Z] Fetching 4H candles for frxAUDCAD
[2026-03-22T18:33:47.904Z] DEBUG: getCandles called for symbol: frxAUDCAD, timeframe: 4H
[2026-03-22T18:33:47.911Z] Fetching 4H candles for frxGBPCHF
[2026-03-22T18:33:47.936Z] DEBUG: getCandles called for symbol: frxGBPCHF, timeframe: 4H
[2026-03-22T18:33:47.963Z] Fetching 4H candles for frxEURNZD
[2026-03-22T18:33:47.967Z] DEBUG: getCandles called for symbol: frxEURNZD, timeframe: 4H
[2026-03-22T18:33:47.971Z] Fetching 4H candles for frxAUDCHF
[2026-03-22T18:33:47.974Z] DEBUG: getCandles called for symbol: frxAUDCHF, timeframe: 4H
[2026-03-22T18:33:47.984Z] Fetching 4H candles for frxAUDNZD
[2026-03-22T18:33:47.998Z] DEBUG: getCandles called for symbol: frxAUDNZD, timeframe: 4H
[2026-03-22T18:33:48.003Z] Fetching 4H candles for frxEURJPY
[2026-03-22T18:33:48.009Z] DEBUG: getCandles called for symbol: frxEURJPY, timeframe: 4H
[2026-03-22T18:33:48.023Z] Fetching 4H candles for frxGBPCAD
[2026-03-22T18:33:48.031Z] DEBUG: getCandles called for symbol: frxGBPCAD, timeframe: 4H
[2026-03-22T18:33:48.037Z] Fetching 4H candles for frxEURCAD
[2026-03-22T18:33:48.040Z] DEBUG: getCandles called for symbol: frxEURCAD, timeframe: 4H
[2026-03-22T18:33:48.050Z] Fetching 4H candles for frxUSDSEK
[2026-03-22T18:33:48.052Z] DEBUG: getCandles called for symbol: frxUSDSEK, timeframe: 4H
[2026-03-22T18:33:48.056Z] Fetching 4H candles for frxAUDJPY
[2026-03-22T18:33:48.062Z] DEBUG: getCandles called for symbol: frxAUDJPY, timeframe: 4H
[2026-03-22T18:33:48.068Z] Fetching 4H candles for frxEURAUD
[2026-03-22T18:33:48.071Z] DEBUG: getCandles called for symbol: frxEURAUD, timeframe: 4H
[2026-03-22T18:33:48.077Z] Fetching 4H candles for frxEURGBP
[2026-03-22T18:33:48.082Z] DEBUG: getCandles called for symbol: frxEURGBP, timeframe: 4H
[2026-03-22T18:33:48.089Z] Mapping candle data...
[2026-03-22T18:33:48.091Z] Long-term ATR (4H): 1.0104684210526313
[2026-03-22T18:33:48.096Z] Calling analyze function...
[2026-03-22T18:33:48.102Z] Analyze function returned: Signal=HOLD, RSI=43.63, EMA=68.00021295690647, ATR=0.08321189429656936, Price=67.917
[2026-03-22T18:33:48.104Z] Trend Direction: 15m=DOWN, 4h=DOWN
[2026-03-22T18:33:48.108Z] Starting multi-timeframe confirmation...
[2026-03-22T18:33:48.124Z] Adjusted position size with sentiment: 21.68722490
[2026-03-22T18:33:48.237Z] Type of dailyLossCheck: function
[2026-03-22T18:33:48.245Z] USDT available: 27.10903112
[2026-03-22T18:33:48.257Z] Calculated position size (USDT): 21.68722490
[2026-03-22T18:33:48.264Z] Last price: 67.917
[2026-03-22T18:33:48.274Z] Calculated quantity: 0.31931954
[2026-03-22T18:33:48.283Z] No trade executed for frxXAGUSD due to signal: HOLD
[2026-03-22T18:33:48.287Z] Fetching 4H candles for frxNZDJPY
[2026-03-22T18:33:48.290Z] DEBUG: getCandles called for symbol: frxNZDJPY, timeframe: 4H
[2026-03-22T18:33:48.300Z] Fetching 4H candles for frxGBPAUD
[2026-03-22T18:33:48.302Z] DEBUG: getCandles called for symbol: frxGBPAUD, timeframe: 4H
[2026-03-22T18:33:48.307Z] Fetching 4H candles for frxUSDCAD
[2026-03-22T18:33:48.310Z] DEBUG: getCandles called for symbol: frxUSDCAD, timeframe: 4H
[2026-03-22T18:33:48.316Z] Mapping candle data...
[2026-03-22T18:33:48.325Z] Long-term ATR (4H): 18.84250000000002
[2026-03-22T18:33:48.350Z] Calling analyze function...
[2026-03-22T18:33:48.365Z] Analyze function returned: Signal=HOLD, RSI=44.91, EMA=1928.9927477665697, ATR=1.3364621669630878, Price=1927.76
[2026-03-22T18:33:48.368Z] Trend Direction: 15m=DOWN, 4h=DOWN
[2026-03-22T18:33:48.372Z] Starting multi-timeframe confirmation...
[2026-03-22T18:33:48.383Z] Adjusted position size with sentiment: 21.68722490
[2026-03-22T18:33:48.387Z] Type of dailyLossCheck: function
[2026-03-22T18:33:48.398Z] USDT available: 27.10903112
[2026-03-22T18:33:48.401Z] Calculated position size (USDT): 21.68722490
[2026-03-22T18:33:48.406Z] Last price: 1927.76
[2026-03-22T18:33:48.416Z] Calculated quantity: 0.01124996
[2026-03-22T18:33:48.421Z] No trade executed for frxXPTUSD due to signal: HOLD
[2026-03-22T18:33:48.431Z] Mapping candle data...
[2026-03-22T18:33:48.436Z] Long-term ATR (4H): 27.17039473684208
[2026-03-22T18:33:48.447Z] Calling analyze function...
[2026-03-22T18:33:48.453Z] Analyze function returned: Signal=HOLD, RSI=43.04, EMA=4500.529119332874, ATR=3.034370902174315, Price=4498.01
[2026-03-22T18:33:48.458Z] Trend Direction: 15m=DOWN, 4h=DOWN
[2026-03-22T18:33:48.467Z] Starting multi-timeframe confirmation...
[2026-03-22T18:33:48.478Z] Adjusted position size with sentiment: 44.98010000
[2026-03-22T18:33:48.481Z] Type of dailyLossCheck: function
[2026-03-22T18:33:48.484Z] USDT available: 27.10903112
[2026-03-22T18:33:48.487Z] Calculated position size (USDT): 44.98010000
[2026-03-22T18:33:48.489Z] Last price: 4498.01
[2026-03-22T18:33:48.493Z] Calculated quantity: 0.01000000
[2026-03-22T18:33:48.496Z] No trade executed for frxXAUUSD due to signal: HOLD
[2026-03-22T18:33:48.499Z] Mapping candle data...
[2026-03-22T18:33:48.501Z] Long-term ATR (4H): 0.0017528947368420922
[2026-03-22T18:33:48.507Z] Calling analyze function...
[2026-03-22T18:33:48.517Z] Analyze function returned: Signal=HOLD, RSI=63.49, EMA=0.7020623389389212, ATR=0.0001221026971157213, Price=0.70225
[2026-03-22T18:33:48.535Z] Trend Direction: 15m=DOWN, 4h=DOWN
[2026-03-22T18:33:48.595Z] Starting multi-timeframe confirmation...
[2026-03-22T18:33:48.763Z] Adjusted position size with sentiment: 21.68722490
[2026-03-22T18:33:48.855Z] Type of dailyLossCheck: function
[2026-03-22T18:33:48.865Z] USDT available: 27.10903112
[2026-03-22T18:33:48.871Z] Calculated position size (USDT): 21.68722490
[2026-03-22T18:33:48.878Z] Last price: 0.70225
[2026-03-22T18:33:48.881Z] Calculated quantity: 30.88248472
[2026-03-22T18:33:48.924Z] No trade executed for frxAUDUSD due to signal: HOLD
[2026-03-22T18:33:48.934Z] Mapping candle data...
[2026-03-22T18:33:48.945Z] Long-term ATR (4H): 15.547105263157906
[2026-03-22T18:33:49.053Z] Calling analyze function...
[2026-03-22T18:33:49.075Z] Analyze function returned: Signal=HOLD, RSI=49.91, EMA=1411.5673268919945, ATR=0.9771874040865356, Price=1411.69
[2026-03-22T18:33:49.078Z] Trend Direction: 15m=DOWN, 4h=DOWN
[2026-03-22T18:33:49.086Z] Starting multi-timeframe confirmation...
[2026-03-22T18:33:49.111Z] Adjusted position size with sentiment: 21.68722490
[2026-03-22T18:33:49.115Z] Type of dailyLossCheck: function
[2026-03-22T18:33:49.129Z] USDT available: 27.10903112
[2026-03-22T18:33:49.132Z] Calculated position size (USDT): 21.68722490
[2026-03-22T18:33:49.134Z] Last price: 1411.69
[2026-03-22T18:33:49.174Z] Calculated quantity: 0.01536260
[2026-03-22T18:33:49.181Z] No trade executed for frxXPDUSD due to signal: HOLD
[2026-03-22T18:33:49.186Z] Mapping candle data...
[2026-03-22T18:33:49.192Z] Long-term ATR (4H): 0.21769736842105358
[2026-03-22T18:33:49.194Z] Calling analyze function...
[2026-03-22T18:33:49.199Z] Analyze function returned: Signal=HOLD, RSI=27.62, EMA=159.28885631293846, ATR=0.013069059057638024, Price=159.242
[2026-03-22T18:33:49.204Z] Trend Direction: 15m=UP, 4h=UP
[2026-03-22T18:33:49.209Z] Starting multi-timeframe confirmation...
[2026-03-22T18:33:49.212Z] Adjusted position size with sentiment: 21.68722490
[2026-03-22T18:33:49.218Z] Type of dailyLossCheck: function
[2026-03-22T18:33:49.225Z] USDT available: 27.10903112
[2026-03-22T18:33:49.237Z] Calculated position size (USDT): 21.68722490
[2026-03-22T18:33:49.245Z] Last price: 159.242
[2026-03-22T18:33:49.259Z] Calculated quantity: 0.13619036
[2026-03-22T18:33:49.262Z] No trade executed for frxUSDJPY due to signal: HOLD
[2026-03-22T18:33:49.267Z] Mapping candle data...
[2026-03-22T18:33:49.272Z] Long-term ATR (4H): 0.001967236842105275
[2026-03-22T18:33:49.277Z] Calling analyze function...
[2026-03-22T18:33:49.282Z] Analyze function returned: Signal=HOLD, RSI=73.91, EMA=1.1565639740430431, ATR=0.00013766439267700063, Price=1.15708
[2026-03-22T18:33:49.289Z] Trend Direction: 15m=DOWN, 4h=DOWN
[2026-03-22T18:33:49.292Z] Starting multi-timeframe confirmation...
[2026-03-22T18:33:49.296Z] Adjusted position size with sentiment: 21.68722490
[2026-03-22T18:33:49.309Z] Type of dailyLossCheck: function
[2026-03-22T18:33:49.320Z] USDT available: 27.10903112
[2026-03-22T18:33:49.332Z] Calculated position size (USDT): 21.68722490
[2026-03-22T18:33:49.334Z] Last price: 1.15708
[2026-03-22T18:33:49.343Z] Calculated quantity: 18.74306435
[2026-03-22T18:33:49.348Z] No trade executed for frxEURUSD due to signal: HOLD
[2026-03-22T18:33:49.353Z] Mapping candle data...
[2026-03-22T18:33:49.363Z] Long-term ATR (4H): 0.0023874999999999925
[2026-03-22T18:33:49.408Z] Calling analyze function...
[2026-03-22T18:33:49.566Z] Analyze function returned: Signal=HOLD, RSI=67.64, EMA=1.3338678327523712, ATR=0.000165396705569508, Price=1.33432
[2026-03-22T18:33:49.573Z] Trend Direction: 15m=DOWN, 4h=DOWN
[2026-03-22T18:33:49.577Z] Starting multi-timeframe confirmation...
[2026-03-22T18:33:49.583Z] Adjusted position size with sentiment: 21.68722490
[2026-03-22T18:33:49.592Z] Type of dailyLossCheck: function
[2026-03-22T18:33:49.594Z] USDT available: 27.10903112
[2026-03-22T18:33:49.598Z] Calculated position size (USDT): 21.68722490
[2026-03-22T18:33:49.603Z] Last price: 1.33432
[2026-03-22T18:33:49.609Z] Calculated quantity: 16.25339116
[2026-03-22T18:33:49.616Z] No trade executed for frxGBPUSD due to signal: HOLD
[2026-03-22T18:33:49.630Z] Mapping candle data...
[2026-03-22T18:33:49.632Z] Long-term ATR (4H): 0.009977631578947382
[2026-03-22T18:33:49.634Z] Calling analyze function...
[2026-03-22T18:33:49.646Z] Analyze function returned: Signal=HOLD, RSI=24.15, EMA=3.6986631719150638, ATR=0.0006986194988003168, Price=3.6965
[2026-03-22T18:33:49.659Z] Trend Direction: 15m=UP, 4h=UP
[2026-03-22T18:33:49.661Z] Starting multi-timeframe confirmation...
[2026-03-22T18:33:49.664Z] Adjusted position size with sentiment: 21.68722490
[2026-03-22T18:33:49.670Z] Type of dailyLossCheck: function
[2026-03-22T18:33:49.676Z] USDT available: 27.10903112
[2026-03-22T18:33:49.680Z] Calculated position size (USDT): 21.68722490
[2026-03-22T18:33:49.683Z] Last price: 3.6965
[2026-03-22T18:33:49.691Z] Calculated quantity: 5.86696196
[2026-03-22T18:33:49.693Z] No trade executed for frxUSDPLN due to signal: HOLD
[2026-03-22T18:33:49.699Z] Mapping candle data...
[2026-03-22T18:33:49.718Z] Long-term ATR (4H): 0.017794210526315826
[2026-03-22T18:33:49.888Z] Calling analyze function...
[2026-03-22T18:33:49.963Z] Analyze function returned: Signal=HOLD, RSI=44.35, EMA=9.566624400603146, ATR=0.0011776474819125758, Price=9.56577
[2026-03-22T18:33:49.979Z] Trend Direction: 15m=UP, 4h=DOWN
[2026-03-22T18:33:49.989Z] Starting multi-timeframe confirmation...
[2026-03-22T18:33:49.992Z] Adjusted position size with sentiment: 21.68722490
[2026-03-22T18:33:50.015Z] Type of dailyLossCheck: function
[2026-03-22T18:33:50.036Z] USDT available: 27.10903112
[2026-03-22T18:33:50.047Z] Calculated position size (USDT): 21.68722490
[2026-03-22T18:33:50.055Z] Last price: 9.56577
[2026-03-22T18:33:50.062Z] Calculated quantity: 2.26716980
[2026-03-22T18:33:50.161Z] No trade executed for frxUSDNOK due to signal: HOLD
[2026-03-22T18:33:50.369Z] Mapping candle data...
[2026-03-22T18:33:50.502Z] Long-term ATR (4H): 0.0013171052631578914
[2026-03-22T18:33:50.554Z] Calling analyze function...
[2026-03-22T18:33:50.641Z] Analyze function returned: Signal=HOLD, RSI=33.47, EMA=0.788145818729009, ATR=0.00008168061214412084, Price=0.78792
[2026-03-22T18:33:50.672Z] Trend Direction: 15m=DOWN, 4h=UP
[2026-03-22T18:33:50.676Z] Starting multi-timeframe confirmation...
[2026-03-22T18:33:50.681Z] Adjusted position size with sentiment: 21.68722490
[2026-03-22T18:33:50.686Z] Type of dailyLossCheck: function
[2026-03-22T18:33:50.690Z] USDT available: 27.10903112
[2026-03-22T18:33:50.700Z] Calculated position size (USDT): 21.68722490
[2026-03-22T18:33:50.703Z] Last price: 0.78792
[2026-03-22T18:33:50.705Z] Calculated quantity: 27.52465339
[2026-03-22T18:33:50.707Z] No trade executed for frxUSDCHF due to signal: HOLD
[2026-03-22T18:33:50.716Z] Mapping candle data...
[2026-03-22T18:33:50.720Z] Long-term ATR (4H): 0.23835526315789335
[2026-03-22T18:33:50.722Z] Calling analyze function...
[2026-03-22T18:33:50.737Z] Analyze function returned: Signal=HOLD, RSI=52.38, EMA=212.46872878664334, ATR=0.02385922434458518, Price=212.476
[2026-03-22T18:33:50.739Z] Trend Direction: 15m=UP, 4h=UP
[2026-03-22T18:33:50.741Z] Starting multi-timeframe confirmation...
[2026-03-22T18:33:50.743Z] Adjusted position size with sentiment: 21.68722490
[2026-03-22T18:33:50.747Z] Type of dailyLossCheck: function
[2026-03-22T18:33:50.752Z] USDT available: 27.10903112
[2026-03-22T18:33:50.753Z] Calculated position size (USDT): 21.68722490
[2026-03-22T18:33:50.754Z] Last price: 212.476
[2026-03-22T18:33:50.756Z] Calculated quantity: 0.10206906
[2026-03-22T18:33:50.759Z] No trade executed for frxGBPJPY due to signal: HOLD
[2026-03-22T18:33:50.764Z] Mapping candle data...
[2026-03-22T18:33:50.772Z] Long-term ATR (4H): 0.05173026315789473
[2026-03-22T18:33:50.778Z] Calling analyze function...
[2026-03-22T18:33:50.784Z] Analyze function returned: Signal=HOLD, RSI=36.04, EMA=17.920155012576025, ATR=0.003201092502371834, Price=17.9171
[2026-03-22T18:33:50.787Z] Trend Direction: 15m=UP, 4h=UP
[2026-03-22T18:33:50.793Z] Starting multi-timeframe confirmation...
[2026-03-22T18:33:50.800Z] Adjusted position size with sentiment: 21.68722490
[2026-03-22T18:33:50.803Z] Type of dailyLossCheck: function
[2026-03-22T18:33:50.816Z] USDT available: 27.10903112
[2026-03-22T18:33:50.818Z] Calculated position size (USDT): 21.68722490
[2026-03-22T18:33:50.819Z] Last price: 17.9171
[2026-03-22T18:33:50.822Z] Calculated quantity: 1.21042049
[2026-03-22T18:33:50.824Z] No trade executed for frxUSDMXN due to signal: HOLD
[2026-03-22T18:33:50.826Z] Mapping candle data...
[2026-03-22T18:33:50.829Z] Long-term ATR (4H): 0.0007406578947368502
[2026-03-22T18:33:50.833Z] Calling analyze function...
[2026-03-22T18:33:50.837Z] Analyze function returned: Signal=HOLD, RSI=66.66, EMA=0.9115412845754698, ATR=0.00006559095226684298, Price=0.91169
[2026-03-22T18:33:50.839Z] Trend Direction: 15m=DOWN, 4h=UP
[2026-03-22T18:33:50.846Z] Starting multi-timeframe confirmation...
[2026-03-22T18:33:50.851Z] Adjusted position size with sentiment: 21.68722490
[2026-03-22T18:33:50.854Z] Type of dailyLossCheck: function
[2026-03-22T18:33:50.855Z] USDT available: 27.10903112
[2026-03-22T18:33:50.857Z] Calculated position size (USDT): 21.68722490
[2026-03-22T18:33:50.858Z] Last price: 0.91169
[2026-03-22T18:33:50.862Z] Calculated quantity: 23.78793767
[2026-03-22T18:33:50.867Z] No trade executed for frxEURCHF due to signal: HOLD
[2026-03-22T18:33:50.871Z] Mapping candle data...
[2026-03-22T18:33:50.873Z] Long-term ATR (4H): 0.016657236842105242
[2026-03-22T18:33:50.875Z] Calling analyze function...
[2026-03-22T18:33:50.883Z] Analyze function returned: Signal=HOLD, RSI=68.31, EMA=12.761989407397023, ATR=0.0025167504540889465, Price=12.76649
[2026-03-22T18:33:50.885Z] Trend Direction: 15m=UP, 4h=DOWN
[2026-03-22T18:33:50.888Z] Starting multi-timeframe confirmation...
[2026-03-22T18:33:50.890Z] Adjusted position size with sentiment: 21.68722490
[2026-03-22T18:33:50.892Z] Type of dailyLossCheck: function
[2026-03-22T18:33:50.896Z] USDT available: 27.10903112
[2026-03-22T18:33:50.901Z] Calculated position size (USDT): 21.68722490
[2026-03-22T18:33:50.903Z] Last price: 12.76649
[2026-03-22T18:33:50.905Z] Calculated quantity: 1.69876175
[2026-03-22T18:33:50.908Z] No trade executed for frxGBPNOK due to signal: HOLD
[2026-03-22T18:33:50.920Z] Mapping candle data...
[2026-03-22T18:33:50.936Z] Long-term ATR (4H): 0.003263026315789464
[2026-03-22T18:33:50.937Z] Calling analyze function...
[2026-03-22T18:33:50.942Z] Analyze function returned: Signal=HOLD, RSI=62.34, EMA=2.2883275097966895, ATR=0.00037395549819568174, Price=2.28897
[2026-03-22T18:33:50.949Z] Trend Direction: 15m=UP, 4h=UP
[2026-03-22T18:33:50.953Z] Starting multi-timeframe confirmation...
[2026-03-22T18:33:50.956Z] Adjusted position size with sentiment: 21.68722490
[2026-03-22T18:33:50.963Z] Type of dailyLossCheck: function
[2026-03-22T18:33:50.967Z] USDT available: 27.10903112
[2026-03-22T18:33:50.969Z] Calculated position size (USDT): 21.68722490
[2026-03-22T18:33:50.971Z] Last price: 2.28897
[2026-03-22T18:33:50.972Z] Calculated quantity: 9.47466542
[2026-03-22T18:33:50.975Z] No trade executed for frxGBPNZD due to signal: HOLD
[2026-03-22T18:33:50.989Z] Mapping candle data...
[2026-03-22T18:33:50.991Z] Long-term ATR (4H): 0.00201184210526316
[2026-03-22T18:33:50.994Z] Calling analyze function...
[2026-03-22T18:33:51.001Z] Analyze function returned: Signal=HOLD, RSI=64.89, EMA=0.9633638135833719, ATR=0.0001720674354108004, Price=0.96369
[2026-03-22T18:33:51.004Z] Trend Direction: 15m=DOWN, 4h=UP
[2026-03-22T18:33:51.006Z] Starting multi-timeframe confirmation...
[2026-03-22T18:33:51.007Z] Adjusted position size with sentiment: 21.68722490
[2026-03-22T18:33:51.010Z] Type of dailyLossCheck: function
[2026-03-22T18:33:51.015Z] USDT available: 27.10903112
[2026-03-22T18:33:51.017Z] Calculated position size (USDT): 21.68722490
[2026-03-22T18:33:51.019Z] Last price: 0.96369
[2026-03-22T18:33:51.021Z] Calculated quantity: 22.50435814
[2026-03-22T18:33:51.022Z] No trade executed for frxAUDCAD due to signal: HOLD
[2026-03-22T18:33:51.026Z] Mapping candle data...
[2026-03-22T18:33:51.029Z] Long-term ATR (4H): 0.0014439473684210579
[2026-03-22T18:33:51.032Z] Calling analyze function...
[2026-03-22T18:33:51.037Z] Analyze function returned: Signal=HOLD, RSI=53.74, EMA=0.582905029874913, ATR=0.00008642877521857425, Price=0.58293
[2026-03-22T18:33:51.043Z] Trend Direction: 15m=DOWN, 4h=DOWN
[2026-03-22T18:33:51.049Z] Starting multi-timeframe confirmation...
[2026-03-22T18:33:51.051Z] Adjusted position size with sentiment: 21.68722490
[2026-03-22T18:33:51.053Z] Type of dailyLossCheck: function
[2026-03-22T18:33:51.055Z] USDT available: 27.10903112
[2026-03-22T18:33:51.056Z] Calculated position size (USDT): 21.68722490
[2026-03-22T18:33:51.058Z] Last price: 0.58293
[2026-03-22T18:33:51.062Z] Calculated quantity: 37.20382361
[2026-03-22T18:33:51.066Z] No trade executed for frxNZDUSD due to signal: HOLD
[2026-03-22T18:33:51.069Z] Mapping candle data...
[2026-03-22T18:33:51.072Z] Long-term ATR (4H): 0.0011801315789473545
[2026-03-22T18:33:51.073Z] Calling analyze function...
[2026-03-22T18:33:51.091Z] Analyze function returned: Signal=HOLD, RSI=55.33, EMA=1.0512848462650703, ATR=0.000112326995366551, Price=1.05136
[2026-03-22T18:33:51.094Z] Trend Direction: 15m=DOWN, 4h=UP
[2026-03-22T18:33:51.100Z] Starting multi-timeframe confirmation...
[2026-03-22T18:33:51.102Z] Adjusted position size with sentiment: 21.68722490
[2026-03-22T18:33:51.104Z] Type of dailyLossCheck: function
[2026-03-22T18:33:51.105Z] USDT available: 27.10903112
[2026-03-22T18:33:51.107Z] Calculated position size (USDT): 21.68722490
[2026-03-22T18:33:51.112Z] Last price: 1.05136
[2026-03-22T18:33:51.117Z] Calculated quantity: 20.62778201
[2026-03-22T18:33:51.118Z] No trade executed for frxGBPCHF due to signal: HOLD
[2026-03-22T18:33:51.121Z] Mapping candle data...
[2026-03-22T18:33:51.123Z] Long-term ATR (4H): 0.002662763157894736
[2026-03-22T18:33:51.125Z] Calling analyze function...
[2026-03-22T18:33:51.134Z] Analyze function returned: Signal=HOLD, RSI=68.51, EMA=1.9841558422647145, ATR=0.0002935921174633473, Price=1.98498
[2026-03-22T18:33:51.136Z] Trend Direction: 15m=UP, 4h=UP
[2026-03-22T18:33:51.141Z] Starting multi-timeframe confirmation...
[2026-03-22T18:33:51.145Z] Adjusted position size with sentiment: 21.68722490
[2026-03-22T18:33:51.150Z] Type of dailyLossCheck: function
[2026-03-22T18:33:51.152Z] USDT available: 27.10903112
[2026-03-22T18:33:51.153Z] Calculated position size (USDT): 21.68722490
[2026-03-22T18:33:51.158Z] Last price: 1.98498
[2026-03-22T18:33:51.165Z] Calculated quantity: 10.92566419
[2026-03-22T18:33:51.170Z] No trade executed for frxEURNZD due to signal: HOLD
[2026-03-22T18:33:51.184Z] Mapping candle data...
[2026-03-22T18:33:51.190Z] Long-term ATR (4H): 0.0009110526315789426
[2026-03-22T18:33:51.194Z] Calling analyze function...
[2026-03-22T18:33:51.203Z] Analyze function returned: Signal=HOLD, RSI=53.44, EMA=0.5533267274037208, ATR=0.00009522785202610143, Price=0.55333
[2026-03-22T18:33:51.220Z] Trend Direction: 15m=DOWN, 4h=UP
[2026-03-22T18:33:51.232Z] Starting multi-timeframe confirmation...
[2026-03-22T18:33:51.238Z] Adjusted position size with sentiment: 21.68722490
[2026-03-22T18:33:51.240Z] Type of dailyLossCheck: function
[2026-03-22T18:33:51.245Z] USDT available: 27.10903112
[2026-03-22T18:33:51.250Z] Calculated position size (USDT): 21.68722490
[2026-03-22T18:33:51.252Z] Last price: 0.55333
[2026-03-22T18:33:51.254Z] Calculated quantity: 39.19401604
[2026-03-22T18:33:51.261Z] No trade executed for frxAUDCHF due to signal: HOLD
[2026-03-22T18:33:51.267Z] Mapping candle data...
[2026-03-22T18:33:51.269Z] Long-term ATR (4H): 0.0012149999999999865
[2026-03-22T18:33:51.271Z] Calling analyze function...
[2026-03-22T18:33:51.276Z] Analyze function returned: Signal=HOLD, RSI=67.65, EMA=1.2044157361033847, ATR=0.00015085975559953358, Price=1.20469
[2026-03-22T18:33:51.281Z] Trend Direction: 15m=DOWN, 4h=UP
[2026-03-22T18:33:51.283Z] Starting multi-timeframe confirmation...
[2026-03-22T18:33:51.285Z] Adjusted position size with sentiment: 21.68722490
[2026-03-22T18:33:51.286Z] Type of dailyLossCheck: function
[2026-03-22T18:33:51.287Z] USDT available: 27.10903112
[2026-03-22T18:33:51.289Z] Calculated position size (USDT): 21.68722490
[2026-03-22T18:33:51.291Z] Last price: 1.20469
[2026-03-22T18:33:51.298Z] Calculated quantity: 18.00232831
[2026-03-22T18:33:51.299Z] No trade executed for frxAUDNZD due to signal: HOLD
[2026-03-22T18:33:51.302Z] Mapping candle data...
[2026-03-22T18:33:51.304Z] Long-term ATR (4H): 0.1998947368421061
[2026-03-22T18:33:51.306Z] Calling analyze function...
[2026-03-22T18:33:51.314Z] Analyze function returned: Signal=HOLD, RSI=60.31, EMA=184.22501537635213, ATR=0.01742600916040626, Price=184.25
[2026-03-22T18:33:51.421Z] Trend Direction: 15m=UP, 4h=UP
[2026-03-22T18:33:51.514Z] Starting multi-timeframe confirmation...
[2026-03-22T18:33:51.562Z] Adjusted position size with sentiment: 21.68722490
[2026-03-22T18:33:51.568Z] Type of dailyLossCheck: function
[2026-03-22T18:33:51.569Z] USDT available: 27.10903112
[2026-03-22T18:33:51.576Z] Calculated position size (USDT): 21.68722490
[2026-03-22T18:33:51.577Z] Last price: 184.25
[2026-03-22T18:33:51.581Z] Calculated quantity: 0.11770543
[2026-03-22T18:33:51.596Z] No trade executed for frxEURJPY due to signal: HOLD
[2026-03-22T18:33:51.667Z] Mapping candle data...
[2026-03-22T18:33:51.681Z] Long-term ATR (4H): 0.0027544736842105245
[2026-03-22T18:33:51.683Z] Calling analyze function...
[2026-03-22T18:33:51.698Z] Analyze function returned: Signal=HOLD, RSI=68.03, EMA=1.8303284609351014, ATR=0.00026545827137731216, Price=1.83099
[2026-03-22T18:33:51.700Z] Trend Direction: 15m=DOWN, 4h=UP
[2026-03-22T18:33:51.712Z] Starting multi-timeframe confirmation...
[2026-03-22T18:33:51.714Z] Adjusted position size with sentiment: 21.68722490
[2026-03-22T18:33:51.717Z] Type of dailyLossCheck: function
[2026-03-22T18:33:51.719Z] USDT available: 27.10903112
[2026-03-22T18:33:51.721Z] Calculated position size (USDT): 21.68722490
[2026-03-22T18:33:51.729Z] Last price: 1.83099
[2026-03-22T18:33:51.738Z] Calculated quantity: 11.84453487
[2026-03-22T18:33:51.747Z] No trade executed for frxGBPCAD due to signal: HOLD
[2026-03-22T18:33:51.752Z] Mapping candle data...
[2026-03-22T18:33:51.761Z] Long-term ATR (4H): 0.0022593421052631408
[2026-03-22T18:33:51.766Z] Calling analyze function...
[2026-03-22T18:33:51.771Z] Analyze function returned: Signal=HOLD, RSI=69.68, EMA=1.5870165746402547, ATR=0.00024039447241472545, Price=1.58775
[2026-03-22T18:33:51.777Z] Trend Direction: 15m=DOWN, 4h=UP
[2026-03-22T18:33:51.781Z] Starting multi-timeframe confirmation...
[2026-03-22T18:33:51.784Z] Adjusted position size with sentiment: 21.68722490
[2026-03-22T18:33:51.793Z] Type of dailyLossCheck: function
[2026-03-22T18:33:51.797Z] USDT available: 27.10903112
[2026-03-22T18:33:51.799Z] Calculated position size (USDT): 21.68722490
[2026-03-22T18:33:51.800Z] Last price: 1.58775
[2026-03-22T18:33:51.803Z] Calculated quantity: 13.65909299
[2026-03-22T18:33:51.805Z] No trade executed for frxEURCAD due to signal: HOLD
[2026-03-22T18:33:51.812Z] Mapping candle data...
[2026-03-22T18:33:51.814Z] Long-term ATR (4H): 0.02706000000000006
[2026-03-22T18:33:51.816Z] Calling analyze function...
[2026-03-22T18:33:51.829Z] Analyze function returned: Signal=HOLD, RSI=29.92, EMA=9.348677588201673, ATR=0.001352764130313392, Price=9.34486
[2026-03-22T18:33:51.831Z] Trend Direction: 15m=UP, 4h=UP
[2026-03-22T18:33:51.833Z] Starting multi-timeframe confirmation...
[2026-03-22T18:33:51.835Z] Adjusted position size with sentiment: 21.68722490
[2026-03-22T18:33:51.837Z] Type of dailyLossCheck: function
[2026-03-22T18:33:51.844Z] USDT available: 27.10903112
[2026-03-22T18:33:51.846Z] Calculated position size (USDT): 21.68722490
[2026-03-22T18:33:51.848Z] Last price: 9.34486
[2026-03-22T18:33:51.850Z] Calculated quantity: 2.32076509
[2026-03-22T18:33:51.852Z] No trade executed for frxUSDSEK due to signal: HOLD
[2026-03-22T18:33:51.859Z] Mapping candle data...
[2026-03-22T18:33:51.866Z] Long-term ATR (4H): 0.21768421052631576
[2026-03-22T18:33:51.876Z] Calling analyze function...
[2026-03-22T18:33:51.886Z] Analyze function returned: Signal=HOLD, RSI=51.13, EMA=111.8300316748268, ATR=0.02178300751901507, Price=111.826
[2026-03-22T18:33:51.896Z] Trend Direction: 15m=DOWN, 4h=UP
[2026-03-22T18:33:51.902Z] Starting multi-timeframe confirmation...
[2026-03-22T18:33:51.910Z] Adjusted position size with sentiment: 21.68722490
[2026-03-22T18:33:51.918Z] Type of dailyLossCheck: function
[2026-03-22T18:33:51.928Z] USDT available: 27.10903112
[2026-03-22T18:33:51.931Z] Calculated position size (USDT): 21.68722490
[2026-03-22T18:33:51.933Z] Last price: 111.826
[2026-03-22T18:33:51.941Z] Calculated quantity: 0.19393723
[2026-03-22T18:33:51.948Z] No trade executed for frxAUDJPY due to signal: HOLD
[2026-03-22T18:33:51.952Z] Mapping candle data...
[2026-03-22T18:33:51.958Z] Long-term ATR (4H): 0.0024089473684210487
[2026-03-22T18:33:51.961Z] Calling analyze function...
[2026-03-22T18:33:51.967Z] Analyze function returned: Signal=HOLD, RSI=55.51, EMA=1.6473936135412843, ATR=0.0002971193285008095, Price=1.64773
[2026-03-22T18:33:51.970Z] Trend Direction: 15m=UP, 4h=UP
[2026-03-22T18:33:51.978Z] Starting multi-timeframe confirmation...
[2026-03-22T18:33:51.980Z] Adjusted position size with sentiment: 21.68722490
[2026-03-22T18:33:51.983Z] Type of dailyLossCheck: function
[2026-03-22T18:33:51.985Z] USDT available: 27.10903112
[2026-03-22T18:33:51.990Z] Calculated position size (USDT): 21.68722490
[2026-03-22T18:33:51.995Z] Last price: 1.64773
[2026-03-22T18:33:51.998Z] Calculated quantity: 13.16188022
[2026-03-22T18:33:52.001Z] No trade executed for frxEURAUD due to signal: HOLD
[2026-03-22T18:33:52.011Z] Mapping candle data...
[2026-03-22T18:33:52.014Z] Long-term ATR (4H): 0.0005438157894736956
[2026-03-22T18:33:52.016Z] Calling analyze function...
[2026-03-22T18:33:52.020Z] Analyze function returned: Signal=HOLD, RSI=65.35, EMA=0.8670794969664791, ATR=0.00007069512980029764, Price=0.86719
[2026-03-22T18:33:52.026Z] Trend Direction: 15m=UP, 4h=DOWN
[2026-03-22T18:33:52.030Z] Starting multi-timeframe confirmation...
[2026-03-22T18:33:52.032Z] Adjusted position size with sentiment: 21.68722490
[2026-03-22T18:33:52.035Z] Type of dailyLossCheck: function
[2026-03-22T18:33:52.036Z] USDT available: 27.10903112
[2026-03-22T18:33:52.042Z] Calculated position size (USDT): 21.68722490
[2026-03-22T18:33:52.045Z] Last price: 0.86719
[2026-03-22T18:33:52.047Z] Calculated quantity: 25.00861968
[2026-03-22T18:33:52.048Z] No trade executed for frxEURGBP due to signal: HOLD
[2026-03-22T18:33:52.051Z] Mapping candle data...
[2026-03-22T18:33:52.056Z] Long-term ATR (4H): 0.16836842105263186
[2026-03-22T18:33:52.061Z] Calling analyze function...
[2026-03-22T18:33:52.064Z] Analyze function returned: Signal=HOLD, RSI=40.73, EMA=92.84951141123031, ATR=0.01492950662299718, Price=92.827
[2026-03-22T18:33:52.066Z] Trend Direction: 15m=DOWN, 4h=DOWN
[2026-03-22T18:33:52.068Z] Starting multi-timeframe confirmation...
[2026-03-22T18:33:52.073Z] Adjusted position size with sentiment: 21.68722490
[2026-03-22T18:33:52.076Z] Type of dailyLossCheck: function
[2026-03-22T18:33:52.078Z] USDT available: 27.10903112
[2026-03-22T18:33:52.079Z] Calculated position size (USDT): 21.68722490
[2026-03-22T18:33:52.081Z] Last price: 92.827
[2026-03-22T18:33:52.083Z] Calculated quantity: 0.23363057
[2026-03-22T18:33:52.085Z] No trade executed for frxNZDJPY due to signal: HOLD
[2026-03-22T18:33:52.093Z] Mapping candle data...
[2026-03-22T18:33:52.095Z] Long-term ATR (4H): 0.0028085526315789464
[2026-03-22T18:33:52.097Z] Calling analyze function...
[2026-03-22T18:33:52.106Z] Analyze function returned: Signal=HOLD, RSI=50.33, EMA=1.8999092272732307, ATR=0.0003430260899591939, Price=1.90005
[2026-03-22T18:33:52.111Z] Trend Direction: 15m=UP, 4h=UP
[2026-03-22T18:33:52.114Z] Starting multi-timeframe confirmation...
[2026-03-22T18:33:52.117Z] Adjusted position size with sentiment: 21.68722490
[2026-03-22T18:33:52.124Z] Type of dailyLossCheck: function
[2026-03-22T18:33:52.131Z] USDT available: 27.10903112
[2026-03-22T18:33:52.142Z] Calculated position size (USDT): 21.68722490
[2026-03-22T18:33:52.145Z] Last price: 1.90005
[2026-03-22T18:33:52.147Z] Calculated quantity: 11.41402852
[2026-03-22T18:33:52.150Z] No trade executed for frxGBPAUD due to signal: HOLD
[2026-03-22T18:33:52.159Z] Mapping candle data...
[2026-03-22T18:33:52.162Z] Long-term ATR (4H): 0.0013417105263157881
[2026-03-22T18:33:52.163Z] Calling analyze function...
[2026-03-22T18:33:52.167Z] Analyze function returned: Signal=HOLD, RSI=51.47, EMA=1.3722478654873451, ATR=0.00012922538775760013, Price=1.37226
[2026-03-22T18:33:52.169Z] Trend Direction: 15m=DOWN, 4h=UP
[2026-03-22T18:33:52.174Z] Starting multi-timeframe confirmation...
[2026-03-22T18:33:52.177Z] Adjusted position size with sentiment: 21.68722490
[2026-03-22T18:33:52.180Z] Type of dailyLossCheck: function
[2026-03-22T18:33:52.184Z] USDT available: 27.10903112
[2026-03-22T18:33:52.191Z] Calculated position size (USDT): 21.68722490
[2026-03-22T18:33:52.195Z] Last price: 1.37226
[2026-03-22T18:33:52.199Z] Calculated quantity: 15.80402030
[2026-03-22T18:33:52.201Z] No trade executed for frxUSDCAD due to signal: HOLD
[2026-03-23T20:52:10.632Z] runBot function started.
[2026-03-23T20:52:12.040Z] Connected to Deriv WebSocket API
[2026-03-23T20:52:12.608Z] Deriv API Authorized: VRTC6531638
[2026-03-23T20:52:12.619Z] Connected to Deriv API successfully.
[2026-03-23T20:52:14.107Z] Fetched Bitget contract configurations.
[2026-03-23T20:52:14.608Z] Deriv API Contract Configurations written to deriv_active_symbols.json
[2026-03-23T20:52:14.628Z] Fetched Deriv contract configurations.
[2026-03-23T20:52:14.643Z] Deriv Contract Configurations: {
  "WLDAUD": {
    "minTradeNum": 0.01,
    "pricePlace": 5
  },
  "frxAUDCAD": {
    "minTradeNum": 0.01,
    "pricePlace": 5
  },
  "frxAUDCHF": {
    "minTradeNum": 0.01,
    "pricePlace": 5
  },
  "frxAUDJPY": {
    "minTradeNum": 0.01,
    "pricePlace": 5
  },
  "frxAUDNZD": {
    "minTradeNum": 0.01,
    "pricePlace": 5
  },
  "frxAUDUSD": {
    "minTradeNum": 0.01,
    "pricePlace": 5
  },
  "OTC_AS51": {
    "minTradeNum": 0.01,
    "pricePlace": 5
  },
  "cryBTCUSD": {
    "minTradeNum": 0.01,
    "pricePlace": 5
  },
  "RDBEAR": {
    "minTradeNum": 0.01,
    "pricePlace": 5
  },
  "BOOM50": {
    "minTradeNum": 0.01,
    "pricePlace": 5
  },
  "BOOM150N": {
    "minTradeNum": 0.01,
    "pricePlace": 5
  },
  "BOOM300N": {
    "minTradeNum": 0.01,
    "pricePlace": 5
  },
  "BOOM500": {
    "minTradeNum": 0.01,
    "pricePlace": 5
  },
  "BOOM600": {
    "minTradeNum": 0.01,
    "pricePlace": 5
  },
  "BOOM900": {
    "minTradeNum": 0.01,
    "pricePlace": 5
  },
  "BOOM1000": {
    "minTradeNum": 0.01,
    "pricePlace": 5
  },
  "RDBULL": {
    "minTradeNum": 0.01,
    "pricePlace": 5
  },
  "CRASH50": {
    "minTradeNum": 0.01,
    "pricePlace": 5
  },
  "CRASH150N": {
    "minTradeNum": 0.01,
    "pricePlace": 5
  },
  "CRASH300N": {
    "minTradeNum": 0.01,
    "pricePlace": 5
  },
  "CRASH500": {
    "minTradeNum": 0.01,
    "pricePlace": 5
  },
  "CRASH600": {
    "minTradeNum": 0.01,
    "pricePlace": 5
  },
  "CRASH900": {
    "minTradeNum": 0.01,
    "pricePlace": 5
  },
  "CRASH1000": {
    "minTradeNum": 0.01,
    "pricePlace": 5
  },
  "cryETHUSD": {
    "minTradeNum": 0.01,
    "pricePlace": 5
  },
  "WLDEUR": {
    "minTradeNum": 0.01,
    "pricePlace": 5
  },
  "frxEURAUD": {
    "minTradeNum": 0.01,
    "pricePlace": 5
  },
  "frxEURCAD": {
    "minTradeNum": 0.01,
    "pricePlace": 5
  },
  "frxEURCHF": {
    "minTradeNum": 0.01,
    "pricePlace": 5
  },
  "frxEURGBP": {
    "minTradeNum": 0.01,
    "pricePlace": 5
  },
  "frxEURJPY": {
    "minTradeNum": 0.01,
    "pricePlace": 5
  },
  "frxEURNZD": {
    "minTradeNum": 0.01,
    "pricePlace": 5
  },
  "frxEURUSD": {
    "minTradeNum": 0.01,
    "pricePlace": 5
  },
  "OTC_SX5E": {
    "minTradeNum": 0.01,
    "pricePlace": 5
  },
  "OTC_FCHI": {
    "minTradeNum": 0.01,
    "pricePlace": 5
  },
  "WLDGBP": {
    "minTradeNum": 0.01,
    "pricePlace": 5
  },
  "frxGBPAUD": {
    "minTradeNum": 0.01,
    "pricePlace": 5
  },
  "frxGBPCAD": {
    "minTradeNum": 0.01,
    "pricePlace": 5
  },
  "frxGBPCHF": {
    "minTradeNum": 0.01,
    "pricePlace": 5
  },
  "frxGBPJPY": {
    "minTradeNum": 0.01,
    "pricePlace": 5
  },
  "frxGBPNOK": {
    "minTradeNum": 0.01,
    "pricePlace": 5
  },
  "frxGBPNZD": {
    "minTradeNum": 0.01,
    "pricePlace": 5
  },
  "frxGBPUSD": {
    "minTradeNum": 0.01,
    "pricePlace": 5
  },
  "OTC_GDAXI": {
    "minTradeNum": 0.01,
    "pricePlace": 5
  },
  "WLDXAU": {
    "minTradeNum": 0.01,
    "pricePlace": 5
  },
  "frxXAUUSD": {
    "minTradeNum": 0.01,
    "pricePlace": 5
  },
  "OTC_HSI": {
    "minTradeNum": 0.01,
    "pricePlace": 5
  },
  "OTC_N225": {
    "minTradeNum": 0.01,
    "pricePlace": 5
  },
  "JD10": {
    "minTradeNum": 0.01,
    "pricePlace": 5
  },
  "JD25": {
    "minTradeNum": 0.01,
    "pricePlace": 5
  },
  "JD50": {
    "minTradeNum": 0.01,
    "pricePlace": 5
  },
  "JD75": {
    "minTradeNum": 0.01,
    "pricePlace": 5
  },
  "JD100": {
    "minTradeNum": 0.01,
    "pricePlace": 5
  },
  "frxNZDJPY": {
    "minTradeNum": 0.01,
    "pricePlace": 5
  },
  "frxNZDUSD": {
    "minTradeNum": 0.01,
    "pricePlace": 5
  },
  "OTC_AEX": {
    "minTradeNum": 0.01,
    "pricePlace": 5
  },
  "frxXPDUSD": {
    "minTradeNum": 0.01,
    "pricePlace": 5
  },
  "frxXPTUSD": {
    "minTradeNum": 0.01,
    "pricePlace": 5
  },
  "RB100": {
    "minTradeNum": 0.01,
    "pricePlace": 5
  },
  "RB200": {
    "minTradeNum": 0.01,
    "pricePlace": 5
  },
  "frxXAGUSD": {
    "minTradeNum": 0.01,
    "pricePlace": 5
  },
  "stpRNG": {
    "minTradeNum": 0.01,
    "pricePlace": 5
  },
  "stpRNG2": {
    "minTradeNum": 0.01,
    "pricePlace": 5
  },
  "stpRNG3": {
    "minTradeNum": 0.01,
    "pricePlace": 5
  },
  "stpRNG4": {
    "minTradeNum": 0.01,
    "pricePlace": 5
  },
  "stpRNG5": {
    "minTradeNum": 0.01,
    "pricePlace": 5
  },
  "OTC_SSMI": {
    "minTradeNum": 0.01,
    "pricePlace": 5
  },
  "OTC_FTSE": {
    "minTradeNum": 0.01,
    "pricePlace": 5
  },
  "OTC_SPC": {
    "minTradeNum": 0.01,
    "pricePlace": 5
  },
  "OTC_NDX": {
    "minTradeNum": 0.01,
    "pricePlace": 5
  },
  "WLDUSD": {
    "minTradeNum": 0.01,
    "pricePlace": 5
  },
  "frxUSDCAD": {
    "minTradeNum": 0.01,
    "pricePlace": 5
  },
  "frxUSDCHF": {
    "minTradeNum": 0.01,
    "pricePlace": 5
  },
  "frxUSDJPY": {
    "minTradeNum": 0.01,
    "pricePlace": 5
  },
  "frxUSDMXN": {
    "minTradeNum": 0.01,
    "pricePlace": 5
  },
  "frxUSDNOK": {
    "minTradeNum": 0.01,
    "pricePlace": 5
  },
  "frxUSDPLN": {
    "minTradeNum": 0.01,
    "pricePlace": 5
  },
  "frxUSDSEK": {
    "minTradeNum": 0.01,
    "pricePlace": 5
  },
  "1HZ10V": {
    "minTradeNum": 0.01,
    "pricePlace": 5
  },
  "R_10": {
    "minTradeNum": 0.01,
    "pricePlace": 5
  },
  "1HZ15V": {
    "minTradeNum": 0.01,
    "pricePlace": 5
  },
  "1HZ25V": {
    "minTradeNum": 0.01,
    "pricePlace": 5
  },
  "R_25": {
    "minTradeNum": 0.01,
    "pricePlace": 5
  },
  "1HZ30V": {
    "minTradeNum": 0.01,
    "pricePlace": 5
  },
  "1HZ50V": {
    "minTradeNum": 0.01,
    "pricePlace": 5
  },
  "R_50": {
    "minTradeNum": 0.01,
    "pricePlace": 5
  },
  "1HZ75V": {
    "minTradeNum": 0.01,
    "pricePlace": 5
  },
  "R_75": {
    "minTradeNum": 0.01,
    "pricePlace": 5
  },
  "1HZ90V": {
    "minTradeNum": 0.01,
    "pricePlace": 5
  },
  "1HZ100V": {
    "minTradeNum": 0.01,
    "pricePlace": 5
  },
  "R_100": {
    "minTradeNum": 0.01,
    "pricePlace": 5
  },
  "OTC_DJI": {
    "minTradeNum": 0.01,
    "pricePlace": 5
  }
}
[2026-03-23T20:52:15.016Z] Skipping news sentiment fetch. Next fetch in approximately 3 minutes.
[2026-03-23T20:52:15.162Z] Entering symbol loop.
[2026-03-23T20:52:15.635Z] Fetched Bitget balances successfully.
[2026-03-23T20:52:15.943Z] Fetched Deriv balances successfully.
[2026-03-23T20:52:15.967Z] Initial balance set to: 27.69 USDT
[2026-03-23T20:52:16.043Z] Current Balance: 27.69 USDT, Initial Balance: 27.69 USDT, Peak Balance: 27.69 USDT
[2026-03-23T20:52:16.075Z] Daily Loss Percent: 0.00%, Total Drawdown Percent: 0.00%
[2026-03-23T20:52:16.107Z] Processing symbol: BTCUSDT
[2026-03-23T20:52:16.156Z] Fetching 1m candles for BTCUSDT
[2026-03-23T20:52:16.191Z] Processing symbol: ETHUSDT
[2026-03-23T20:52:16.261Z] Fetching 1m candles for ETHUSDT
[2026-03-23T20:52:16.291Z] Processing symbol: XRPUSDT
[2026-03-23T20:52:16.326Z] Fetching 1m candles for XRPUSDT
[2026-03-23T20:52:16.343Z] Processing symbol: ADAUSDT
[2026-03-23T20:52:16.386Z] Fetching 1m candles for ADAUSDT
[2026-03-23T20:52:16.441Z] Processing symbol: SOLUSDT
[2026-03-23T20:52:16.454Z] Fetching 1m candles for SOLUSDT
[2026-03-23T20:52:16.495Z] Processing symbol: DOGEUSDT
[2026-03-23T20:52:16.511Z] Fetching 1m candles for DOGEUSDT
[2026-03-23T20:52:16.521Z] Processing symbol: DOTUSDT
[2026-03-23T20:52:16.550Z] Fetching 1m candles for DOTUSDT
[2026-03-23T20:52:16.556Z] Processing symbol: LTCUSDT
[2026-03-23T20:52:16.579Z] Fetching 1m candles for LTCUSDT
[2026-03-23T20:52:16.606Z] Processing symbol: BCHUSDT
[2026-03-23T20:52:16.651Z] Fetching 1m candles for BCHUSDT
[2026-03-23T20:52:16.659Z] Processing symbol: LINKUSDT
[2026-03-23T20:52:16.674Z] Fetching 1m candles for LINKUSDT
[2026-03-23T20:52:16.751Z] Processing symbol: TRXUSDT
[2026-03-23T20:52:16.762Z] Fetching 1m candles for TRXUSDT
[2026-03-23T20:52:16.785Z] Processing symbol: UNIUSDT
[2026-03-23T20:52:16.790Z] Fetching 1m candles for UNIUSDT
[2026-03-23T20:52:16.801Z] Processing symbol: AVAXUSDT
[2026-03-23T20:52:16.821Z] Fetching 1m candles for AVAXUSDT
[2026-03-23T20:52:16.864Z] Processing symbol: ETCUSDT
[2026-03-23T20:52:16.870Z] Fetching 1m candles for ETCUSDT
[2026-03-23T20:52:16.885Z] Processing symbol: XLMUSDT
[2026-03-23T20:52:16.900Z] Fetching 1m candles for XLMUSDT
[2026-03-23T20:52:16.905Z] Processing symbol: FILUSDT
[2026-03-23T20:52:16.908Z] Fetching 1m candles for FILUSDT
[2026-03-23T20:52:16.918Z] Processing symbol: ICPUSDT
[2026-03-23T20:52:16.923Z] Fetching 1m candles for ICPUSDT
[2026-03-23T20:52:16.931Z] Processing symbol: VETUSDT
[2026-03-23T20:52:16.967Z] Fetching 1m candles for VETUSDT
[2026-03-23T20:52:16.995Z] Processing symbol: BNBUSDT
[2026-03-23T20:52:17.004Z] Fetching 1m candles for BNBUSDT
[2026-03-23T20:52:17.020Z] Processing symbol: OPUSDT
[2026-03-23T20:52:17.032Z] Fetching 1m candles for OPUSDT
[2026-03-23T20:52:17.037Z] Processing symbol: frxXAUUSD
[2026-03-23T20:52:17.052Z] Fetching 1m candles for frxXAUUSD
[2026-03-23T20:52:17.071Z] DEBUG: getCandles called for symbol: frxXAUUSD, timeframe: 1m
[2026-03-23T20:52:17.083Z] Processing symbol: frxXAGUSD
[2026-03-23T20:52:17.086Z] Fetching 1m candles for frxXAGUSD
[2026-03-23T20:52:17.114Z] DEBUG: getCandles called for symbol: frxXAGUSD, timeframe: 1m
[2026-03-23T20:52:17.130Z] Processing symbol: frxXPTUSD
[2026-03-23T20:52:17.134Z] Fetching 1m candles for frxXPTUSD
[2026-03-23T20:52:17.139Z] DEBUG: getCandles called for symbol: frxXPTUSD, timeframe: 1m
[2026-03-23T20:52:17.165Z] Processing symbol: frxXPDUSD
[2026-03-23T20:52:17.172Z] Fetching 1m candles for frxXPDUSD
[2026-03-23T20:52:17.183Z] DEBUG: getCandles called for symbol: frxXPDUSD, timeframe: 1m
[2026-03-23T20:52:17.216Z] Processing symbol: frxAUDUSD
[2026-03-23T20:52:17.252Z] Fetching 1m candles for frxAUDUSD
[2026-03-23T20:52:17.259Z] DEBUG: getCandles called for symbol: frxAUDUSD, timeframe: 1m
[2026-03-23T20:52:17.265Z] Processing symbol: frxEURUSD
[2026-03-23T20:52:17.268Z] Fetching 1m candles for frxEURUSD
[2026-03-23T20:52:17.322Z] DEBUG: getCandles called for symbol: frxEURUSD, timeframe: 1m
[2026-03-23T20:52:17.354Z] Processing symbol: frxGBPUSD
[2026-03-23T20:52:17.393Z] Fetching 1m candles for frxGBPUSD
[2026-03-23T20:52:17.434Z] DEBUG: getCandles called for symbol: frxGBPUSD, timeframe: 1m
[2026-03-23T20:52:17.447Z] Processing symbol: frxUSDJPY
[2026-03-23T20:52:17.458Z] Fetching 1m candles for frxUSDJPY
[2026-03-23T20:52:17.472Z] DEBUG: getCandles called for symbol: frxUSDJPY, timeframe: 1m
[2026-03-23T20:52:17.497Z] Processing symbol: frxUSDCAD
[2026-03-23T20:52:17.500Z] Fetching 1m candles for frxUSDCAD
[2026-03-23T20:52:17.524Z] DEBUG: getCandles called for symbol: frxUSDCAD, timeframe: 1m
[2026-03-23T20:52:17.534Z] Processing symbol: frxUSDCHF
[2026-03-23T20:52:17.548Z] Fetching 1m candles for frxUSDCHF
[2026-03-23T20:52:17.560Z] DEBUG: getCandles called for symbol: frxUSDCHF, timeframe: 1m
[2026-03-23T20:52:17.578Z] Processing symbol: frxAUDCAD
[2026-03-23T20:52:17.593Z] Fetching 1m candles for frxAUDCAD
[2026-03-23T20:52:17.613Z] DEBUG: getCandles called for symbol: frxAUDCAD, timeframe: 1m
[2026-03-23T20:52:17.628Z] Processing symbol: frxAUDCHF
[2026-03-23T20:52:17.644Z] Fetching 1m candles for frxAUDCHF
[2026-03-23T20:52:17.663Z] DEBUG: getCandles called for symbol: frxAUDCHF, timeframe: 1m
[2026-03-23T20:52:17.679Z] Processing symbol: frxAUDJPY
[2026-03-23T20:52:17.683Z] Fetching 1m candles for frxAUDJPY
[2026-03-23T20:52:17.712Z] DEBUG: getCandles called for symbol: frxAUDJPY, timeframe: 1m
[2026-03-23T20:52:17.717Z] Processing symbol: frxAUDNZD
[2026-03-23T20:52:17.733Z] Fetching 1m candles for frxAUDNZD
[2026-03-23T20:52:17.761Z] DEBUG: getCandles called for symbol: frxAUDNZD, timeframe: 1m
[2026-03-23T20:52:17.767Z] Processing symbol: frxEURAUD
[2026-03-23T20:52:17.802Z] Fetching 1m candles for frxEURAUD
[2026-03-23T20:52:17.813Z] DEBUG: getCandles called for symbol: frxEURAUD, timeframe: 1m
[2026-03-23T20:52:17.817Z] Processing symbol: frxEURCAD
[2026-03-23T20:52:17.820Z] Fetching 1m candles for frxEURCAD
[2026-03-23T20:52:17.831Z] DEBUG: getCandles called for symbol: frxEURCAD, timeframe: 1m
[2026-03-23T20:52:17.836Z] Processing symbol: frxEURCHF
[2026-03-23T20:52:17.866Z] Fetching 1m candles for frxEURCHF
[2026-03-23T20:52:17.877Z] DEBUG: getCandles called for symbol: frxEURCHF, timeframe: 1m
[2026-03-23T20:52:17.882Z] Processing symbol: frxEURGBP
[2026-03-23T20:52:17.902Z] Fetching 1m candles for frxEURGBP
[2026-03-23T20:52:17.930Z] DEBUG: getCandles called for symbol: frxEURGBP, timeframe: 1m
[2026-03-23T20:52:17.965Z] Processing symbol: frxEURJPY
[2026-03-23T20:52:17.980Z] Fetching 1m candles for frxEURJPY
[2026-03-23T20:52:17.993Z] DEBUG: getCandles called for symbol: frxEURJPY, timeframe: 1m
[2026-03-23T20:52:18.009Z] Processing symbol: frxEURNZD
[2026-03-23T20:52:18.016Z] Fetching 1m candles for frxEURNZD
[2026-03-23T20:52:18.022Z] DEBUG: getCandles called for symbol: frxEURNZD, timeframe: 1m
[2026-03-23T20:52:18.027Z] Processing symbol: frxGBPAUD
[2026-03-23T20:52:18.033Z] Fetching 1m candles for frxGBPAUD
[2026-03-23T20:52:18.044Z] DEBUG: getCandles called for symbol: frxGBPAUD, timeframe: 1m
[2026-03-23T20:52:18.051Z] Processing symbol: frxGBPCAD
[2026-03-23T20:52:18.063Z] Fetching 1m candles for frxGBPCAD
[2026-03-23T20:52:18.075Z] DEBUG: getCandles called for symbol: frxGBPCAD, timeframe: 1m
[2026-03-23T20:52:18.080Z] Processing symbol: frxGBPCHF
[2026-03-23T20:52:18.090Z] Fetching 1m candles for frxGBPCHF
[2026-03-23T20:52:18.095Z] DEBUG: getCandles called for symbol: frxGBPCHF, timeframe: 1m
[2026-03-23T20:52:18.098Z] Processing symbol: frxGBPJPY
[2026-03-23T20:52:18.101Z] Fetching 1m candles for frxGBPJPY
[2026-03-23T20:52:18.114Z] DEBUG: getCandles called for symbol: frxGBPJPY, timeframe: 1m
[2026-03-23T20:52:18.129Z] Processing symbol: frxGBPNOK
[2026-03-23T20:52:18.138Z] Fetching 1m candles for frxGBPNOK
[2026-03-23T20:52:18.150Z] DEBUG: getCandles called for symbol: frxGBPNOK, timeframe: 1m
[2026-03-23T20:52:18.158Z] Processing symbol: frxGBPNZD
[2026-03-23T20:52:18.163Z] Fetching 1m candles for frxGBPNZD
[2026-03-23T20:52:18.167Z] DEBUG: getCandles called for symbol: frxGBPNZD, timeframe: 1m
[2026-03-23T20:52:18.190Z] Processing symbol: frxNZDJPY
[2026-03-23T20:52:18.197Z] Fetching 1m candles for frxNZDJPY
[2026-03-23T20:52:18.228Z] DEBUG: getCandles called for symbol: frxNZDJPY, timeframe: 1m
[2026-03-23T20:52:18.342Z] Processing symbol: frxNZDUSD
[2026-03-23T20:52:18.437Z] Fetching 1m candles for frxNZDUSD
[2026-03-23T20:52:18.498Z] DEBUG: getCandles called for symbol: frxNZDUSD, timeframe: 1m
[2026-03-23T20:52:18.509Z] Processing symbol: frxUSDMXN
[2026-03-23T20:52:18.514Z] Fetching 1m candles for frxUSDMXN
[2026-03-23T20:52:18.530Z] DEBUG: getCandles called for symbol: frxUSDMXN, timeframe: 1m
[2026-03-23T20:52:18.539Z] Processing symbol: frxUSDNOK
[2026-03-23T20:52:18.564Z] Fetching 1m candles for frxUSDNOK
[2026-03-23T20:52:18.579Z] DEBUG: getCandles called for symbol: frxUSDNOK, timeframe: 1m
[2026-03-23T20:52:18.605Z] Processing symbol: frxUSDPLN
[2026-03-23T20:52:18.625Z] Fetching 1m candles for frxUSDPLN
[2026-03-23T20:52:18.638Z] DEBUG: getCandles called for symbol: frxUSDPLN, timeframe: 1m
[2026-03-23T20:52:18.658Z] Processing symbol: frxUSDSEK
[2026-03-23T20:52:18.670Z] Fetching 1m candles for frxUSDSEK
[2026-03-23T20:52:18.676Z] DEBUG: getCandles called for symbol: frxUSDSEK, timeframe: 1m
[2026-03-23T20:52:19.277Z] Fetched 1m candles for BTCUSDT. Sample: [["1774293180000","70927","70938.9","70880","70883","21.351","1513872.87579"],["1774293240000","70883","70904.6","70882.9","70895.6","3.2059","227273.76869"]]
[2026-03-23T20:52:19.286Z] Fetching 15m candles for BTCUSDT
[2026-03-23T20:52:19.353Z] Fetched 1m candles for frxXAGUSD. Sample: [[1774293180000,69.4755,69.478,69.2003,69.2011],[1774293240000,69.1976,69.218,69.0468,69.1001]]
[2026-03-23T20:52:19.356Z] Fetching 15m candles for frxXAGUSD
[2026-03-23T20:52:19.361Z] DEBUG: getCandles called for symbol: frxXAGUSD, timeframe: 15m
[2026-03-23T20:52:19.374Z] Fetched 1m candles for frxEURUSD. Sample: [[1774293180000,1.16283,1.16286,1.16262,1.16263],[1774293240000,1.16263,1.16263,1.16247,1.16253]]
[2026-03-23T20:52:19.391Z] Fetching 15m candles for frxEURUSD
[2026-03-23T20:52:19.404Z] DEBUG: getCandles called for symbol: frxEURUSD, timeframe: 15m
[2026-03-23T20:52:19.417Z] Fetched 1m candles for frxXAUUSD. Sample: [[1774293180000,4425.42,4425.95,4408.24,4410.39],[1774293240000,4410.37,4414.64,4403.6,4406.65]]
[2026-03-23T20:52:19.434Z] Fetching 15m candles for frxXAUUSD
[2026-03-23T20:52:19.446Z] DEBUG: getCandles called for symbol: frxXAUUSD, timeframe: 15m
[2026-03-23T20:52:19.461Z] Fetched 1m candles for frxXPDUSD. Sample: [[1774293180000,1434.54,1434.57,1432.4,1432.72],[1774293240000,1432.72,1433.17,1431.11,1432.26]]
[2026-03-23T20:52:19.470Z] Fetching 15m candles for frxXPDUSD
[2026-03-23T20:52:19.474Z] DEBUG: getCandles called for symbol: frxXPDUSD, timeframe: 15m
[2026-03-23T20:52:19.482Z] Fetched 1m candles for frxAUDUSD. Sample: [[1774293180000,0.70215,0.70217,0.70193,0.70194],[1774293240000,0.70193,0.70194,0.70178,0.70187]]
[2026-03-23T20:52:19.510Z] Fetching 15m candles for frxAUDUSD
[2026-03-23T20:52:19.515Z] DEBUG: getCandles called for symbol: frxAUDUSD, timeframe: 15m
[2026-03-23T20:52:19.526Z] Fetched 1m candles for frxGBPUSD. Sample: [[1774293180000,1.34488,1.34491,1.34468,1.34468],[1774293240000,1.34468,1.34469,1.34448,1.34461]]
[2026-03-23T20:52:19.531Z] Fetching 15m candles for frxGBPUSD
[2026-03-23T20:52:19.534Z] DEBUG: getCandles called for symbol: frxGBPUSD, timeframe: 15m
[2026-03-23T20:52:19.538Z] Fetched 1m candles for frxXPTUSD. Sample: [[1774293180000,1880.48,1881.13,1877.45,1877.45],[1774293240000,1877.74,1878.36,1875.51,1876.17]]
[2026-03-23T20:52:19.541Z] Fetching 15m candles for frxXPTUSD
[2026-03-23T20:52:19.543Z] DEBUG: getCandles called for symbol: frxXPTUSD, timeframe: 15m
[2026-03-23T20:52:19.555Z] Fetched 1m candles for frxUSDJPY. Sample: [[1774293180000,158.175,158.188,158.174,158.179],[1774293240000,158.178,158.19,158.177,158.187]]
[2026-03-23T20:52:19.558Z] Fetching 15m candles for frxUSDJPY
[2026-03-23T20:52:19.559Z] DEBUG: getCandles called for symbol: frxUSDJPY, timeframe: 15m
[2026-03-23T20:52:19.564Z] Fetched 1m candles for ETHUSDT. Sample: [["1774293180000","2163.46","2163.99","2161.69","2162.2","231.81","501268.3229"],["1774293240000","2162.2","2163.6","2162.2","2163.15","88.63","191680.2823"]]
[2026-03-23T20:52:19.568Z] Fetching 15m candles for ETHUSDT
[2026-03-23T20:52:19.609Z] Fetched 1m candles for frxUSDCAD. Sample: [[1774293180000,1.37184,1.37215,1.37184,1.37214],[1774293240000,1.37214,1.37228,1.37214,1.37219]]
[2026-03-23T20:52:19.620Z] Fetching 15m candles for frxUSDCAD
[2026-03-23T20:52:19.626Z] DEBUG: getCandles called for symbol: frxUSDCAD, timeframe: 15m
[2026-03-23T20:52:19.653Z] Fetched 1m candles for DOGEUSDT. Sample: [["1774293180000","0.09526","0.09529","0.09524","0.09526","36221","3450.71112"],["1774293240000","0.09526","0.09529","0.09523","0.09527","51466","4902.95193"]]
[2026-03-23T20:52:19.674Z] Fetching 15m candles for DOGEUSDT
[2026-03-23T20:52:19.764Z] Fetched 1m candles for TRXUSDT. Sample: [["1774293180000","0.30414","0.3046","0.30414","0.30452","24383","7426.17379"],["1774293240000","0.30452","0.30454","0.30448","0.30449","4547","1384.69063"]]
[2026-03-23T20:52:19.800Z] Fetching 15m candles for TRXUSDT
[2026-03-23T20:52:19.819Z] Fetched 1m candles for LINKUSDT. Sample: [["1774293180000","9.171","9.178","9.171","9.172","130","1192.887"],["1774293240000","9.172","9.173","9.17","9.171","124","1137.113"]]
[2026-03-23T20:52:19.836Z] Fetching 15m candles for LINKUSDT
[2026-03-23T20:52:19.882Z] Fetched 1m candles for AVAXUSDT. Sample: [["1774293180000","9.519","9.519","9.513","9.513","5.7","54.2441"],["1774293240000","9.513","9.515","9.511","9.512","306.6","2916.5459"]]
[2026-03-23T20:52:19.914Z] Fetching 15m candles for AVAXUSDT
[2026-03-23T20:52:19.921Z] Fetched 1m candles for VETUSDT. Sample: [["1774293180000","0.007076","0.007076","0.007074","0.007074","1688","11.940912"],["1774293240000","0.007074","0.007074","0.007072","0.007072","25500","180.344692"]]
[2026-03-23T20:52:19.964Z] Fetching 15m candles for VETUSDT
[2026-03-23T20:52:20.002Z] Fetched 1m candles for LTCUSDT. Sample: [["1774293180000","55.61","55.61","55.61","55.61","0.5","27.805"],["1774293240000","55.61","55.61","55.61","55.61","0","0"]]
[2026-03-23T20:52:20.018Z] Fetching 15m candles for LTCUSDT
[2026-03-23T20:52:20.024Z] Fetched 1m candles for OPUSDT. Sample: [["1774293180000","0.1147","0.1147","0.1146","0.1146","10023.4","1148.68164"],["1774293240000","0.1146","0.1146","0.1145","0.1145","88848.9","10180.00947"]]
[2026-03-23T20:52:20.036Z] Fetching 15m candles for OPUSDT
[2026-03-23T20:52:20.115Z] Fetched 1m candles for frxUSDCHF. Sample: [[1774293180000,0.78517,0.7853,0.78515,0.7853],[1774293240000,0.7853,0.78541,0.7853,0.78537]]
[2026-03-23T20:52:20.132Z] Fetching 15m candles for frxUSDCHF
[2026-03-23T20:52:20.138Z] DEBUG: getCandles called for symbol: frxUSDCHF, timeframe: 15m
[2026-03-23T20:52:20.146Z] Fetched 1m candles for XLMUSDT. Sample: [["1774293180000","0.16456","0.16459","0.16456","0.16459","836","137.59724"],["1774293240000","0.16459","0.16463","0.16454","0.1646","18899","3110.53578"]]
[2026-03-23T20:52:20.163Z] Fetching 15m candles for XLMUSDT
[2026-03-23T20:52:20.183Z] Fetched 1m candles for XRPUSDT. Sample: [["1774293180000","1.438","1.4386","1.4375","1.4375","8882","12772.961"],["1774293240000","1.4375","1.4375","1.4368","1.4372","115805","166440.7642"]]
[2026-03-23T20:52:20.189Z] Fetching 15m candles for XRPUSDT
[2026-03-23T20:52:20.202Z] Fetched 1m candles for ETCUSDT. Sample: [["1774293180000","8.493","8.493","8.493","8.493","0","0"],["1774293240000","8.493","8.493","8.493","8.493","0","0"]]
[2026-03-23T20:52:20.207Z] Fetching 15m candles for ETCUSDT
[2026-03-23T20:52:20.250Z] Fetched 1m candles for BCHUSDT. Sample: [["1774293180000","477.91","477.91","477.5","477.5","0.46","219.7165"],["1774293240000","477.5","477.5","477.47","477.47","0.09","42.9723"]]
[2026-03-23T20:52:20.273Z] Fetching 15m candles for BCHUSDT
[2026-03-23T20:52:20.289Z] Fetched 1m candles for DOTUSDT. Sample: [["1774293180000","1.434","1.435","1.433","1.433","797","1142.133"],["1774293240000","1.433","1.433","1.433","1.433","0","0"]]
[2026-03-23T20:52:20.320Z] Fetching 15m candles for DOTUSDT
[2026-03-23T20:52:20.377Z] Fetched 1m candles for SOLUSDT. Sample: [["1774293180000","91.512","91.525","91.427","91.439","308.8","28252.6943"],["1774293240000","91.439","91.478","91.408","91.408","450.1","41156.3812"]]
[2026-03-23T20:52:20.382Z] Fetching 15m candles for SOLUSDT
[2026-03-23T20:52:20.388Z] Fetched 1m candles for BNBUSDT. Sample: [["1774293180000","638.82","638.97","638.8","638.8","0.06","38.3314"],["1774293240000","638.8","638.8","638.61","638.61","0.05","31.9305"]]
[2026-03-23T20:52:20.397Z] Fetching 15m candles for BNBUSDT
[2026-03-23T20:52:20.406Z] Fetched 1m candles for ICPUSDT. Sample: [["1774293180000","2.405","2.406","2.405","2.406","27.6","66.4056"],["1774293240000","2.406","2.406","2.406","2.406","0","0"]]
[2026-03-23T20:52:20.416Z] Fetching 15m candles for ICPUSDT
[2026-03-23T20:52:20.434Z] Fetched 1m candles for UNIUSDT. Sample: [["1774293180000","3.582","3.582","3.581","3.581","264","945.523"],["1774293240000","3.581","3.581","3.581","3.581","0","0"]]
[2026-03-23T20:52:20.439Z] Fetching 15m candles for UNIUSDT
[2026-03-23T20:52:20.460Z] Fetched 1m candles for frxAUDCAD. Sample: [[1774293180000,0.9632,0.96323,0.96311,0.96312],[1774293240000,0.96312,0.96316,0.963,0.96305]]
[2026-03-23T20:52:20.480Z] Fetching 15m candles for frxAUDCAD
[2026-03-23T20:52:20.487Z] DEBUG: getCandles called for symbol: frxAUDCAD, timeframe: 15m
[2026-03-23T20:52:20.514Z] Fetched 1m candles for ADAUSDT. Sample: [["1774293180000","0.2623","0.2623","0.2622","0.2622","29617","7768.5284"],["1774293240000","0.2622","0.2622","0.2621","0.2621","10580","2773.018"]]
[2026-03-23T20:52:20.545Z] Fetching 15m candles for ADAUSDT
[2026-03-23T20:52:20.564Z] Fetching 4H candles for BTCUSDT
[2026-03-23T20:52:20.569Z] Fetching 4H candles for ETHUSDT
[2026-03-23T20:52:20.583Z] Fetched 1m candles for frxAUDCHF. Sample: [[1774293180000,0.55131,0.55131,0.55122,0.55122],[1774293240000,0.55122,0.55126,0.55118,0.55122]]
[2026-03-23T20:52:20.596Z] Fetching 15m candles for frxAUDCHF
[2026-03-23T20:52:20.600Z] DEBUG: getCandles called for symbol: frxAUDCHF, timeframe: 15m
[2026-03-23T20:52:20.635Z] Fetching 4H candles for TRXUSDT
[2026-03-23T20:52:20.644Z] Fetching 4H candles for LINKUSDT
[2026-03-23T20:52:20.650Z] Fetching 4H candles for DOGEUSDT
[2026-03-23T20:52:20.670Z] Fetched 1m candles for frxAUDJPY. Sample: [[1774293180000,111.061,111.064,111.028,111.029],[1774293240000,111.029,111.034,111.013,111.024]]
[2026-03-23T20:52:20.679Z] Fetching 15m candles for frxAUDJPY
[2026-03-23T20:52:20.682Z] DEBUG: getCandles called for symbol: frxAUDJPY, timeframe: 15m
[2026-03-23T20:52:20.714Z] Fetching 4H candles for LTCUSDT
[2026-03-23T20:52:20.730Z] Fetching 4H candles for AVAXUSDT
[2026-03-23T20:52:20.737Z] Fetching 4H candles for VETUSDT
[2026-03-23T20:52:20.753Z] Fetched 1m candles for frxAUDNZD. Sample: [[1774293180000,1.19502,1.19504,1.19483,1.19489],[1774293240000,1.19489,1.19496,1.19478,1.1948]]
[2026-03-23T20:52:20.784Z] Fetching 15m candles for frxAUDNZD
[2026-03-23T20:52:20.828Z] DEBUG: getCandles called for symbol: frxAUDNZD, timeframe: 15m
[2026-03-23T20:52:20.882Z] Fetched 1m candles for frxEURAUD. Sample: [[1774293180000,1.6561,1.65636,1.6561,1.65631],[1774293240000,1.65631,1.65644,1.65622,1.65633]]
[2026-03-23T20:52:20.895Z] Fetching 15m candles for frxEURAUD
[2026-03-23T20:52:20.902Z] DEBUG: getCandles called for symbol: frxEURAUD, timeframe: 15m
[2026-03-23T20:52:20.930Z] Fetching 4H candles for XLMUSDT
[2026-03-23T20:52:20.950Z] Fetching 4H candles for XRPUSDT
[2026-03-23T20:52:20.961Z] Fetching 4H candles for OPUSDT
[2026-03-23T20:52:20.969Z] Fetching 4H candles for ETCUSDT
[2026-03-23T20:52:20.985Z] Fetched 1m candles for frxEURCAD. Sample: [[1774293180000,1.59516,1.59529,1.59516,1.59523],[1774293240000,1.59523,1.59523,1.59514,1.59514]]
[2026-03-23T20:52:20.999Z] Fetching 15m candles for frxEURCAD
[2026-03-23T20:52:21.026Z] DEBUG: getCandles called for symbol: frxEURCAD, timeframe: 15m
[2026-03-23T20:52:21.084Z] Fetched 1m candles for frxUSDMXN. Sample: [[1774293180000,17.7623,17.7665,17.7622,17.7661],[1774293240000,17.7663,17.7709,17.7662,17.7666]]
[2026-03-23T20:52:21.145Z] Fetching 15m candles for frxUSDMXN
[2026-03-23T20:52:21.202Z] DEBUG: getCandles called for symbol: frxUSDMXN, timeframe: 15m
[2026-03-23T20:52:21.216Z] Fetching 4H candles for BCHUSDT
[2026-03-23T20:52:21.245Z] Fetching 4H candles for BNBUSDT
[2026-03-23T20:52:21.274Z] Fetching 4H candles for DOTUSDT
[2026-03-23T20:52:21.279Z] Fetching 4H candles for SOLUSDT
[2026-03-23T20:52:21.290Z] Fetching 4H candles for ICPUSDT
[2026-03-23T20:52:21.299Z] Fetching 4H candles for UNIUSDT
[2026-03-23T20:52:21.336Z] Fetched 1m candles for frxGBPNOK. Sample: [[1774293180000,13.08916,13.09067,13.08841,13.09023],[1774293240000,13.09018,13.09046,13.0883,13.08996]]
[2026-03-23T20:52:21.376Z] Fetching 15m candles for frxGBPNOK
[2026-03-23T20:52:21.400Z] DEBUG: getCandles called for symbol: frxGBPNOK, timeframe: 15m
[2026-03-23T20:52:21.592Z] Fetched 1m candles for frxEURNZD. Sample: [[1774293180000,1.97916,1.97929,1.9791,1.97925],[1774293240000,1.97924,1.97933,1.97909,1.9791]]
[2026-03-23T20:52:21.695Z] Fetching 15m candles for frxEURNZD
[2026-03-23T20:52:21.736Z] DEBUG: getCandles called for symbol: frxEURNZD, timeframe: 15m
[2026-03-23T20:52:21.750Z] Mapping candle data...
[2026-03-23T20:52:21.774Z] Long-term ATR (4H): 0.0012458585858585837
[2026-03-23T20:52:21.779Z] Calling analyze function...
[2026-03-23T20:52:21.857Z] Analyze function returned: Signal=HOLD, RSI=47.64, EMA=0.3041123664750373, ATR=0.00007256837931818925, Price=0.30407
[2026-03-23T20:52:21.864Z] Trend Direction: 15m=DOWN, 4h=UP
[2026-03-23T20:52:21.880Z] Starting multi-timeframe confirmation...
[2026-03-23T20:52:21.889Z] Adjusted position size with sentiment: 22.15482103
[2026-03-23T20:52:21.892Z] Type of dailyLossCheck: function
[2026-03-23T20:52:21.900Z] USDT available: 27.69352629
[2026-03-23T20:52:21.959Z] Calculated position size (USDT): 22.15482103
[2026-03-23T20:52:22.007Z] Last price: 0.30407
[2026-03-23T20:52:22.022Z] Calculated quantity: 72.86092358
[2026-03-23T20:52:22.121Z] No trade executed for TRXUSDT due to signal: HOLD
[2026-03-23T20:52:22.185Z] Fetching 4H candles for ADAUSDT
[2026-03-23T20:52:22.220Z] Mapping candle data...
[2026-03-23T20:52:22.272Z] Long-term ATR (4H): 0.07482828282828288
[2026-03-23T20:52:22.278Z] Calling analyze function...
[2026-03-23T20:52:22.390Z] Analyze function returned: Signal=HOLD, RSI=50.55, EMA=9.159957596952868, ATR=0.005198133419359887, Price=9.159
[2026-03-23T20:52:22.419Z] Trend Direction: 15m=UP, 4h=DOWN
[2026-03-23T20:52:22.473Z] Starting multi-timeframe confirmation...
[2026-03-23T20:52:22.519Z] Adjusted position size with sentiment: 22.15482103
[2026-03-23T20:52:22.553Z] Type of dailyLossCheck: function
[2026-03-23T20:52:22.564Z] USDT available: 27.69352629
[2026-03-23T20:52:22.604Z] Calculated position size (USDT): 22.15482103
[2026-03-23T20:52:22.636Z] Last price: 9.159
[2026-03-23T20:52:22.655Z] Calculated quantity: 2.41891266
[2026-03-23T20:52:22.673Z] No trade executed for LINKUSDT due to signal: HOLD
[2026-03-23T20:52:22.692Z] Mapping candle data...
[2026-03-23T20:52:22.707Z] Long-term ATR (4H): 18.832424242424256
[2026-03-23T20:52:22.731Z] Calling analyze function...
[2026-03-23T20:52:22.806Z] Analyze function returned: Signal=HOLD, RSI=51.37, EMA=2161.0165676611664, ATR=1.1991213156359548, Price=2160.95
[2026-03-23T20:52:22.817Z] Trend Direction: 15m=UP, 4h=DOWN
[2026-03-23T20:52:22.850Z] Starting multi-timeframe confirmation...
[2026-03-23T20:52:22.868Z] Adjusted position size with sentiment: 22.15482103
[2026-03-23T20:52:22.887Z] Type of dailyLossCheck: function
[2026-03-23T20:52:22.901Z] USDT available: 27.69352629
[2026-03-23T20:52:22.937Z] Calculated position size (USDT): 22.15482103
[2026-03-23T20:52:22.948Z] Last price: 2160.95
[2026-03-23T20:52:22.955Z] Calculated quantity: 0.01025235
[2026-03-23T20:52:22.968Z] No trade executed for ETHUSDT due to signal: HOLD
[2026-03-23T20:52:22.989Z] Mapping candle data...
[2026-03-23T20:52:23.002Z] Long-term ATR (4H): 466.3141414141412
[2026-03-23T20:52:23.064Z] Calling analyze function...
[2026-03-23T20:52:23.106Z] Analyze function returned: Signal=HOLD, RSI=57.45, EMA=70859.86424914724, ATR=30.067703789544918, Price=70884
[2026-03-23T20:52:23.119Z] Trend Direction: 15m=UP, 4h=DOWN
[2026-03-23T20:52:23.169Z] Starting multi-timeframe confirmation...
[2026-03-23T20:52:23.199Z] Adjusted position size with sentiment: 22.15482103
[2026-03-23T20:52:23.221Z] Type of dailyLossCheck: function
[2026-03-23T20:52:23.236Z] USDT available: 27.69352629
[2026-03-23T20:52:23.251Z] Calculated position size (USDT): 22.15482103
[2026-03-23T20:52:23.256Z] Last price: 70884
[2026-03-23T20:52:23.284Z] Calculated quantity: 0.00031255
[2026-03-23T20:52:23.300Z] No trade executed for BTCUSDT due to signal: HOLD
[2026-03-23T20:52:23.348Z] Mapping candle data...
